{
  "solver_status": 2,
  "feasible": true,
  "mb_formulation_version": 6,
  "runtime": 26.69387197494507,
  "wall_time": 26.693928003311157,
  "mip_gap": 0.00971812624908006,
  "objective": 1.3497639028584345,
  "revenue_in_sample": 1.3459058280555964,
  "model_num_vars": 6281,
  "model_num_binvars": 1550,
  "model_num_constrs": 10471,
  "bundle_space_size": 32,
  "subadditivity_mode": "full_partition",
  "policy_scope": "full_bundle_prices",
  "bundle_prices": {
    "1": 1.8907274433823271,
    "3": 3.4856073581709515,
    "4": 1.6427548680396582,
    "7": 4.799474596443841,
    "8": 1.5150134283044299,
    "12": 2.800285388538278,
    "16": 1.5968541481064784,
    "18": 3.4727490176974483,
    "19": 4.9437447171398405,
    "21": 4.703333450567977,
    "22": 4.398437486432536,
    "24": 2.736137499232888,
    "25": 4.215903303254917,
    "26": 4.711604117682274,
    "27": 5.312920494050503,
    "28": 4.235885775901636,
    "29": 4.9708932286698655,
    "30": 5.378621114209562,
    "31": 6.274684739447893
  },
  "bundle_prices_full": {
    "0": 0.0,
    "1": 1.8907274433823271,
    "2": 4.422710911036763,
    "3": 3.4856073581709515,
    "4": 1.6427548680396582,
    "5": 3.4597427010616575,
    "6": 4.935707979087727,
    "7": 4.799474596443841,
    "8": 1.5150134283044299,
    "9": 3.405740871686758,
    "10": 5.830551880515706,
    "11": 4.915659248571082,
    "12": 2.800285388538278,
    "13": 4.632651597565318,
    "14": 4.874521309100981,
    "15": 5.7642081311859155,
    "16": 1.5968541481064784,
    "17": 3.4875815914888055,
    "18": 3.4727490176974483,
    "19": 4.9437447171398405,
    "20": 3.0425943432075018,
    "21": 4.703333450567977,
    "22": 4.398437486432536,
    "23": 5.805533744832097,
    "24": 2.736137499232888,
    "25": 4.215903303254917,
    "26": 4.711604117682274,
    "27": 5.312920494050503,
    "28": 4.235885775901636,
    "29": 4.9708932286698655,
    "30": 5.378621114209562,
    "31": 6.274684739447893
  },
  "bundle_prices_selected": {
    "1": 1.8907274433823271,
    "3": 3.4856073581709515,
    "4": 1.6427548680396582,
    "7": 4.799474596443841,
    "8": 1.5150134283044299,
    "12": 2.800285388538278,
    "16": 1.5968541481064784,
    "18": 3.4727490176974483,
    "19": 4.9437447171398405,
    "21": 4.703333450567977,
    "22": 4.398437486432536,
    "24": 2.736137499232888,
    "25": 4.215903303254917,
    "26": 4.711604117682274,
    "27": 5.312920494050503,
    "28": 4.235885775901636,
    "29": 4.9708932286698655,
    "30": 5.378621114209562,
    "31": 6.274684739447893
  },
  "chosen_bundle_idx_by_customer": [
    19,
    8,
    0,
    30,
    29,
    29,
    8,
    0,
    8,
    24,
    0,
    29,
    30,
    0,
    30,
    0,
    16,
    0,
    8,
    21,
    12,
    25,
    29,
    12,
    4,
    16,
    22,
    0,
    0,
    27,
    3,
    26,
    27,
    28,
    7,
    8,
    12,
    16,
    12,
    30,
    18,
    31,
    31,
    1,
    0,
    0,
    29,
    25,
    0,
    0
  ],
  "chosen_product_matrix": [
    [
      1,
      0,
      0,
      1,
      1
    ],
    [
      0,
      1,
      0,
      0,
      0
    ],
    [
      0,
      0,
      0,
      0,
      0
    ],
    [
      1,
      1,
      1,
      1,
      0
    ],
    [
      1,
      1,
      1,
      0,
      1
    ],
    [
      1,
      1,
      1,
      0,
      1
    ],
    [
      0,
      1,
      0,
      0,
      0
    ],
    [
      0,
      0,
      0,
      0,
      0
    ],
    [
      0,
      1,
      0,
      0,
      0
    ],
    [
      1,
      1,
      0,
      0,
      0
    ],
    [
      0,
      0,
      0,
      0,
      0
    ],
    [
      1,
      1,
      1,
      0,
      1
    ],
    [
      1,
      1,
      1,
      1,
      0
    ],
    [
      0,
      0,
      0,
      0,
      0
    ],
    [
      1,
      1,
      1,
      1,
      0
    ],
    [
      0,
      0,
      0,
      0,
      0
    ],
    [
      1,
      0,
      0,
      0,
      0
    ],
    [
      0,
      0,
      0,
      0,
      0
    ],
    [
      0,
      1,
      0,
      0,
      0
    ],
    [
      1,
      0,
      1,
      0,
      1
    ],
    [
      0,
      1,
      1,
      0,
      0
    ],
    [
      1,
      1,
      0,
      0,
      1
    ],
    [
      1,
      1,
      1,
      0,
      1
    ],
    [
      0,
      1,
      1,
      0,
      0
    ],
    [
      0,
      0,
      1,
      0,
      0
    ],
    [
      1,
      0,
      0,
      0,
      0
    ],
    [
      1,
      0,
      1,
      1,
      0
    ],
    [
      0,
      0,
      0,
      0,
      0
    ],
    [
      0,
      0,
      0,
      0,
      0
    ],
    [
      1,
      1,
      0,
      1,
      1
    ],
    [
      0,
      0,
      0,
      1,
      1
    ],
    [
      1,
      1,
      0,
      1,
      0
    ],
    [
      1,
      1,
      0,
      1,
      1
    ],
    [
      1,
      1,
      1,
      0,
      0
    ],
    [
      0,
      0,
      1,
      1,
      1
    ],
    [
      0,
      1,
      0,
      0,
      0
    ],
    [
      0,
      1,
      1,
      0,
      0
    ],
    [
      1,
      0,
      0,
      0,
      0
    ],
    [
      0,
      1,
      1,
      0,
      0
    ],
    [
      1,
      1,
      1,
      1,
      0
    ],
    [
      1,
      0,
      0,
      1,
      0
    ],
    [
      1,
      1,
      1,
      1,
      1
    ],
    [
      1,
      1,
      1,
      1,
      1
    ],
    [
      0,
      0,
      0,
      0,
      1
    ],
    [
      0,
      0,
      0,
      0,
      0
    ],
    [
      0,
      0,
      0,
      0,
      0
    ],
    [
      1,
      1,
      1,
      0,
      1
    ],
    [
      1,
      1,
      0,
      0,
      1
    ],
    [
      0,
      0,
      0,
      0,
      0
    ],
    [
      0,
      0,
      0,
      0,
      0
    ]
  ],
  "assortments": [
    [
      0,
      0,
      0,
      0,
      0
    ],
    [
      0,
      0,
      0,
      0,
      1
    ],
    [
      0,
      0,
      0,
      1,
      0
    ],
    [
      0,
      0,
      0,
      1,
      1
    ],
    [
      0,
      0,
      1,
      0,
      0
    ],
    [
      0,
      0,
      1,
      0,
      1
    ],
    [
      0,
      0,
      1,
      1,
      0
    ],
    [
      0,
      0,
      1,
      1,
      1
    ],
    [
      0,
      1,
      0,
      0,
      0
    ],
    [
      0,
      1,
      0,
      0,
      1
    ],
    [
      0,
      1,
      0,
      1,
      0
    ],
    [
      0,
      1,
      0,
      1,
      1
    ],
    [
      0,
      1,
      1,
      0,
      0
    ],
    [
      0,
      1,
      1,
      0,
      1
    ],
    [
      0,
      1,
      1,
      1,
      0
    ],
    [
      0,
      1,
      1,
      1,
      1
    ],
    [
      1,
      0,
      0,
      0,
      0
    ],
    [
      1,
      0,
      0,
      0,
      1
    ],
    [
      1,
      0,
      0,
      1,
      0
    ],
    [
      1,
      0,
      0,
      1,
      1
    ],
    [
      1,
      0,
      1,
      0,
      0
    ],
    [
      1,
      0,
      1,
      0,
      1
    ],
    [
      1,
      0,
      1,
      1,
      0
    ],
    [
      1,
      0,
      1,
      1,
      1
    ],
    [
      1,
      1,
      0,
      0,
      0
    ],
    [
      1,
      1,
      0,
      0,
      1
    ],
    [
      1,
      1,
      0,
      1,
      0
    ],
    [
      1,
      1,
      0,
      1,
      1
    ],
    [
      1,
      1,
      1,
      0,
      0
    ],
    [
      1,
      1,
      1,
      0,
      1
    ],
    [
      1,
      1,
      1,
      1,
      0
    ],
    [
      1,
      1,
      1,
      1,
      1
    ]
  ]
}