{
  "solver_status": 2,
  "feasible": true,
  "mb_formulation_version": 6,
  "runtime": 105.3358302116394,
  "wall_time": 105.33587098121643,
  "mip_gap": 0.009014132328623992,
  "objective": 1.7474168832015593,
  "revenue_in_sample": 1.7474168832015087,
  "model_num_vars": 6281,
  "model_num_binvars": 1550,
  "model_num_constrs": 10471,
  "bundle_space_size": 32,
  "subadditivity_mode": "full_partition",
  "policy_scope": "full_bundle_prices",
  "bundle_prices": {
    "2": 8.700530425908784,
    "6": 13.571509395887187,
    "7": 23.365501166471216,
    "9": 14.474870814505135,
    "10": 11.774161562484437,
    "11": 21.372501628537567,
    "13": 19.515806056660736,
    "14": 17.037930863445773,
    "15": 26.8670721469042,
    "16": 1.9667790971939616,
    "18": 10.102500284891793,
    "19": 19.646373938176087,
    "20": 7.765301720072484,
    "21": 17.683517847776958,
    "22": 15.042391106296199,
    "23": 24.58844543172846,
    "26": 13.28866709348199,
    "27": 22.490982217549423,
    "29": 20.698355431651898,
    "30": 18.288544860362684,
    "31": 27.748522509454993
  },
  "bundle_prices_full": {
    "0": 0.0,
    "1": 29.317303707438043,
    "2": 8.700530425908784,
    "3": 18.07459033781903,
    "4": 21.117149027745548,
    "5": 16.682874641723878,
    "6": 13.571509395887187,
    "7": 23.365501166471216,
    "8": 29.317303707438057,
    "9": 14.474870814505135,
    "10": 11.774161562484437,
    "11": 21.372501628537567,
    "12": 29.317303707438057,
    "13": 19.515806056660736,
    "14": 17.037930863445773,
    "15": 26.8670721469042,
    "16": 1.9667790971939616,
    "17": 12.534156956106047,
    "18": 10.102500284891793,
    "19": 19.646373938176087,
    "20": 7.765301720072484,
    "21": 17.683517847776958,
    "22": 15.042391106296199,
    "23": 24.58844543172846,
    "24": 6.674599427842077,
    "25": 16.441649911699095,
    "26": 13.28866709348199,
    "27": 22.490982217549423,
    "28": 11.747031803465127,
    "29": 20.698355431651898,
    "30": 18.288544860362684,
    "31": 27.748522509454993
  },
  "bundle_prices_selected": {
    "2": 8.700530425908784,
    "6": 13.571509395887187,
    "7": 23.365501166471216,
    "9": 14.474870814505135,
    "10": 11.774161562484437,
    "11": 21.372501628537567,
    "13": 19.515806056660736,
    "14": 17.037930863445773,
    "15": 26.8670721469042,
    "16": 1.9667790971939616,
    "18": 10.102500284891793,
    "19": 19.646373938176087,
    "20": 7.765301720072484,
    "21": 17.683517847776958,
    "22": 15.042391106296199,
    "23": 24.58844543172846,
    "26": 13.28866709348199,
    "27": 22.490982217549423,
    "29": 20.698355431651898,
    "30": 18.288544860362684,
    "31": 27.748522509454993
  },
  "chosen_bundle_idx_by_customer": [
    10,
    14,
    13,
    11,
    13,
    27,
    23,
    7,
    23,
    11,
    15,
    29,
    10,
    6,
    6,
    31,
    11,
    22,
    14,
    23,
    11,
    18,
    31,
    14,
    0,
    19,
    11,
    21,
    23,
    31,
    26,
    31,
    13,
    0,
    16,
    7,
    31,
    0,
    13,
    10,
    2,
    11,
    21,
    9,
    0,
    30,
    11,
    20,
    6,
    11
  ],
  "chosen_product_matrix": [
    [
      0,
      1,
      0,
      1,
      0
    ],
    [
      0,
      1,
      1,
      1,
      0
    ],
    [
      0,
      1,
      1,
      0,
      1
    ],
    [
      0,
      1,
      0,
      1,
      1
    ],
    [
      0,
      1,
      1,
      0,
      1
    ],
    [
      1,
      1,
      0,
      1,
      1
    ],
    [
      1,
      0,
      1,
      1,
      1
    ],
    [
      0,
      0,
      1,
      1,
      1
    ],
    [
      1,
      0,
      1,
      1,
      1
    ],
    [
      0,
      1,
      0,
      1,
      1
    ],
    [
      0,
      1,
      1,
      1,
      1
    ],
    [
      1,
      1,
      1,
      0,
      1
    ],
    [
      0,
      1,
      0,
      1,
      0
    ],
    [
      0,
      0,
      1,
      1,
      0
    ],
    [
      0,
      0,
      1,
      1,
      0
    ],
    [
      1,
      1,
      1,
      1,
      1
    ],
    [
      0,
      1,
      0,
      1,
      1
    ],
    [
      1,
      0,
      1,
      1,
      0
    ],
    [
      0,
      1,
      1,
      1,
      0
    ],
    [
      1,
      0,
      1,
      1,
      1
    ],
    [
      0,
      1,
      0,
      1,
      1
    ],
    [
      1,
      0,
      0,
      1,
      0
    ],
    [
      1,
      1,
      1,
      1,
      1
    ],
    [
      0,
      1,
      1,
      1,
      0
    ],
    [
      0,
      0,
      0,
      0,
      0
    ],
    [
      1,
      0,
      0,
      1,
      1
    ],
    [
      0,
      1,
      0,
      1,
      1
    ],
    [
      1,
      0,
      1,
      0,
      1
    ],
    [
      1,
      0,
      1,
      1,
      1
    ],
    [
      1,
      1,
      1,
      1,
      1
    ],
    [
      1,
      1,
      0,
      1,
      0
    ],
    [
      1,
      1,
      1,
      1,
      1
    ],
    [
      0,
      1,
      1,
      0,
      1
    ],
    [
      0,
      0,
      0,
      0,
      0
    ],
    [
      1,
      0,
      0,
      0,
      0
    ],
    [
      0,
      0,
      1,
      1,
      1
    ],
    [
      1,
      1,
      1,
      1,
      1
    ],
    [
      0,
      0,
      0,
      0,
      0
    ],
    [
      0,
      1,
      1,
      0,
      1
    ],
    [
      0,
      1,
      0,
      1,
      0
    ],
    [
      0,
      0,
      0,
      1,
      0
    ],
    [
      0,
      1,
      0,
      1,
      1
    ],
    [
      1,
      0,
      1,
      0,
      1
    ],
    [
      0,
      1,
      0,
      0,
      1
    ],
    [
      0,
      0,
      0,
      0,
      0
    ],
    [
      1,
      1,
      1,
      1,
      0
    ],
    [
      0,
      1,
      0,
      1,
      1
    ],
    [
      1,
      0,
      1,
      0,
      0
    ],
    [
      0,
      0,
      1,
      1,
      0
    ],
    [
      0,
      1,
      0,
      1,
      1
    ]
  ],
  "assortments": [
    [
      0,
      0,
      0,
      0,
      0
    ],
    [
      0,
      0,
      0,
      0,
      1
    ],
    [
      0,
      0,
      0,
      1,
      0
    ],
    [
      0,
      0,
      0,
      1,
      1
    ],
    [
      0,
      0,
      1,
      0,
      0
    ],
    [
      0,
      0,
      1,
      0,
      1
    ],
    [
      0,
      0,
      1,
      1,
      0
    ],
    [
      0,
      0,
      1,
      1,
      1
    ],
    [
      0,
      1,
      0,
      0,
      0
    ],
    [
      0,
      1,
      0,
      0,
      1
    ],
    [
      0,
      1,
      0,
      1,
      0
    ],
    [
      0,
      1,
      0,
      1,
      1
    ],
    [
      0,
      1,
      1,
      0,
      0
    ],
    [
      0,
      1,
      1,
      0,
      1
    ],
    [
      0,
      1,
      1,
      1,
      0
    ],
    [
      0,
      1,
      1,
      1,
      1
    ],
    [
      1,
      0,
      0,
      0,
      0
    ],
    [
      1,
      0,
      0,
      0,
      1
    ],
    [
      1,
      0,
      0,
      1,
      0
    ],
    [
      1,
      0,
      0,
      1,
      1
    ],
    [
      1,
      0,
      1,
      0,
      0
    ],
    [
      1,
      0,
      1,
      0,
      1
    ],
    [
      1,
      0,
      1,
      1,
      0
    ],
    [
      1,
      0,
      1,
      1,
      1
    ],
    [
      1,
      1,
      0,
      0,
      0
    ],
    [
      1,
      1,
      0,
      0,
      1
    ],
    [
      1,
      1,
      0,
      1,
      0
    ],
    [
      1,
      1,
      0,
      1,
      1
    ],
    [
      1,
      1,
      1,
      0,
      0
    ],
    [
      1,
      1,
      1,
      0,
      1
    ],
    [
      1,
      1,
      1,
      1,
      0
    ],
    [
      1,
      1,
      1,
      1,
      1
    ]
  ]
}