{
  "solver_status": 2,
  "feasible": true,
  "mb_formulation_version": 6,
  "runtime": 18.014145851135254,
  "wall_time": 18.01418900489807,
  "mip_gap": 0.009797686819700429,
  "objective": 1.1888673539875338,
  "revenue_in_sample": 1.1888673539875563,
  "model_num_vars": 6281,
  "model_num_binvars": 1550,
  "model_num_constrs": 10471,
  "bundle_space_size": 32,
  "subadditivity_mode": "full_partition",
  "policy_scope": "full_bundle_prices",
  "bundle_prices": {
    "2": 1.4595068685038952,
    "20": 2.105793893576637,
    "21": 3.845247771252885,
    "24": 1.7821699867463816,
    "26": 3.1955359086405046,
    "28": 2.5715840971040773,
    "29": 4.640602084307033,
    "30": 4.029168803802794
  },
  "bundle_prices_full": {
    "0": 0.0,
    "1": 5.321262101884682,
    "2": 1.4595068685038952,
    "3": 6.007944610234859,
    "4": 6.00794461023486,
    "5": 6.007944610234857,
    "6": 6.007944610234857,
    "7": 6.007944610234859,
    "8": 4.411229474252052,
    "9": 6.00794461023486,
    "10": 2.7677119312878213,
    "11": 6.0079446102348575,
    "12": 6.007944610234857,
    "13": 6.00794461023486,
    "14": 6.00794461023486,
    "15": 6.007944610234857,
    "16": 4.403615832670401,
    "17": 6.00794461023486,
    "18": 2.6072632508825997,
    "19": 6.007944610234859,
    "20": 2.105793893576637,
    "21": 3.845247771252885,
    "22": 3.2903149785136216,
    "23": 4.5861619537874265,
    "24": 1.7821699867463816,
    "25": 6.007944610234857,
    "26": 3.1955359086405046,
    "27": 4.3474677056067845,
    "28": 2.5715840971040773,
    "29": 4.640602084307033,
    "30": 4.029168803802794,
    "31": 5.381516266840882
  },
  "bundle_prices_selected": {
    "2": 1.4595068685038952,
    "20": 2.105793893576637,
    "21": 3.845247771252885,
    "24": 1.7821699867463816,
    "26": 3.1955359086405046,
    "28": 2.5715840971040773,
    "29": 4.640602084307033,
    "30": 4.029168803802794
  },
  "chosen_bundle_idx_by_customer": [
    28,
    28,
    28,
    24,
    28,
    28,
    28,
    28,
    26,
    28,
    20,
    28,
    28,
    24,
    28,
    30,
    29,
    28,
    26,
    28,
    28,
    28,
    28,
    28,
    26,
    24,
    26,
    28,
    26,
    24,
    24,
    28,
    28,
    26,
    28,
    28,
    28,
    28,
    24,
    28,
    28,
    2,
    28,
    28,
    28,
    21,
    28,
    28,
    24,
    26
  ],
  "chosen_product_matrix": [
    [
      1,
      1,
      1,
      0,
      0
    ],
    [
      1,
      1,
      1,
      0,
      0
    ],
    [
      1,
      1,
      1,
      0,
      0
    ],
    [
      1,
      1,
      0,
      0,
      0
    ],
    [
      1,
      1,
      1,
      0,
      0
    ],
    [
      1,
      1,
      1,
      0,
      0
    ],
    [
      1,
      1,
      1,
      0,
      0
    ],
    [
      1,
      1,
      1,
      0,
      0
    ],
    [
      1,
      1,
      0,
      1,
      0
    ],
    [
      1,
      1,
      1,
      0,
      0
    ],
    [
      1,
      0,
      1,
      0,
      0
    ],
    [
      1,
      1,
      1,
      0,
      0
    ],
    [
      1,
      1,
      1,
      0,
      0
    ],
    [
      1,
      1,
      0,
      0,
      0
    ],
    [
      1,
      1,
      1,
      0,
      0
    ],
    [
      1,
      1,
      1,
      1,
      0
    ],
    [
      1,
      1,
      1,
      0,
      1
    ],
    [
      1,
      1,
      1,
      0,
      0
    ],
    [
      1,
      1,
      0,
      1,
      0
    ],
    [
      1,
      1,
      1,
      0,
      0
    ],
    [
      1,
      1,
      1,
      0,
      0
    ],
    [
      1,
      1,
      1,
      0,
      0
    ],
    [
      1,
      1,
      1,
      0,
      0
    ],
    [
      1,
      1,
      1,
      0,
      0
    ],
    [
      1,
      1,
      0,
      1,
      0
    ],
    [
      1,
      1,
      0,
      0,
      0
    ],
    [
      1,
      1,
      0,
      1,
      0
    ],
    [
      1,
      1,
      1,
      0,
      0
    ],
    [
      1,
      1,
      0,
      1,
      0
    ],
    [
      1,
      1,
      0,
      0,
      0
    ],
    [
      1,
      1,
      0,
      0,
      0
    ],
    [
      1,
      1,
      1,
      0,
      0
    ],
    [
      1,
      1,
      1,
      0,
      0
    ],
    [
      1,
      1,
      0,
      1,
      0
    ],
    [
      1,
      1,
      1,
      0,
      0
    ],
    [
      1,
      1,
      1,
      0,
      0
    ],
    [
      1,
      1,
      1,
      0,
      0
    ],
    [
      1,
      1,
      1,
      0,
      0
    ],
    [
      1,
      1,
      0,
      0,
      0
    ],
    [
      1,
      1,
      1,
      0,
      0
    ],
    [
      1,
      1,
      1,
      0,
      0
    ],
    [
      0,
      0,
      0,
      1,
      0
    ],
    [
      1,
      1,
      1,
      0,
      0
    ],
    [
      1,
      1,
      1,
      0,
      0
    ],
    [
      1,
      1,
      1,
      0,
      0
    ],
    [
      1,
      0,
      1,
      0,
      1
    ],
    [
      1,
      1,
      1,
      0,
      0
    ],
    [
      1,
      1,
      1,
      0,
      0
    ],
    [
      1,
      1,
      0,
      0,
      0
    ],
    [
      1,
      1,
      0,
      1,
      0
    ]
  ],
  "assortments": [
    [
      0,
      0,
      0,
      0,
      0
    ],
    [
      0,
      0,
      0,
      0,
      1
    ],
    [
      0,
      0,
      0,
      1,
      0
    ],
    [
      0,
      0,
      0,
      1,
      1
    ],
    [
      0,
      0,
      1,
      0,
      0
    ],
    [
      0,
      0,
      1,
      0,
      1
    ],
    [
      0,
      0,
      1,
      1,
      0
    ],
    [
      0,
      0,
      1,
      1,
      1
    ],
    [
      0,
      1,
      0,
      0,
      0
    ],
    [
      0,
      1,
      0,
      0,
      1
    ],
    [
      0,
      1,
      0,
      1,
      0
    ],
    [
      0,
      1,
      0,
      1,
      1
    ],
    [
      0,
      1,
      1,
      0,
      0
    ],
    [
      0,
      1,
      1,
      0,
      1
    ],
    [
      0,
      1,
      1,
      1,
      0
    ],
    [
      0,
      1,
      1,
      1,
      1
    ],
    [
      1,
      0,
      0,
      0,
      0
    ],
    [
      1,
      0,
      0,
      0,
      1
    ],
    [
      1,
      0,
      0,
      1,
      0
    ],
    [
      1,
      0,
      0,
      1,
      1
    ],
    [
      1,
      0,
      1,
      0,
      0
    ],
    [
      1,
      0,
      1,
      0,
      1
    ],
    [
      1,
      0,
      1,
      1,
      0
    ],
    [
      1,
      0,
      1,
      1,
      1
    ],
    [
      1,
      1,
      0,
      0,
      0
    ],
    [
      1,
      1,
      0,
      0,
      1
    ],
    [
      1,
      1,
      0,
      1,
      0
    ],
    [
      1,
      1,
      0,
      1,
      1
    ],
    [
      1,
      1,
      1,
      0,
      0
    ],
    [
      1,
      1,
      1,
      0,
      1
    ],
    [
      1,
      1,
      1,
      1,
      0
    ],
    [
      1,
      1,
      1,
      1,
      1
    ]
  ]
}