param,mean_cv_revenue,mean_out_revenue
0.0,1.6100055901924726,1.1598449536086564
0.05,1.4402619202135614,1.1471294360642377
0.1,1.3789398862920248,1.1330645608262075
0.2,1.2830322376360648,1.0984582795247624
0.3,1.1904545235752744,1.052510893494537
