Dataset,Samples,Revenue Ratio,Absolute Time (s),Time Ratio
m10_n10,100,0.993569,0.2924,0.053338
m20_n10,100,0.988435,1.9964,0.068526
m30_n10,100,0.982252,8.5855,0.110249
BSP_m10n15,100,1.121916,0.564,4.399309
BSP_m10n20,100,1.087174,0.6535,5.65496
BSP_m10n25,100,1.053245,0.6555,3.411808
BSP_m15n15,100,1.119625,1.5755,7.861364
BSP_m20n15,100,1.140867,4.2721,11.642609
