Strategy,N,Bundle Space Size,Total Variables,Total Constraints,NumNZs,Subadditivity Constraints,Model Build Time (s)
MILP,150,1024.0,82964.0,135903.66666666666,1361884.3333333333,32977.0,9.040201155344645
FCP,150,19.180000000000003,1822.9133333333332,4941.513333333333,36667.206666666665,2205.1800000000003,0.2163059727350871
PCP,150,113.21999999999998,10491.086666666668,118027.60666666667,484003.9133333334,104553.60666666667,2.5611044470469158
