Strategy,Bundle Space Size,Total Variables,Total Constraints,NumNZs,Subadditivity Constraints,Model Build Time (s)
MILP,1024,41994,84307,457341,32977,3.0306708812713623
FCP,10,420,761,4033,141,0.21217918395996094
PCP,61,2511,10390,42936,7210,0.25402069091796875
