{
  "solver_status": 2,
  "feasible": true,
  "mb_formulation_version": 5,
  "runtime": 197.00293898582458,
  "wall_time": 197.00476908683777,
  "mip_gap": 0.009665286441343478,
  "objective": 1.563782313005079,
  "bundle_space_size": 32,
  "policy_scope": "full_bundle_prices",
  "bundle_prices": {
    "0": 0.0,
    "3": 17.992750599068376,
    "4": 5.95279849236595,
    "6": 14.359785582239002,
    "7": 23.815409106903346,
    "10": 12.055877959844505,
    "11": 21.760395175603694,
    "13": 19.98373385455345,
    "15": 27.31243197919286,
    "16": 1.4987213147802236,
    "17": 11.572053946342836,
    "19": 19.15199037070544,
    "20": 7.183960461160233,
    "21": 17.524852438708784,
    "22": 15.39667660158625,
    "23": 24.779259042051983,
    "25": 15.451959132250726,
    "27": 22.83185570312266,
    "29": 21.086754845920314,
    "30": 18.773943822913925,
    "31": 28.086948356656464
  },
  "bundle_prices_full": {
    "0": 0.0,
    "1": 29.54158559566024,
    "2": 29.54158559566024,
    "3": 17.992750599068376,
    "4": 5.95279849236595,
    "5": 29.54158559566024,
    "6": 14.359785582239002,
    "7": 23.815409106903346,
    "8": 29.54158559566024,
    "9": 29.54158559566024,
    "10": 12.055877959844505,
    "11": 21.760395175603694,
    "12": 29.54158559566024,
    "13": 19.98373385455345,
    "14": 18.008676452210455,
    "15": 27.31243197919286,
    "16": 1.4987213147802236,
    "17": 11.572053946342836,
    "18": 29.54158559566024,
    "19": 19.15199037070544,
    "20": 7.183960461160233,
    "21": 17.524852438708784,
    "22": 15.39667660158625,
    "23": 24.779259042051983,
    "24": 29.54158559566024,
    "25": 15.451959132250726,
    "26": 13.554599274624728,
    "27": 22.83185570312266,
    "28": 29.54158559566024,
    "29": 21.086754845920314,
    "30": 18.773943822913925,
    "31": 28.086948356656464
  },
  "bundle_prices_selected": {
    "0": 0.0,
    "3": 17.992750599068376,
    "4": 5.95279849236595,
    "6": 14.359785582239002,
    "7": 23.815409106903346,
    "10": 12.055877959844505,
    "11": 21.760395175603694,
    "13": 19.98373385455345,
    "15": 27.31243197919286,
    "16": 1.4987213147802236,
    "17": 11.572053946342836,
    "19": 19.15199037070544,
    "20": 7.183960461160233,
    "21": 17.524852438708784,
    "22": 15.39667660158625,
    "23": 24.779259042051983,
    "25": 15.451959132250726,
    "27": 22.83185570312266,
    "29": 21.086754845920314,
    "30": 18.773943822913925,
    "31": 28.086948356656464
  },
  "chosen_bundle_idx_by_customer": [
    31,
    31,
    21,
    0,
    3,
    23,
    19,
    0,
    4,
    23,
    0,
    25,
    0,
    6,
    19,
    3,
    0,
    27,
    22,
    3,
    15,
    0,
    11,
    29,
    7,
    0,
    0,
    31,
    31,
    13,
    4,
    31,
    30,
    31,
    15,
    17,
    0,
    0,
    11,
    3,
    17,
    3,
    4,
    16,
    10,
    7,
    20,
    22,
    7,
    19
  ],
  "chosen_product_matrix": [
    [
      1,
      1,
      1,
      1,
      1
    ],
    [
      1,
      1,
      1,
      1,
      1
    ],
    [
      1,
      0,
      1,
      0,
      1
    ],
    [
      0,
      0,
      0,
      0,
      0
    ],
    [
      0,
      0,
      0,
      1,
      1
    ],
    [
      1,
      0,
      1,
      1,
      1
    ],
    [
      1,
      0,
      0,
      1,
      1
    ],
    [
      0,
      0,
      0,
      0,
      0
    ],
    [
      0,
      0,
      1,
      0,
      0
    ],
    [
      1,
      0,
      1,
      1,
      1
    ],
    [
      0,
      0,
      0,
      0,
      0
    ],
    [
      1,
      1,
      0,
      0,
      1
    ],
    [
      0,
      0,
      0,
      0,
      0
    ],
    [
      0,
      0,
      1,
      1,
      0
    ],
    [
      1,
      0,
      0,
      1,
      1
    ],
    [
      0,
      0,
      0,
      1,
      1
    ],
    [
      0,
      0,
      0,
      0,
      0
    ],
    [
      1,
      1,
      0,
      1,
      1
    ],
    [
      1,
      0,
      1,
      1,
      0
    ],
    [
      0,
      0,
      0,
      1,
      1
    ],
    [
      0,
      1,
      1,
      1,
      1
    ],
    [
      0,
      0,
      0,
      0,
      0
    ],
    [
      0,
      1,
      0,
      1,
      1
    ],
    [
      1,
      1,
      1,
      0,
      1
    ],
    [
      0,
      0,
      1,
      1,
      1
    ],
    [
      0,
      0,
      0,
      0,
      0
    ],
    [
      0,
      0,
      0,
      0,
      0
    ],
    [
      1,
      1,
      1,
      1,
      1
    ],
    [
      1,
      1,
      1,
      1,
      1
    ],
    [
      0,
      1,
      1,
      0,
      1
    ],
    [
      0,
      0,
      1,
      0,
      0
    ],
    [
      1,
      1,
      1,
      1,
      1
    ],
    [
      1,
      1,
      1,
      1,
      0
    ],
    [
      1,
      1,
      1,
      1,
      1
    ],
    [
      0,
      1,
      1,
      1,
      1
    ],
    [
      1,
      0,
      0,
      0,
      1
    ],
    [
      0,
      0,
      0,
      0,
      0
    ],
    [
      0,
      0,
      0,
      0,
      0
    ],
    [
      0,
      1,
      0,
      1,
      1
    ],
    [
      0,
      0,
      0,
      1,
      1
    ],
    [
      1,
      0,
      0,
      0,
      1
    ],
    [
      0,
      0,
      0,
      1,
      1
    ],
    [
      0,
      0,
      1,
      0,
      0
    ],
    [
      1,
      0,
      0,
      0,
      0
    ],
    [
      0,
      1,
      0,
      1,
      0
    ],
    [
      0,
      0,
      1,
      1,
      1
    ],
    [
      1,
      0,
      1,
      0,
      0
    ],
    [
      1,
      0,
      1,
      1,
      0
    ],
    [
      0,
      0,
      1,
      1,
      1
    ],
    [
      1,
      0,
      0,
      1,
      1
    ]
  ],
  "assortments": [
    [
      0,
      0,
      0,
      0,
      0
    ],
    [
      0,
      0,
      0,
      0,
      1
    ],
    [
      0,
      0,
      0,
      1,
      0
    ],
    [
      0,
      0,
      0,
      1,
      1
    ],
    [
      0,
      0,
      1,
      0,
      0
    ],
    [
      0,
      0,
      1,
      0,
      1
    ],
    [
      0,
      0,
      1,
      1,
      0
    ],
    [
      0,
      0,
      1,
      1,
      1
    ],
    [
      0,
      1,
      0,
      0,
      0
    ],
    [
      0,
      1,
      0,
      0,
      1
    ],
    [
      0,
      1,
      0,
      1,
      0
    ],
    [
      0,
      1,
      0,
      1,
      1
    ],
    [
      0,
      1,
      1,
      0,
      0
    ],
    [
      0,
      1,
      1,
      0,
      1
    ],
    [
      0,
      1,
      1,
      1,
      0
    ],
    [
      0,
      1,
      1,
      1,
      1
    ],
    [
      1,
      0,
      0,
      0,
      0
    ],
    [
      1,
      0,
      0,
      0,
      1
    ],
    [
      1,
      0,
      0,
      1,
      0
    ],
    [
      1,
      0,
      0,
      1,
      1
    ],
    [
      1,
      0,
      1,
      0,
      0
    ],
    [
      1,
      0,
      1,
      0,
      1
    ],
    [
      1,
      0,
      1,
      1,
      0
    ],
    [
      1,
      0,
      1,
      1,
      1
    ],
    [
      1,
      1,
      0,
      0,
      0
    ],
    [
      1,
      1,
      0,
      0,
      1
    ],
    [
      1,
      1,
      0,
      1,
      0
    ],
    [
      1,
      1,
      0,
      1,
      1
    ],
    [
      1,
      1,
      1,
      0,
      0
    ],
    [
      1,
      1,
      1,
      0,
      1
    ],
    [
      1,
      1,
      1,
      1,
      0
    ],
    [
      1,
      1,
      1,
      1,
      1
    ]
  ]
}