{
  "solver_status": 2,
  "feasible": true,
  "mb_formulation_version": 5,
  "runtime": 51.38959193229675,
  "wall_time": 51.391430139541626,
  "mip_gap": 0.009537277682815905,
  "objective": 1.8071627291015162,
  "bundle_space_size": 32,
  "policy_scope": "full_bundle_prices",
  "bundle_prices": {
    "0": 0.0,
    "1": 10.603668353472106,
    "6": 14.5783328544492,
    "7": 24.36791934595349,
    "11": 21.840332804466616,
    "13": 19.881765174683643,
    "15": 27.08625322670033,
    "19": 19.82592559191516,
    "20": 7.462127042708639,
    "23": 24.67835068765567,
    "24": 5.356361647456782,
    "26": 13.284982360064518,
    "27": 22.892928103802575,
    "29": 21.401763331479717,
    "30": 18.7722044263522,
    "31": 28.070844761112298
  },
  "bundle_prices_full": {
    "0": 0.0,
    "1": 10.603668353472106,
    "2": 29.369273125409542,
    "3": 19.242139870079328,
    "4": 23.449758257082486,
    "5": 29.369273125409528,
    "6": 14.5783328544492,
    "7": 24.36791934595349,
    "8": 29.36927312540954,
    "9": 29.369273125409528,
    "10": 29.369273125409542,
    "11": 21.840332804466616,
    "12": 10.757854964352864,
    "13": 19.881765174683643,
    "14": 27.85929894689676,
    "15": 27.08625322670033,
    "16": 26.63149799557829,
    "17": 13.039590389373446,
    "18": 10.451595543317403,
    "19": 19.82592559191516,
    "20": 7.462127042708639,
    "21": 17.80660356630939,
    "22": 15.254009840421542,
    "23": 24.67835068765567,
    "24": 5.356361647456782,
    "25": 15.960030000928889,
    "26": 13.284982360064518,
    "27": 22.892928103802575,
    "28": 11.078360558296724,
    "29": 21.401763331479717,
    "30": 18.7722044263522,
    "31": 28.070844761112298
  },
  "bundle_prices_selected": {
    "0": 0.0,
    "1": 10.603668353472106,
    "6": 14.5783328544492,
    "7": 24.36791934595349,
    "11": 21.840332804466616,
    "13": 19.881765174683643,
    "15": 27.08625322670033,
    "19": 19.82592559191516,
    "20": 7.462127042708639,
    "23": 24.67835068765567,
    "24": 5.356361647456782,
    "26": 13.284982360064518,
    "27": 22.892928103802575,
    "29": 21.401763331479717,
    "30": 18.7722044263522,
    "31": 28.070844761112298
  },
  "chosen_bundle_idx_by_customer": [
    1,
    0,
    20,
    15,
    23,
    0,
    7,
    0,
    11,
    23,
    23,
    23,
    13,
    11,
    23,
    0,
    15,
    11,
    23,
    27,
    24,
    23,
    0,
    31,
    26,
    19,
    15,
    0,
    29,
    23,
    30,
    0,
    31,
    11,
    13,
    20,
    19,
    15,
    15,
    23,
    15,
    6,
    15,
    23,
    23,
    0,
    31,
    0,
    0,
    31
  ],
  "chosen_product_matrix": [
    [
      0,
      0,
      0,
      0,
      1
    ],
    [
      0,
      0,
      0,
      0,
      0
    ],
    [
      1,
      0,
      1,
      0,
      0
    ],
    [
      0,
      1,
      1,
      1,
      1
    ],
    [
      1,
      0,
      1,
      1,
      1
    ],
    [
      0,
      0,
      0,
      0,
      0
    ],
    [
      0,
      0,
      1,
      1,
      1
    ],
    [
      0,
      0,
      0,
      0,
      0
    ],
    [
      0,
      1,
      0,
      1,
      1
    ],
    [
      1,
      0,
      1,
      1,
      1
    ],
    [
      1,
      0,
      1,
      1,
      1
    ],
    [
      1,
      0,
      1,
      1,
      1
    ],
    [
      0,
      1,
      1,
      0,
      1
    ],
    [
      0,
      1,
      0,
      1,
      1
    ],
    [
      1,
      0,
      1,
      1,
      1
    ],
    [
      0,
      0,
      0,
      0,
      0
    ],
    [
      0,
      1,
      1,
      1,
      1
    ],
    [
      0,
      1,
      0,
      1,
      1
    ],
    [
      1,
      0,
      1,
      1,
      1
    ],
    [
      1,
      1,
      0,
      1,
      1
    ],
    [
      1,
      1,
      0,
      0,
      0
    ],
    [
      1,
      0,
      1,
      1,
      1
    ],
    [
      0,
      0,
      0,
      0,
      0
    ],
    [
      1,
      1,
      1,
      1,
      1
    ],
    [
      1,
      1,
      0,
      1,
      0
    ],
    [
      1,
      0,
      0,
      1,
      1
    ],
    [
      0,
      1,
      1,
      1,
      1
    ],
    [
      0,
      0,
      0,
      0,
      0
    ],
    [
      1,
      1,
      1,
      0,
      1
    ],
    [
      1,
      0,
      1,
      1,
      1
    ],
    [
      1,
      1,
      1,
      1,
      0
    ],
    [
      0,
      0,
      0,
      0,
      0
    ],
    [
      1,
      1,
      1,
      1,
      1
    ],
    [
      0,
      1,
      0,
      1,
      1
    ],
    [
      0,
      1,
      1,
      0,
      1
    ],
    [
      1,
      0,
      1,
      0,
      0
    ],
    [
      1,
      0,
      0,
      1,
      1
    ],
    [
      0,
      1,
      1,
      1,
      1
    ],
    [
      0,
      1,
      1,
      1,
      1
    ],
    [
      1,
      0,
      1,
      1,
      1
    ],
    [
      0,
      1,
      1,
      1,
      1
    ],
    [
      0,
      0,
      1,
      1,
      0
    ],
    [
      0,
      1,
      1,
      1,
      1
    ],
    [
      1,
      0,
      1,
      1,
      1
    ],
    [
      1,
      0,
      1,
      1,
      1
    ],
    [
      0,
      0,
      0,
      0,
      0
    ],
    [
      1,
      1,
      1,
      1,
      1
    ],
    [
      0,
      0,
      0,
      0,
      0
    ],
    [
      0,
      0,
      0,
      0,
      0
    ],
    [
      1,
      1,
      1,
      1,
      1
    ]
  ],
  "assortments": [
    [
      0,
      0,
      0,
      0,
      0
    ],
    [
      0,
      0,
      0,
      0,
      1
    ],
    [
      0,
      0,
      0,
      1,
      0
    ],
    [
      0,
      0,
      0,
      1,
      1
    ],
    [
      0,
      0,
      1,
      0,
      0
    ],
    [
      0,
      0,
      1,
      0,
      1
    ],
    [
      0,
      0,
      1,
      1,
      0
    ],
    [
      0,
      0,
      1,
      1,
      1
    ],
    [
      0,
      1,
      0,
      0,
      0
    ],
    [
      0,
      1,
      0,
      0,
      1
    ],
    [
      0,
      1,
      0,
      1,
      0
    ],
    [
      0,
      1,
      0,
      1,
      1
    ],
    [
      0,
      1,
      1,
      0,
      0
    ],
    [
      0,
      1,
      1,
      0,
      1
    ],
    [
      0,
      1,
      1,
      1,
      0
    ],
    [
      0,
      1,
      1,
      1,
      1
    ],
    [
      1,
      0,
      0,
      0,
      0
    ],
    [
      1,
      0,
      0,
      0,
      1
    ],
    [
      1,
      0,
      0,
      1,
      0
    ],
    [
      1,
      0,
      0,
      1,
      1
    ],
    [
      1,
      0,
      1,
      0,
      0
    ],
    [
      1,
      0,
      1,
      0,
      1
    ],
    [
      1,
      0,
      1,
      1,
      0
    ],
    [
      1,
      0,
      1,
      1,
      1
    ],
    [
      1,
      1,
      0,
      0,
      0
    ],
    [
      1,
      1,
      0,
      0,
      1
    ],
    [
      1,
      1,
      0,
      1,
      0
    ],
    [
      1,
      1,
      0,
      1,
      1
    ],
    [
      1,
      1,
      1,
      0,
      0
    ],
    [
      1,
      1,
      1,
      0,
      1
    ],
    [
      1,
      1,
      1,
      1,
      0
    ],
    [
      1,
      1,
      1,
      1,
      1
    ]
  ]
}