{
  "solver_status": 2,
  "feasible": true,
  "mb_formulation_version": 5,
  "runtime": 83.93410587310791,
  "wall_time": 83.9359130859375,
  "mip_gap": 0.009612596020504398,
  "objective": 1.7215949000892905,
  "bundle_space_size": 32,
  "policy_scope": "full_bundle_prices",
  "bundle_prices": {
    "0": 0.0,
    "3": 18.416845402287116,
    "5": 16.486910282191918,
    "7": 24.45947208618967,
    "9": 13.768815759357325,
    "11": 22.050859007423462,
    "15": 27.286761722558605,
    "17": 11.91868758374708,
    "19": 19.21249377083097,
    "20": 7.0828288055780275,
    "21": 17.015200990197876,
    "23": 24.45947208618967,
    "24": 5.190478772907362,
    "27": 22.749046481529433,
    "29": 20.318774878072986,
    "31": 27.943411096936575
  },
  "bundle_prices_full": {
    "0": 0.0,
    "1": 18.729346197686525,
    "2": 26.43420757499274,
    "3": 18.416845402287116,
    "4": 24.120747526802184,
    "5": 16.486910282191918,
    "6": 30.261707384879244,
    "7": 24.45947208618967,
    "8": 8.45743348902079,
    "9": 13.768815759357325,
    "10": 16.322633497968962,
    "11": 22.050859007423462,
    "12": 17.041237207436488,
    "13": 19.415410191477875,
    "14": 21.6015873015873,
    "15": 27.286761722558605,
    "16": 1.6133312464524248,
    "17": 11.91868758374708,
    "18": 15.252896043092905,
    "19": 19.21249377083097,
    "20": 7.0828288055780275,
    "21": 17.015200990197876,
    "22": 23.004169911110537,
    "23": 24.45947208618967,
    "24": 5.190478772907362,
    "25": 14.900552552704866,
    "26": 13.352480823469888,
    "27": 22.749046481529433,
    "28": 10.767612034649968,
    "29": 20.318774878072986,
    "30": 23.004169911110537,
    "31": 27.943411096936575
  },
  "bundle_prices_selected": {
    "0": 0.0,
    "3": 18.416845402287116,
    "5": 16.486910282191918,
    "7": 24.45947208618967,
    "9": 13.768815759357325,
    "11": 22.050859007423462,
    "15": 27.286761722558605,
    "17": 11.91868758374708,
    "19": 19.21249377083097,
    "20": 7.0828288055780275,
    "21": 17.015200990197876,
    "23": 24.45947208618967,
    "24": 5.190478772907362,
    "27": 22.749046481529433,
    "29": 20.318774878072986,
    "31": 27.943411096936575
  },
  "chosen_bundle_idx_by_customer": [
    31,
    20,
    23,
    23,
    27,
    31,
    31,
    15,
    0,
    31,
    19,
    23,
    7,
    23,
    5,
    21,
    23,
    31,
    11,
    23,
    19,
    0,
    0,
    23,
    23,
    9,
    23,
    15,
    31,
    0,
    23,
    0,
    23,
    17,
    23,
    15,
    31,
    15,
    3,
    23,
    0,
    11,
    23,
    29,
    19,
    0,
    23,
    0,
    24,
    24
  ],
  "chosen_product_matrix": [
    [
      1,
      1,
      1,
      1,
      1
    ],
    [
      1,
      0,
      1,
      0,
      0
    ],
    [
      1,
      0,
      1,
      1,
      1
    ],
    [
      1,
      0,
      1,
      1,
      1
    ],
    [
      1,
      1,
      0,
      1,
      1
    ],
    [
      1,
      1,
      1,
      1,
      1
    ],
    [
      1,
      1,
      1,
      1,
      1
    ],
    [
      0,
      1,
      1,
      1,
      1
    ],
    [
      0,
      0,
      0,
      0,
      0
    ],
    [
      1,
      1,
      1,
      1,
      1
    ],
    [
      1,
      0,
      0,
      1,
      1
    ],
    [
      1,
      0,
      1,
      1,
      1
    ],
    [
      0,
      0,
      1,
      1,
      1
    ],
    [
      1,
      0,
      1,
      1,
      1
    ],
    [
      0,
      0,
      1,
      0,
      1
    ],
    [
      1,
      0,
      1,
      0,
      1
    ],
    [
      1,
      0,
      1,
      1,
      1
    ],
    [
      1,
      1,
      1,
      1,
      1
    ],
    [
      0,
      1,
      0,
      1,
      1
    ],
    [
      1,
      0,
      1,
      1,
      1
    ],
    [
      1,
      0,
      0,
      1,
      1
    ],
    [
      0,
      0,
      0,
      0,
      0
    ],
    [
      0,
      0,
      0,
      0,
      0
    ],
    [
      1,
      0,
      1,
      1,
      1
    ],
    [
      1,
      0,
      1,
      1,
      1
    ],
    [
      0,
      1,
      0,
      0,
      1
    ],
    [
      1,
      0,
      1,
      1,
      1
    ],
    [
      0,
      1,
      1,
      1,
      1
    ],
    [
      1,
      1,
      1,
      1,
      1
    ],
    [
      0,
      0,
      0,
      0,
      0
    ],
    [
      1,
      0,
      1,
      1,
      1
    ],
    [
      0,
      0,
      0,
      0,
      0
    ],
    [
      1,
      0,
      1,
      1,
      1
    ],
    [
      1,
      0,
      0,
      0,
      1
    ],
    [
      1,
      0,
      1,
      1,
      1
    ],
    [
      0,
      1,
      1,
      1,
      1
    ],
    [
      1,
      1,
      1,
      1,
      1
    ],
    [
      0,
      1,
      1,
      1,
      1
    ],
    [
      0,
      0,
      0,
      1,
      1
    ],
    [
      1,
      0,
      1,
      1,
      1
    ],
    [
      0,
      0,
      0,
      0,
      0
    ],
    [
      0,
      1,
      0,
      1,
      1
    ],
    [
      1,
      0,
      1,
      1,
      1
    ],
    [
      1,
      1,
      1,
      0,
      1
    ],
    [
      1,
      0,
      0,
      1,
      1
    ],
    [
      0,
      0,
      0,
      0,
      0
    ],
    [
      1,
      0,
      1,
      1,
      1
    ],
    [
      0,
      0,
      0,
      0,
      0
    ],
    [
      1,
      1,
      0,
      0,
      0
    ],
    [
      1,
      1,
      0,
      0,
      0
    ]
  ],
  "assortments": [
    [
      0,
      0,
      0,
      0,
      0
    ],
    [
      0,
      0,
      0,
      0,
      1
    ],
    [
      0,
      0,
      0,
      1,
      0
    ],
    [
      0,
      0,
      0,
      1,
      1
    ],
    [
      0,
      0,
      1,
      0,
      0
    ],
    [
      0,
      0,
      1,
      0,
      1
    ],
    [
      0,
      0,
      1,
      1,
      0
    ],
    [
      0,
      0,
      1,
      1,
      1
    ],
    [
      0,
      1,
      0,
      0,
      0
    ],
    [
      0,
      1,
      0,
      0,
      1
    ],
    [
      0,
      1,
      0,
      1,
      0
    ],
    [
      0,
      1,
      0,
      1,
      1
    ],
    [
      0,
      1,
      1,
      0,
      0
    ],
    [
      0,
      1,
      1,
      0,
      1
    ],
    [
      0,
      1,
      1,
      1,
      0
    ],
    [
      0,
      1,
      1,
      1,
      1
    ],
    [
      1,
      0,
      0,
      0,
      0
    ],
    [
      1,
      0,
      0,
      0,
      1
    ],
    [
      1,
      0,
      0,
      1,
      0
    ],
    [
      1,
      0,
      0,
      1,
      1
    ],
    [
      1,
      0,
      1,
      0,
      0
    ],
    [
      1,
      0,
      1,
      0,
      1
    ],
    [
      1,
      0,
      1,
      1,
      0
    ],
    [
      1,
      0,
      1,
      1,
      1
    ],
    [
      1,
      1,
      0,
      0,
      0
    ],
    [
      1,
      1,
      0,
      0,
      1
    ],
    [
      1,
      1,
      0,
      1,
      0
    ],
    [
      1,
      1,
      0,
      1,
      1
    ],
    [
      1,
      1,
      1,
      0,
      0
    ],
    [
      1,
      1,
      1,
      0,
      1
    ],
    [
      1,
      1,
      1,
      1,
      0
    ],
    [
      1,
      1,
      1,
      1,
      1
    ]
  ]
}