param,mean_cv_revenue,mean_out_revenue
1.0,1.6119754173856975,1.159846393510846
0.95,1.5684710930740235,1.1862573359009652
0.9,1.5261372101363935,1.2069626422273785
0.85,1.4843457547845296,1.218506395644607
0.8,1.4251250322183406,1.2223414454400516
0.75,1.3576379936174756,1.2136501072711472
0.7,1.2968232041894612,1.1963954004045898
