instance_id,seed,solver_status,status_text,runtime,wall_time,mip_gap,objective_raw,revenue_in_sample,revenue_out_sample_k2000,revenue_out_sample_k5000,ratio_2000_over_in,ratio_5000_over_in
k100_t600_inst001,20260310,9,TIME_LIMIT,600.0173420906067,600.024168252945,0.06667987109870263,1.6178183510742457,1.6034072831481252,1.2110288491847114,1.2347686016257344,0.755284612906947,0.7700904284290099
k100_t600_inst002,20260311,9,TIME_LIMIT,600.0235850811005,600.0303170681,0.08626967167443239,1.3930659068973867,1.3930659068786013,1.248487594151113,1.262312942469437,0.8962157411120337,0.9061401447242806
k100_t600_inst003,20260312,9,TIME_LIMIT,600.0208439826965,600.0272579193115,0.06008888806975437,1.4206813877849975,1.4206813877374038,1.2466727261468293,1.2507884646195941,0.8775174623300281,0.8804144795699876
k100_t600_inst004,20260313,9,TIME_LIMIT,600.0200519561768,600.0251038074493,0.049086995220783,1.4787215326112002,1.4787215326111973,1.1272334384461438,1.1034717307683526,0.762302714599429,0.7462336257589955
k100_t600_inst005,20260314,9,TIME_LIMIT,600.0183041095734,600.0231981277466,0.0480392805817156,1.4609629187312827,1.4401507645434832,1.2477723251491109,1.2002912450009764,0.8664178472624323,0.8334483267669962
