{
  "solver_status": 2,
  "feasible": true,
  "runtime": 0.09323692321777344,
  "wall_time": 0.09374308586120605,
  "mip_gap": 0.0033814211569506204,
  "objective": 11.116111419078033,
  "size_prices": {
    "0": 0.0,
    "2": 17.022193825517366,
    "3": 22.866699665447083
  }
}