{
  "solver_status": 9,
  "feasible": true,
  "mb_formulation_version": 6,
  "runtime": 300.01031708717346,
  "wall_time": 300.0103361606598,
  "mip_gap": 0.015209997065613639,
  "objective": 14.636226419782373,
  "revenue_in_sample": 14.636226419782293,
  "model_num_vars": 6281,
  "model_num_binvars": 1550,
  "model_num_constrs": 10471,
  "bundle_space_size": 32,
  "subadditivity_mode": "full_partition",
  "policy_scope": "full_bundle_prices",
  "bundle_prices": {
    "2": 5.20072732715853,
    "11": 13.82254751545137,
    "16": 0.8905465515504554,
    "19": 11.90107237080639,
    "24": 3.8007708491501027,
    "28": 7.232505663365695,
    "31": 17.431564269804312
  },
  "bundle_prices_full": {
    "0": 0.0,
    "1": 41.21407761635571,
    "2": 5.20072732715853,
    "3": 31.91796004521834,
    "4": 25.105940073531233,
    "5": 11.279998340194597,
    "6": 8.830531366787445,
    "7": 15.660604189558791,
    "8": 22.563710076271647,
    "9": 33.94359078316363,
    "10": 27.764437403430176,
    "11": 13.82254751545137,
    "12": 13.795242490763487,
    "13": 13.332261370851846,
    "14": 11.492366688874679,
    "15": 18.532988698010378,
    "16": 0.8905465515504554,
    "17": 29.189990308413062,
    "18": 6.070714618274785,
    "19": 11.90107237080639,
    "20": 4.490345369611719,
    "21": 12.170544891745052,
    "22": 9.691072696770249,
    "23": 15.960685175011347,
    "24": 3.8007708491501027,
    "25": 11.263409004216768,
    "26": 8.1865764372468,
    "27": 14.556573511514994,
    "28": 7.232505663365695,
    "29": 14.035285346057048,
    "30": 12.306171608172427,
    "31": 17.431564269804312
  },
  "bundle_prices_selected": {
    "2": 5.20072732715853,
    "11": 13.82254751545137,
    "16": 0.8905465515504554,
    "19": 11.90107237080639,
    "24": 3.8007708491501027,
    "28": 7.232505663365695,
    "31": 17.431564269804312
  },
  "chosen_bundle_idx_by_customer": [
    31,
    31,
    31,
    31,
    0,
    31,
    0,
    31,
    31,
    31,
    31,
    31,
    31,
    31,
    31,
    31,
    2,
    31,
    31,
    11,
    31,
    31,
    31,
    31,
    31,
    16,
    31,
    31,
    19,
    31,
    31,
    31,
    31,
    31,
    0,
    28,
    31,
    31,
    31,
    19,
    19,
    19,
    31,
    24,
    31,
    19,
    31,
    31,
    31,
    11
  ],
  "chosen_product_matrix": [
    [
      1,
      1,
      1,
      1,
      1
    ],
    [
      1,
      1,
      1,
      1,
      1
    ],
    [
      1,
      1,
      1,
      1,
      1
    ],
    [
      1,
      1,
      1,
      1,
      1
    ],
    [
      0,
      0,
      0,
      0,
      0
    ],
    [
      1,
      1,
      1,
      1,
      1
    ],
    [
      0,
      0,
      0,
      0,
      0
    ],
    [
      1,
      1,
      1,
      1,
      1
    ],
    [
      1,
      1,
      1,
      1,
      1
    ],
    [
      1,
      1,
      1,
      1,
      1
    ],
    [
      1,
      1,
      1,
      1,
      1
    ],
    [
      1,
      1,
      1,
      1,
      1
    ],
    [
      1,
      1,
      1,
      1,
      1
    ],
    [
      1,
      1,
      1,
      1,
      1
    ],
    [
      1,
      1,
      1,
      1,
      1
    ],
    [
      1,
      1,
      1,
      1,
      1
    ],
    [
      0,
      0,
      0,
      1,
      0
    ],
    [
      1,
      1,
      1,
      1,
      1
    ],
    [
      1,
      1,
      1,
      1,
      1
    ],
    [
      0,
      1,
      0,
      1,
      1
    ],
    [
      1,
      1,
      1,
      1,
      1
    ],
    [
      1,
      1,
      1,
      1,
      1
    ],
    [
      1,
      1,
      1,
      1,
      1
    ],
    [
      1,
      1,
      1,
      1,
      1
    ],
    [
      1,
      1,
      1,
      1,
      1
    ],
    [
      1,
      0,
      0,
      0,
      0
    ],
    [
      1,
      1,
      1,
      1,
      1
    ],
    [
      1,
      1,
      1,
      1,
      1
    ],
    [
      1,
      0,
      0,
      1,
      1
    ],
    [
      1,
      1,
      1,
      1,
      1
    ],
    [
      1,
      1,
      1,
      1,
      1
    ],
    [
      1,
      1,
      1,
      1,
      1
    ],
    [
      1,
      1,
      1,
      1,
      1
    ],
    [
      1,
      1,
      1,
      1,
      1
    ],
    [
      0,
      0,
      0,
      0,
      0
    ],
    [
      1,
      1,
      1,
      0,
      0
    ],
    [
      1,
      1,
      1,
      1,
      1
    ],
    [
      1,
      1,
      1,
      1,
      1
    ],
    [
      1,
      1,
      1,
      1,
      1
    ],
    [
      1,
      0,
      0,
      1,
      1
    ],
    [
      1,
      0,
      0,
      1,
      1
    ],
    [
      1,
      0,
      0,
      1,
      1
    ],
    [
      1,
      1,
      1,
      1,
      1
    ],
    [
      1,
      1,
      0,
      0,
      0
    ],
    [
      1,
      1,
      1,
      1,
      1
    ],
    [
      1,
      0,
      0,
      1,
      1
    ],
    [
      1,
      1,
      1,
      1,
      1
    ],
    [
      1,
      1,
      1,
      1,
      1
    ],
    [
      1,
      1,
      1,
      1,
      1
    ],
    [
      0,
      1,
      0,
      1,
      1
    ]
  ],
  "assortments": [
    [
      0,
      0,
      0,
      0,
      0
    ],
    [
      0,
      0,
      0,
      0,
      1
    ],
    [
      0,
      0,
      0,
      1,
      0
    ],
    [
      0,
      0,
      0,
      1,
      1
    ],
    [
      0,
      0,
      1,
      0,
      0
    ],
    [
      0,
      0,
      1,
      0,
      1
    ],
    [
      0,
      0,
      1,
      1,
      0
    ],
    [
      0,
      0,
      1,
      1,
      1
    ],
    [
      0,
      1,
      0,
      0,
      0
    ],
    [
      0,
      1,
      0,
      0,
      1
    ],
    [
      0,
      1,
      0,
      1,
      0
    ],
    [
      0,
      1,
      0,
      1,
      1
    ],
    [
      0,
      1,
      1,
      0,
      0
    ],
    [
      0,
      1,
      1,
      0,
      1
    ],
    [
      0,
      1,
      1,
      1,
      0
    ],
    [
      0,
      1,
      1,
      1,
      1
    ],
    [
      1,
      0,
      0,
      0,
      0
    ],
    [
      1,
      0,
      0,
      0,
      1
    ],
    [
      1,
      0,
      0,
      1,
      0
    ],
    [
      1,
      0,
      0,
      1,
      1
    ],
    [
      1,
      0,
      1,
      0,
      0
    ],
    [
      1,
      0,
      1,
      0,
      1
    ],
    [
      1,
      0,
      1,
      1,
      0
    ],
    [
      1,
      0,
      1,
      1,
      1
    ],
    [
      1,
      1,
      0,
      0,
      0
    ],
    [
      1,
      1,
      0,
      0,
      1
    ],
    [
      1,
      1,
      0,
      1,
      0
    ],
    [
      1,
      1,
      0,
      1,
      1
    ],
    [
      1,
      1,
      1,
      0,
      0
    ],
    [
      1,
      1,
      1,
      0,
      1
    ],
    [
      1,
      1,
      1,
      1,
      0
    ],
    [
      1,
      1,
      1,
      1,
      1
    ]
  ]
}