{
  "feasible": true,
  "objective": 4.8815774958925315,
  "runtime": 0.24158906936645508,
  "mip_gap": 0.00911757764713606,
  "size_prices": {
    "0": 0.0,
    "1": 26.914462048674533,
    "2": 46.2402298406091,
    "3": 50.9269621531822,
    "4": 51.53261739838513,
    "5": 54.37532695676348
  }
}