{
  "solver_status": 9,
  "feasible": true,
  "mb_formulation_version": 6,
  "runtime": 300.08871507644653,
  "wall_time": 300.0931031703949,
  "mip_gap": 0.01786499468668234,
  "objective": 1.908941469673052,
  "revenue_in_sample": 1.9089414696730502,
  "model_num_vars": 6281,
  "model_num_binvars": 1550,
  "model_num_constrs": 10471,
  "bundle_space_size": 32,
  "subadditivity_mode": "full_partition",
  "policy_scope": "full_bundle_prices",
  "bundle_prices": {
    "7": 15.221126878018127,
    "9": 6.517271241514658,
    "10": 7.22606284372847,
    "11": 11.494816279529825,
    "13": 11.687360159314515,
    "14": 12.264766827046603,
    "15": 16.813159408723195,
    "18": 6.921655117006763,
    "19": 11.531361206768926,
    "20": 7.037922267842877,
    "21": 12.113532492613219,
    "22": 12.252621959468234,
    "23": 16.937180583916515,
    "25": 8.269894169395862,
    "26": 8.228843040593496,
    "27": 12.513889581086831,
    "28": 7.622876698310453,
    "29": 13.03731315036975,
    "30": 12.563153778328049,
    "31": 17.435930960800892
  },
  "bundle_prices_full": {
    "0": 0.0,
    "1": 11.364184935425595,
    "2": 5.872628249924752,
    "3": 17.236813185350478,
    "4": 18.749303289996295,
    "5": 18.74930328999631,
    "6": 18.749303289996295,
    "7": 15.221126878018127,
    "8": 14.076969047700196,
    "9": 6.517271241514658,
    "10": 7.22606284372847,
    "11": 11.494816279529825,
    "12": 18.749303289996295,
    "13": 11.687360159314515,
    "14": 12.264766827046603,
    "15": 16.813159408723195,
    "16": 17.95749361157389,
    "17": 18.749303289996302,
    "18": 6.921655117006763,
    "19": 11.531361206768926,
    "20": 7.037922267842877,
    "21": 12.113532492613219,
    "22": 12.252621959468234,
    "23": 16.937180583916515,
    "24": 14.081047625072827,
    "25": 8.269894169395862,
    "26": 8.228843040593496,
    "27": 12.513889581086831,
    "28": 7.622876698310453,
    "29": 13.03731315036975,
    "30": 12.563153778328049,
    "31": 17.435930960800892
  },
  "bundle_prices_selected": {
    "7": 15.221126878018127,
    "9": 6.517271241514658,
    "10": 7.22606284372847,
    "11": 11.494816279529825,
    "13": 11.687360159314515,
    "14": 12.264766827046603,
    "15": 16.813159408723195,
    "18": 6.921655117006763,
    "19": 11.531361206768926,
    "20": 7.037922267842877,
    "21": 12.113532492613219,
    "22": 12.252621959468234,
    "23": 16.937180583916515,
    "25": 8.269894169395862,
    "26": 8.228843040593496,
    "27": 12.513889581086831,
    "28": 7.622876698310453,
    "29": 13.03731315036975,
    "30": 12.563153778328049,
    "31": 17.435930960800892
  },
  "chosen_bundle_idx_by_customer": [
    19,
    0,
    20,
    7,
    10,
    23,
    29,
    26,
    0,
    11,
    21,
    21,
    9,
    10,
    0,
    7,
    30,
    25,
    7,
    13,
    29,
    27,
    28,
    13,
    18,
    13,
    29,
    31,
    0,
    18,
    30,
    11,
    21,
    22,
    14,
    11,
    0,
    0,
    11,
    15,
    11,
    15,
    21,
    27,
    19,
    11,
    26,
    9,
    21,
    7
  ],
  "chosen_product_matrix": [
    [
      1,
      0,
      0,
      1,
      1
    ],
    [
      0,
      0,
      0,
      0,
      0
    ],
    [
      1,
      0,
      1,
      0,
      0
    ],
    [
      0,
      0,
      1,
      1,
      1
    ],
    [
      0,
      1,
      0,
      1,
      0
    ],
    [
      1,
      0,
      1,
      1,
      1
    ],
    [
      1,
      1,
      1,
      0,
      1
    ],
    [
      1,
      1,
      0,
      1,
      0
    ],
    [
      0,
      0,
      0,
      0,
      0
    ],
    [
      0,
      1,
      0,
      1,
      1
    ],
    [
      1,
      0,
      1,
      0,
      1
    ],
    [
      1,
      0,
      1,
      0,
      1
    ],
    [
      0,
      1,
      0,
      0,
      1
    ],
    [
      0,
      1,
      0,
      1,
      0
    ],
    [
      0,
      0,
      0,
      0,
      0
    ],
    [
      0,
      0,
      1,
      1,
      1
    ],
    [
      1,
      1,
      1,
      1,
      0
    ],
    [
      1,
      1,
      0,
      0,
      1
    ],
    [
      0,
      0,
      1,
      1,
      1
    ],
    [
      0,
      1,
      1,
      0,
      1
    ],
    [
      1,
      1,
      1,
      0,
      1
    ],
    [
      1,
      1,
      0,
      1,
      1
    ],
    [
      1,
      1,
      1,
      0,
      0
    ],
    [
      0,
      1,
      1,
      0,
      1
    ],
    [
      1,
      0,
      0,
      1,
      0
    ],
    [
      0,
      1,
      1,
      0,
      1
    ],
    [
      1,
      1,
      1,
      0,
      1
    ],
    [
      1,
      1,
      1,
      1,
      1
    ],
    [
      0,
      0,
      0,
      0,
      0
    ],
    [
      1,
      0,
      0,
      1,
      0
    ],
    [
      1,
      1,
      1,
      1,
      0
    ],
    [
      0,
      1,
      0,
      1,
      1
    ],
    [
      1,
      0,
      1,
      0,
      1
    ],
    [
      1,
      0,
      1,
      1,
      0
    ],
    [
      0,
      1,
      1,
      1,
      0
    ],
    [
      0,
      1,
      0,
      1,
      1
    ],
    [
      0,
      0,
      0,
      0,
      0
    ],
    [
      0,
      0,
      0,
      0,
      0
    ],
    [
      0,
      1,
      0,
      1,
      1
    ],
    [
      0,
      1,
      1,
      1,
      1
    ],
    [
      0,
      1,
      0,
      1,
      1
    ],
    [
      0,
      1,
      1,
      1,
      1
    ],
    [
      1,
      0,
      1,
      0,
      1
    ],
    [
      1,
      1,
      0,
      1,
      1
    ],
    [
      1,
      0,
      0,
      1,
      1
    ],
    [
      0,
      1,
      0,
      1,
      1
    ],
    [
      1,
      1,
      0,
      1,
      0
    ],
    [
      0,
      1,
      0,
      0,
      1
    ],
    [
      1,
      0,
      1,
      0,
      1
    ],
    [
      0,
      0,
      1,
      1,
      1
    ]
  ],
  "assortments": [
    [
      0,
      0,
      0,
      0,
      0
    ],
    [
      0,
      0,
      0,
      0,
      1
    ],
    [
      0,
      0,
      0,
      1,
      0
    ],
    [
      0,
      0,
      0,
      1,
      1
    ],
    [
      0,
      0,
      1,
      0,
      0
    ],
    [
      0,
      0,
      1,
      0,
      1
    ],
    [
      0,
      0,
      1,
      1,
      0
    ],
    [
      0,
      0,
      1,
      1,
      1
    ],
    [
      0,
      1,
      0,
      0,
      0
    ],
    [
      0,
      1,
      0,
      0,
      1
    ],
    [
      0,
      1,
      0,
      1,
      0
    ],
    [
      0,
      1,
      0,
      1,
      1
    ],
    [
      0,
      1,
      1,
      0,
      0
    ],
    [
      0,
      1,
      1,
      0,
      1
    ],
    [
      0,
      1,
      1,
      1,
      0
    ],
    [
      0,
      1,
      1,
      1,
      1
    ],
    [
      1,
      0,
      0,
      0,
      0
    ],
    [
      1,
      0,
      0,
      0,
      1
    ],
    [
      1,
      0,
      0,
      1,
      0
    ],
    [
      1,
      0,
      0,
      1,
      1
    ],
    [
      1,
      0,
      1,
      0,
      0
    ],
    [
      1,
      0,
      1,
      0,
      1
    ],
    [
      1,
      0,
      1,
      1,
      0
    ],
    [
      1,
      0,
      1,
      1,
      1
    ],
    [
      1,
      1,
      0,
      0,
      0
    ],
    [
      1,
      1,
      0,
      0,
      1
    ],
    [
      1,
      1,
      0,
      1,
      0
    ],
    [
      1,
      1,
      0,
      1,
      1
    ],
    [
      1,
      1,
      1,
      0,
      0
    ],
    [
      1,
      1,
      1,
      0,
      1
    ],
    [
      1,
      1,
      1,
      1,
      0
    ],
    [
      1,
      1,
      1,
      1,
      1
    ]
  ]
}