{
  "solver_status": 2,
  "feasible": true,
  "mb_formulation_version": 6,
  "runtime": 57.38497495651245,
  "wall_time": 57.38499307632446,
  "mip_gap": 0.009670710195444989,
  "objective": 3.5054503167865065,
  "revenue_in_sample": 3.5054503167865056,
  "model_num_vars": 6281,
  "model_num_binvars": 1550,
  "model_num_constrs": 10471,
  "bundle_space_size": 32,
  "subadditivity_mode": "full_partition",
  "policy_scope": "full_bundle_prices",
  "bundle_prices": {
    "3": 2.2932230221445025,
    "4": 1.1963047179523496,
    "5": 1.8923586430659642,
    "9": 1.9503265430388117,
    "18": 1.8336378502126873,
    "28": 2.7333082937136153,
    "29": 3.6088170754771025,
    "30": 3.744573840176931,
    "31": 4.148085084774184
  },
  "bundle_prices_full": {
    "0": 0.0,
    "1": 1.5242489546429319,
    "2": 5.054408736720373,
    "3": 2.2932230221445025,
    "4": 1.1963047179523496,
    "5": 1.8923586430659642,
    "6": 3.371727035677438,
    "7": 3.26784295424538,
    "8": 4.355302286065007,
    "9": 1.9503265430388117,
    "10": 2.5023564963417977,
    "11": 3.0351545475890176,
    "12": 5.3449777355007875,
    "13": 2.8209450415223563,
    "14": 3.698661214294159,
    "15": 4.133507021106032,
    "16": 7.601492677102473,
    "17": 3.262293236298974,
    "18": 1.8336378502126873,
    "19": 3.307676822371222,
    "20": 2.306208447854174,
    "21": 2.927710472551353,
    "22": 3.029942568165036,
    "23": 3.56056802709768,
    "24": 2.224013502710714,
    "25": 2.895375816420681,
    "26": 2.7919887516273008,
    "27": 3.6123007319725176,
    "28": 2.7333082937136153,
    "29": 3.6088170754771025,
    "30": 3.744573840176931,
    "31": 4.148085084774184
  },
  "bundle_prices_selected": {
    "3": 2.2932230221445025,
    "4": 1.1963047179523496,
    "5": 1.8923586430659642,
    "9": 1.9503265430388117,
    "18": 1.8336378502126873,
    "28": 2.7333082937136153,
    "29": 3.6088170754771025,
    "30": 3.744573840176931,
    "31": 4.148085084774184
  },
  "chosen_bundle_idx_by_customer": [
    31,
    31,
    31,
    28,
    28,
    0,
    31,
    9,
    31,
    30,
    18,
    31,
    31,
    31,
    31,
    31,
    0,
    31,
    28,
    31,
    31,
    31,
    31,
    31,
    31,
    28,
    31,
    28,
    31,
    31,
    31,
    28,
    31,
    31,
    31,
    31,
    31,
    31,
    3,
    31,
    5,
    28,
    31,
    4,
    31,
    29,
    31,
    31,
    28,
    31
  ],
  "chosen_product_matrix": [
    [
      1,
      1,
      1,
      1,
      1
    ],
    [
      1,
      1,
      1,
      1,
      1
    ],
    [
      1,
      1,
      1,
      1,
      1
    ],
    [
      1,
      1,
      1,
      0,
      0
    ],
    [
      1,
      1,
      1,
      0,
      0
    ],
    [
      0,
      0,
      0,
      0,
      0
    ],
    [
      1,
      1,
      1,
      1,
      1
    ],
    [
      0,
      1,
      0,
      0,
      1
    ],
    [
      1,
      1,
      1,
      1,
      1
    ],
    [
      1,
      1,
      1,
      1,
      0
    ],
    [
      1,
      0,
      0,
      1,
      0
    ],
    [
      1,
      1,
      1,
      1,
      1
    ],
    [
      1,
      1,
      1,
      1,
      1
    ],
    [
      1,
      1,
      1,
      1,
      1
    ],
    [
      1,
      1,
      1,
      1,
      1
    ],
    [
      1,
      1,
      1,
      1,
      1
    ],
    [
      0,
      0,
      0,
      0,
      0
    ],
    [
      1,
      1,
      1,
      1,
      1
    ],
    [
      1,
      1,
      1,
      0,
      0
    ],
    [
      1,
      1,
      1,
      1,
      1
    ],
    [
      1,
      1,
      1,
      1,
      1
    ],
    [
      1,
      1,
      1,
      1,
      1
    ],
    [
      1,
      1,
      1,
      1,
      1
    ],
    [
      1,
      1,
      1,
      1,
      1
    ],
    [
      1,
      1,
      1,
      1,
      1
    ],
    [
      1,
      1,
      1,
      0,
      0
    ],
    [
      1,
      1,
      1,
      1,
      1
    ],
    [
      1,
      1,
      1,
      0,
      0
    ],
    [
      1,
      1,
      1,
      1,
      1
    ],
    [
      1,
      1,
      1,
      1,
      1
    ],
    [
      1,
      1,
      1,
      1,
      1
    ],
    [
      1,
      1,
      1,
      0,
      0
    ],
    [
      1,
      1,
      1,
      1,
      1
    ],
    [
      1,
      1,
      1,
      1,
      1
    ],
    [
      1,
      1,
      1,
      1,
      1
    ],
    [
      1,
      1,
      1,
      1,
      1
    ],
    [
      1,
      1,
      1,
      1,
      1
    ],
    [
      1,
      1,
      1,
      1,
      1
    ],
    [
      0,
      0,
      0,
      1,
      1
    ],
    [
      1,
      1,
      1,
      1,
      1
    ],
    [
      0,
      0,
      1,
      0,
      1
    ],
    [
      1,
      1,
      1,
      0,
      0
    ],
    [
      1,
      1,
      1,
      1,
      1
    ],
    [
      0,
      0,
      1,
      0,
      0
    ],
    [
      1,
      1,
      1,
      1,
      1
    ],
    [
      1,
      1,
      1,
      0,
      1
    ],
    [
      1,
      1,
      1,
      1,
      1
    ],
    [
      1,
      1,
      1,
      1,
      1
    ],
    [
      1,
      1,
      1,
      0,
      0
    ],
    [
      1,
      1,
      1,
      1,
      1
    ]
  ],
  "assortments": [
    [
      0,
      0,
      0,
      0,
      0
    ],
    [
      0,
      0,
      0,
      0,
      1
    ],
    [
      0,
      0,
      0,
      1,
      0
    ],
    [
      0,
      0,
      0,
      1,
      1
    ],
    [
      0,
      0,
      1,
      0,
      0
    ],
    [
      0,
      0,
      1,
      0,
      1
    ],
    [
      0,
      0,
      1,
      1,
      0
    ],
    [
      0,
      0,
      1,
      1,
      1
    ],
    [
      0,
      1,
      0,
      0,
      0
    ],
    [
      0,
      1,
      0,
      0,
      1
    ],
    [
      0,
      1,
      0,
      1,
      0
    ],
    [
      0,
      1,
      0,
      1,
      1
    ],
    [
      0,
      1,
      1,
      0,
      0
    ],
    [
      0,
      1,
      1,
      0,
      1
    ],
    [
      0,
      1,
      1,
      1,
      0
    ],
    [
      0,
      1,
      1,
      1,
      1
    ],
    [
      1,
      0,
      0,
      0,
      0
    ],
    [
      1,
      0,
      0,
      0,
      1
    ],
    [
      1,
      0,
      0,
      1,
      0
    ],
    [
      1,
      0,
      0,
      1,
      1
    ],
    [
      1,
      0,
      1,
      0,
      0
    ],
    [
      1,
      0,
      1,
      0,
      1
    ],
    [
      1,
      0,
      1,
      1,
      0
    ],
    [
      1,
      0,
      1,
      1,
      1
    ],
    [
      1,
      1,
      0,
      0,
      0
    ],
    [
      1,
      1,
      0,
      0,
      1
    ],
    [
      1,
      1,
      0,
      1,
      0
    ],
    [
      1,
      1,
      0,
      1,
      1
    ],
    [
      1,
      1,
      1,
      0,
      0
    ],
    [
      1,
      1,
      1,
      0,
      1
    ],
    [
      1,
      1,
      1,
      1,
      0
    ],
    [
      1,
      1,
      1,
      1,
      1
    ]
  ]
}