{
  "solver_status": 9,
  "feasible": true,
  "mb_formulation_version": 6,
  "runtime": 300.0467791557312,
  "wall_time": 300.0468008518219,
  "mip_gap": 0.012272766392742602,
  "objective": 18.461882220959822,
  "revenue_in_sample": 18.461882220959076,
  "model_num_vars": 6281,
  "model_num_binvars": 1550,
  "model_num_constrs": 10471,
  "bundle_space_size": 32,
  "subadditivity_mode": "full_partition",
  "policy_scope": "full_bundle_prices",
  "bundle_prices": {
    "1": 8.23155749722431,
    "25": 12.810600137673813,
    "26": 11.606388822707732,
    "27": 18.65381671589681,
    "31": 22.202050678579198
  },
  "bundle_prices_full": {
    "0": 0.0,
    "1": 8.23155749722431,
    "2": 48.482542084102874,
    "3": 15.436074631604251,
    "4": 9.311202639987567,
    "5": 17.54276013721188,
    "6": 47.944973127232664,
    "7": 24.028904054786153,
    "8": 40.250984586878566,
    "9": 48.482542084102874,
    "10": 48.482542084102874,
    "11": 48.482542084102874,
    "12": 15.122059892862438,
    "13": 23.353617390086747,
    "14": 17.28116736853597,
    "15": 21.628401979679534,
    "16": 1.5194291189354885,
    "17": 9.291687879316267,
    "18": 47.94497312723257,
    "19": 16.95550375053974,
    "20": 10.11225854211739,
    "21": 15.161559037693525,
    "22": 17.31677567649733,
    "23": 25.54833317372164,
    "24": 7.3302863718103595,
    "25": 12.810600137673813,
    "26": 11.606388822707732,
    "27": 18.65381671589681,
    "28": 16.641489011797926,
    "29": 18.276240746326327,
    "30": 18.082223270665796,
    "31": 22.202050678579198
  },
  "bundle_prices_selected": {
    "1": 8.23155749722431,
    "25": 12.810600137673813,
    "26": 11.606388822707732,
    "27": 18.65381671589681,
    "31": 22.202050678579198
  },
  "chosen_bundle_idx_by_customer": [
    31,
    31,
    31,
    31,
    31,
    31,
    31,
    31,
    1,
    31,
    25,
    31,
    0,
    31,
    31,
    31,
    0,
    31,
    1,
    31,
    1,
    31,
    31,
    31,
    0,
    25,
    31,
    31,
    31,
    31,
    31,
    26,
    31,
    31,
    31,
    25,
    31,
    31,
    31,
    1,
    31,
    27,
    31,
    31,
    31,
    31,
    31,
    31,
    0,
    31
  ],
  "chosen_product_matrix": [
    [
      1,
      1,
      1,
      1,
      1
    ],
    [
      1,
      1,
      1,
      1,
      1
    ],
    [
      1,
      1,
      1,
      1,
      1
    ],
    [
      1,
      1,
      1,
      1,
      1
    ],
    [
      1,
      1,
      1,
      1,
      1
    ],
    [
      1,
      1,
      1,
      1,
      1
    ],
    [
      1,
      1,
      1,
      1,
      1
    ],
    [
      1,
      1,
      1,
      1,
      1
    ],
    [
      0,
      0,
      0,
      0,
      1
    ],
    [
      1,
      1,
      1,
      1,
      1
    ],
    [
      1,
      1,
      0,
      0,
      1
    ],
    [
      1,
      1,
      1,
      1,
      1
    ],
    [
      0,
      0,
      0,
      0,
      0
    ],
    [
      1,
      1,
      1,
      1,
      1
    ],
    [
      1,
      1,
      1,
      1,
      1
    ],
    [
      1,
      1,
      1,
      1,
      1
    ],
    [
      0,
      0,
      0,
      0,
      0
    ],
    [
      1,
      1,
      1,
      1,
      1
    ],
    [
      0,
      0,
      0,
      0,
      1
    ],
    [
      1,
      1,
      1,
      1,
      1
    ],
    [
      0,
      0,
      0,
      0,
      1
    ],
    [
      1,
      1,
      1,
      1,
      1
    ],
    [
      1,
      1,
      1,
      1,
      1
    ],
    [
      1,
      1,
      1,
      1,
      1
    ],
    [
      0,
      0,
      0,
      0,
      0
    ],
    [
      1,
      1,
      0,
      0,
      1
    ],
    [
      1,
      1,
      1,
      1,
      1
    ],
    [
      1,
      1,
      1,
      1,
      1
    ],
    [
      1,
      1,
      1,
      1,
      1
    ],
    [
      1,
      1,
      1,
      1,
      1
    ],
    [
      1,
      1,
      1,
      1,
      1
    ],
    [
      1,
      1,
      0,
      1,
      0
    ],
    [
      1,
      1,
      1,
      1,
      1
    ],
    [
      1,
      1,
      1,
      1,
      1
    ],
    [
      1,
      1,
      1,
      1,
      1
    ],
    [
      1,
      1,
      0,
      0,
      1
    ],
    [
      1,
      1,
      1,
      1,
      1
    ],
    [
      1,
      1,
      1,
      1,
      1
    ],
    [
      1,
      1,
      1,
      1,
      1
    ],
    [
      0,
      0,
      0,
      0,
      1
    ],
    [
      1,
      1,
      1,
      1,
      1
    ],
    [
      1,
      1,
      0,
      1,
      1
    ],
    [
      1,
      1,
      1,
      1,
      1
    ],
    [
      1,
      1,
      1,
      1,
      1
    ],
    [
      1,
      1,
      1,
      1,
      1
    ],
    [
      1,
      1,
      1,
      1,
      1
    ],
    [
      1,
      1,
      1,
      1,
      1
    ],
    [
      1,
      1,
      1,
      1,
      1
    ],
    [
      0,
      0,
      0,
      0,
      0
    ],
    [
      1,
      1,
      1,
      1,
      1
    ]
  ],
  "assortments": [
    [
      0,
      0,
      0,
      0,
      0
    ],
    [
      0,
      0,
      0,
      0,
      1
    ],
    [
      0,
      0,
      0,
      1,
      0
    ],
    [
      0,
      0,
      0,
      1,
      1
    ],
    [
      0,
      0,
      1,
      0,
      0
    ],
    [
      0,
      0,
      1,
      0,
      1
    ],
    [
      0,
      0,
      1,
      1,
      0
    ],
    [
      0,
      0,
      1,
      1,
      1
    ],
    [
      0,
      1,
      0,
      0,
      0
    ],
    [
      0,
      1,
      0,
      0,
      1
    ],
    [
      0,
      1,
      0,
      1,
      0
    ],
    [
      0,
      1,
      0,
      1,
      1
    ],
    [
      0,
      1,
      1,
      0,
      0
    ],
    [
      0,
      1,
      1,
      0,
      1
    ],
    [
      0,
      1,
      1,
      1,
      0
    ],
    [
      0,
      1,
      1,
      1,
      1
    ],
    [
      1,
      0,
      0,
      0,
      0
    ],
    [
      1,
      0,
      0,
      0,
      1
    ],
    [
      1,
      0,
      0,
      1,
      0
    ],
    [
      1,
      0,
      0,
      1,
      1
    ],
    [
      1,
      0,
      1,
      0,
      0
    ],
    [
      1,
      0,
      1,
      0,
      1
    ],
    [
      1,
      0,
      1,
      1,
      0
    ],
    [
      1,
      0,
      1,
      1,
      1
    ],
    [
      1,
      1,
      0,
      0,
      0
    ],
    [
      1,
      1,
      0,
      0,
      1
    ],
    [
      1,
      1,
      0,
      1,
      0
    ],
    [
      1,
      1,
      0,
      1,
      1
    ],
    [
      1,
      1,
      1,
      0,
      0
    ],
    [
      1,
      1,
      1,
      0,
      1
    ],
    [
      1,
      1,
      1,
      1,
      0
    ],
    [
      1,
      1,
      1,
      1,
      1
    ]
  ]
}