{
  "feasible": true,
  "objective": 1.992155309079188,
  "runtime": 1.6473801136016846,
  "mip_gap": 0.0,
  "size_prices": {
    "0": 0.0,
    "2": 2.2531913566591655,
    "3": 3.10795346613181,
    "4": 3.731116742193117,
    "5": 4.1454690462805015
  }
}