{
  "solver_status": 2,
  "feasible": true,
  "mb_formulation_version": 6,
  "runtime": 41.772478103637695,
  "wall_time": 41.77249622344971,
  "mip_gap": 0.0,
  "objective": 1.1307813146483676,
  "revenue_in_sample": 1.1307813146483772,
  "model_num_vars": 6281,
  "model_num_binvars": 1550,
  "model_num_constrs": 10471,
  "bundle_space_size": 32,
  "subadditivity_mode": "full_partition",
  "policy_scope": "full_bundle_prices",
  "bundle_prices": {
    "6": 2.723254364991946,
    "18": 2.863755750996466,
    "20": 2.229501686799476,
    "24": 1.7340299811703348,
    "25": 3.5004773161818443,
    "26": 3.7464687784098785,
    "27": 4.210502807138661,
    "28": 2.5138704912328578,
    "29": 4.474085124785726,
    "30": 4.457284346161915
  },
  "bundle_prices_full": {
    "0": 0.0,
    "1": 6.322448919023833,
    "2": 6.322448919023833,
    "3": 6.322448919023829,
    "4": 3.906920470059475,
    "5": 6.322448919023833,
    "6": 2.723254364991946,
    "7": 6.322448919023832,
    "8": 6.322448919023833,
    "9": 5.004910773659076,
    "10": 6.322448919023833,
    "11": 3.620409523509696,
    "12": 2.270401130032063,
    "13": 3.6973716912577688,
    "14": 6.322448919023829,
    "15": 4.48443918761387,
    "16": 4.22361356017873,
    "17": 6.322448919023829,
    "18": 2.863755750996466,
    "19": 3.5543746213973746,
    "20": 2.229501686799476,
    "21": 3.8877083016698535,
    "22": 3.606631880964704,
    "23": 4.503841122282345,
    "24": 1.7340299811703348,
    "25": 3.5004773161818443,
    "26": 3.7464687784098785,
    "27": 4.210502807138661,
    "28": 2.5138704912328578,
    "29": 4.474085124785726,
    "30": 4.457284346161915,
    "31": 5.156167493329511
  },
  "bundle_prices_selected": {
    "6": 2.723254364991946,
    "18": 2.863755750996466,
    "20": 2.229501686799476,
    "24": 1.7340299811703348,
    "25": 3.5004773161818443,
    "26": 3.7464687784098785,
    "27": 4.210502807138661,
    "28": 2.5138704912328578,
    "29": 4.474085124785726,
    "30": 4.457284346161915
  },
  "chosen_bundle_idx_by_customer": [
    24,
    28,
    28,
    28,
    24,
    24,
    18,
    24,
    24,
    6,
    24,
    24,
    28,
    28,
    0,
    28,
    26,
    28,
    28,
    28,
    28,
    28,
    24,
    28,
    24,
    0,
    18,
    28,
    24,
    26,
    26,
    20,
    30,
    28,
    28,
    28,
    24,
    27,
    0,
    24,
    25,
    28,
    24,
    28,
    28,
    20,
    28,
    29,
    28,
    28
  ],
  "chosen_product_matrix": [
    [
      1,
      1,
      0,
      0,
      0
    ],
    [
      1,
      1,
      1,
      0,
      0
    ],
    [
      1,
      1,
      1,
      0,
      0
    ],
    [
      1,
      1,
      1,
      0,
      0
    ],
    [
      1,
      1,
      0,
      0,
      0
    ],
    [
      1,
      1,
      0,
      0,
      0
    ],
    [
      1,
      0,
      0,
      1,
      0
    ],
    [
      1,
      1,
      0,
      0,
      0
    ],
    [
      1,
      1,
      0,
      0,
      0
    ],
    [
      0,
      0,
      1,
      1,
      0
    ],
    [
      1,
      1,
      0,
      0,
      0
    ],
    [
      1,
      1,
      0,
      0,
      0
    ],
    [
      1,
      1,
      1,
      0,
      0
    ],
    [
      1,
      1,
      1,
      0,
      0
    ],
    [
      0,
      0,
      0,
      0,
      0
    ],
    [
      1,
      1,
      1,
      0,
      0
    ],
    [
      1,
      1,
      0,
      1,
      0
    ],
    [
      1,
      1,
      1,
      0,
      0
    ],
    [
      1,
      1,
      1,
      0,
      0
    ],
    [
      1,
      1,
      1,
      0,
      0
    ],
    [
      1,
      1,
      1,
      0,
      0
    ],
    [
      1,
      1,
      1,
      0,
      0
    ],
    [
      1,
      1,
      0,
      0,
      0
    ],
    [
      1,
      1,
      1,
      0,
      0
    ],
    [
      1,
      1,
      0,
      0,
      0
    ],
    [
      0,
      0,
      0,
      0,
      0
    ],
    [
      1,
      0,
      0,
      1,
      0
    ],
    [
      1,
      1,
      1,
      0,
      0
    ],
    [
      1,
      1,
      0,
      0,
      0
    ],
    [
      1,
      1,
      0,
      1,
      0
    ],
    [
      1,
      1,
      0,
      1,
      0
    ],
    [
      1,
      0,
      1,
      0,
      0
    ],
    [
      1,
      1,
      1,
      1,
      0
    ],
    [
      1,
      1,
      1,
      0,
      0
    ],
    [
      1,
      1,
      1,
      0,
      0
    ],
    [
      1,
      1,
      1,
      0,
      0
    ],
    [
      1,
      1,
      0,
      0,
      0
    ],
    [
      1,
      1,
      0,
      1,
      1
    ],
    [
      0,
      0,
      0,
      0,
      0
    ],
    [
      1,
      1,
      0,
      0,
      0
    ],
    [
      1,
      1,
      0,
      0,
      1
    ],
    [
      1,
      1,
      1,
      0,
      0
    ],
    [
      1,
      1,
      0,
      0,
      0
    ],
    [
      1,
      1,
      1,
      0,
      0
    ],
    [
      1,
      1,
      1,
      0,
      0
    ],
    [
      1,
      0,
      1,
      0,
      0
    ],
    [
      1,
      1,
      1,
      0,
      0
    ],
    [
      1,
      1,
      1,
      0,
      1
    ],
    [
      1,
      1,
      1,
      0,
      0
    ],
    [
      1,
      1,
      1,
      0,
      0
    ]
  ],
  "assortments": [
    [
      0,
      0,
      0,
      0,
      0
    ],
    [
      0,
      0,
      0,
      0,
      1
    ],
    [
      0,
      0,
      0,
      1,
      0
    ],
    [
      0,
      0,
      0,
      1,
      1
    ],
    [
      0,
      0,
      1,
      0,
      0
    ],
    [
      0,
      0,
      1,
      0,
      1
    ],
    [
      0,
      0,
      1,
      1,
      0
    ],
    [
      0,
      0,
      1,
      1,
      1
    ],
    [
      0,
      1,
      0,
      0,
      0
    ],
    [
      0,
      1,
      0,
      0,
      1
    ],
    [
      0,
      1,
      0,
      1,
      0
    ],
    [
      0,
      1,
      0,
      1,
      1
    ],
    [
      0,
      1,
      1,
      0,
      0
    ],
    [
      0,
      1,
      1,
      0,
      1
    ],
    [
      0,
      1,
      1,
      1,
      0
    ],
    [
      0,
      1,
      1,
      1,
      1
    ],
    [
      1,
      0,
      0,
      0,
      0
    ],
    [
      1,
      0,
      0,
      0,
      1
    ],
    [
      1,
      0,
      0,
      1,
      0
    ],
    [
      1,
      0,
      0,
      1,
      1
    ],
    [
      1,
      0,
      1,
      0,
      0
    ],
    [
      1,
      0,
      1,
      0,
      1
    ],
    [
      1,
      0,
      1,
      1,
      0
    ],
    [
      1,
      0,
      1,
      1,
      1
    ],
    [
      1,
      1,
      0,
      0,
      0
    ],
    [
      1,
      1,
      0,
      0,
      1
    ],
    [
      1,
      1,
      0,
      1,
      0
    ],
    [
      1,
      1,
      0,
      1,
      1
    ],
    [
      1,
      1,
      1,
      0,
      0
    ],
    [
      1,
      1,
      1,
      0,
      1
    ],
    [
      1,
      1,
      1,
      1,
      0
    ],
    [
      1,
      1,
      1,
      1,
      1
    ]
  ]
}