{
  "solver_status": 9,
  "feasible": true,
  "mb_formulation_version": 6,
  "runtime": 300.00720286369324,
  "wall_time": 300.00722002983093,
  "mip_gap": 0.036112905561209434,
  "objective": 0.8846697266693526,
  "revenue_in_sample": 0.8846697266693129,
  "model_num_vars": 6281,
  "model_num_binvars": 1550,
  "model_num_constrs": 10471,
  "bundle_space_size": 32,
  "subadditivity_mode": "full_partition",
  "policy_scope": "full_bundle_prices",
  "bundle_prices": {
    "2": 1.324183631877432,
    "11": 3.520676438539796,
    "12": 3.3731291581528025,
    "15": 5.544754831684699,
    "17": 3.0389716976605268,
    "19": 3.8516768335810987,
    "23": 4.936963126825354,
    "24": 3.144976200185029,
    "25": 3.653757960701176,
    "26": 3.8096362721734987,
    "27": 4.802642325121445,
    "28": 4.053160647665223,
    "30": 5.084104785573194,
    "31": 6.081444696124619
  },
  "bundle_prices_full": {
    "0": 0.0,
    "1": 8.7072508458153,
    "2": 1.324183631877432,
    "3": 2.8418727569078825,
    "4": 9.476765268881547,
    "5": 10.017100443020485,
    "6": 8.888444027677506,
    "7": 8.954010107078538,
    "8": 9.144045939869523,
    "9": 2.556045735891611,
    "10": 9.755798613390436,
    "11": 3.520676438539796,
    "12": 3.3731291581528025,
    "13": 4.309587496884618,
    "14": 4.697312790030234,
    "15": 5.544754831684699,
    "16": 9.315016979001543,
    "17": 3.0389716976605268,
    "18": 2.6795299464187945,
    "19": 3.8516768335810987,
    "20": 9.365535204075565,
    "21": 3.7359025729981834,
    "22": 4.121755987719267,
    "23": 4.936963126825354,
    "24": 3.144976200185029,
    "25": 3.653757960701176,
    "26": 3.8096362721734987,
    "27": 4.802642325121445,
    "28": 4.053160647665223,
    "29": 4.978635111377113,
    "30": 5.084104785573194,
    "31": 6.081444696124619
  },
  "bundle_prices_selected": {
    "2": 1.324183631877432,
    "11": 3.520676438539796,
    "12": 3.3731291581528025,
    "15": 5.544754831684699,
    "17": 3.0389716976605268,
    "19": 3.8516768335810987,
    "23": 4.936963126825354,
    "24": 3.144976200185029,
    "25": 3.653757960701176,
    "26": 3.8096362721734987,
    "27": 4.802642325121445,
    "28": 4.053160647665223,
    "30": 5.084104785573194,
    "31": 6.081444696124619
  },
  "chosen_bundle_idx_by_customer": [
    2,
    0,
    0,
    2,
    28,
    0,
    31,
    0,
    30,
    19,
    2,
    26,
    11,
    31,
    23,
    0,
    0,
    0,
    0,
    12,
    25,
    27,
    24,
    0,
    2,
    0,
    2,
    27,
    31,
    15,
    0,
    23,
    30,
    26,
    0,
    2,
    30,
    17,
    0,
    0,
    0,
    0,
    26,
    23,
    0,
    30,
    0,
    31,
    0,
    0
  ],
  "chosen_product_matrix": [
    [
      0,
      0,
      0,
      1,
      0
    ],
    [
      0,
      0,
      0,
      0,
      0
    ],
    [
      0,
      0,
      0,
      0,
      0
    ],
    [
      0,
      0,
      0,
      1,
      0
    ],
    [
      1,
      1,
      1,
      0,
      0
    ],
    [
      0,
      0,
      0,
      0,
      0
    ],
    [
      1,
      1,
      1,
      1,
      1
    ],
    [
      0,
      0,
      0,
      0,
      0
    ],
    [
      1,
      1,
      1,
      1,
      0
    ],
    [
      1,
      0,
      0,
      1,
      1
    ],
    [
      0,
      0,
      0,
      1,
      0
    ],
    [
      1,
      1,
      0,
      1,
      0
    ],
    [
      0,
      1,
      0,
      1,
      1
    ],
    [
      1,
      1,
      1,
      1,
      1
    ],
    [
      1,
      0,
      1,
      1,
      1
    ],
    [
      0,
      0,
      0,
      0,
      0
    ],
    [
      0,
      0,
      0,
      0,
      0
    ],
    [
      0,
      0,
      0,
      0,
      0
    ],
    [
      0,
      0,
      0,
      0,
      0
    ],
    [
      0,
      1,
      1,
      0,
      0
    ],
    [
      1,
      1,
      0,
      0,
      1
    ],
    [
      1,
      1,
      0,
      1,
      1
    ],
    [
      1,
      1,
      0,
      0,
      0
    ],
    [
      0,
      0,
      0,
      0,
      0
    ],
    [
      0,
      0,
      0,
      1,
      0
    ],
    [
      0,
      0,
      0,
      0,
      0
    ],
    [
      0,
      0,
      0,
      1,
      0
    ],
    [
      1,
      1,
      0,
      1,
      1
    ],
    [
      1,
      1,
      1,
      1,
      1
    ],
    [
      0,
      1,
      1,
      1,
      1
    ],
    [
      0,
      0,
      0,
      0,
      0
    ],
    [
      1,
      0,
      1,
      1,
      1
    ],
    [
      1,
      1,
      1,
      1,
      0
    ],
    [
      1,
      1,
      0,
      1,
      0
    ],
    [
      0,
      0,
      0,
      0,
      0
    ],
    [
      0,
      0,
      0,
      1,
      0
    ],
    [
      1,
      1,
      1,
      1,
      0
    ],
    [
      1,
      0,
      0,
      0,
      1
    ],
    [
      0,
      0,
      0,
      0,
      0
    ],
    [
      0,
      0,
      0,
      0,
      0
    ],
    [
      0,
      0,
      0,
      0,
      0
    ],
    [
      0,
      0,
      0,
      0,
      0
    ],
    [
      1,
      1,
      0,
      1,
      0
    ],
    [
      1,
      0,
      1,
      1,
      1
    ],
    [
      0,
      0,
      0,
      0,
      0
    ],
    [
      1,
      1,
      1,
      1,
      0
    ],
    [
      0,
      0,
      0,
      0,
      0
    ],
    [
      1,
      1,
      1,
      1,
      1
    ],
    [
      0,
      0,
      0,
      0,
      0
    ],
    [
      0,
      0,
      0,
      0,
      0
    ]
  ],
  "assortments": [
    [
      0,
      0,
      0,
      0,
      0
    ],
    [
      0,
      0,
      0,
      0,
      1
    ],
    [
      0,
      0,
      0,
      1,
      0
    ],
    [
      0,
      0,
      0,
      1,
      1
    ],
    [
      0,
      0,
      1,
      0,
      0
    ],
    [
      0,
      0,
      1,
      0,
      1
    ],
    [
      0,
      0,
      1,
      1,
      0
    ],
    [
      0,
      0,
      1,
      1,
      1
    ],
    [
      0,
      1,
      0,
      0,
      0
    ],
    [
      0,
      1,
      0,
      0,
      1
    ],
    [
      0,
      1,
      0,
      1,
      0
    ],
    [
      0,
      1,
      0,
      1,
      1
    ],
    [
      0,
      1,
      1,
      0,
      0
    ],
    [
      0,
      1,
      1,
      0,
      1
    ],
    [
      0,
      1,
      1,
      1,
      0
    ],
    [
      0,
      1,
      1,
      1,
      1
    ],
    [
      1,
      0,
      0,
      0,
      0
    ],
    [
      1,
      0,
      0,
      0,
      1
    ],
    [
      1,
      0,
      0,
      1,
      0
    ],
    [
      1,
      0,
      0,
      1,
      1
    ],
    [
      1,
      0,
      1,
      0,
      0
    ],
    [
      1,
      0,
      1,
      0,
      1
    ],
    [
      1,
      0,
      1,
      1,
      0
    ],
    [
      1,
      0,
      1,
      1,
      1
    ],
    [
      1,
      1,
      0,
      0,
      0
    ],
    [
      1,
      1,
      0,
      0,
      1
    ],
    [
      1,
      1,
      0,
      1,
      0
    ],
    [
      1,
      1,
      0,
      1,
      1
    ],
    [
      1,
      1,
      1,
      0,
      0
    ],
    [
      1,
      1,
      1,
      0,
      1
    ],
    [
      1,
      1,
      1,
      1,
      0
    ],
    [
      1,
      1,
      1,
      1,
      1
    ]
  ]
}