{
  "solver_status": 2,
  "feasible": true,
  "mb_formulation_version": 6,
  "runtime": 75.33940005302429,
  "wall_time": 75.33942294120789,
  "mip_gap": 0.0055900261908119735,
  "objective": 3.958700443586865,
  "revenue_in_sample": 3.958700443586871,
  "model_num_vars": 6281,
  "model_num_binvars": 1550,
  "model_num_constrs": 10471,
  "bundle_space_size": 32,
  "subadditivity_mode": "full_partition",
  "policy_scope": "full_bundle_prices",
  "bundle_prices": {
    "2": 9.25537132082458,
    "7": 30.04747730783487,
    "8": 2.499772578351866,
    "9": 21.225293968112013,
    "10": 10.187843128717416,
    "13": 26.150498288023908,
    "16": 1.8474648615926554,
    "18": 10.954546711048614,
    "19": 24.827220511985217,
    "22": 27.958877243613657,
    "23": 31.894942169427786,
    "24": 3.0646190820959043,
    "26": 11.114140057991674,
    "27": 27.04388516469243,
    "28": 26.76513128672201,
    "31": 32.57082767156903
  },
  "bundle_prices_full": {
    "0": 0.0,
    "1": 34.52437017712799,
    "2": 9.25537132082458,
    "3": 40.52545713113244,
    "4": 36.79859533776739,
    "5": 40.74554621978068,
    "6": 40.33603834234883,
    "7": 30.04747730783487,
    "8": 2.499772578351866,
    "9": 21.225293968112013,
    "10": 10.187843128717416,
    "11": 25.7291415778541,
    "12": 37.598595337767364,
    "13": 26.150498288023908,
    "14": 41.068650256289146,
    "15": 32.54724988618687,
    "16": 1.8474648615926554,
    "17": 35.31969084945497,
    "18": 10.954546711048614,
    "19": 24.827220511985217,
    "20": 36.98139020440153,
    "21": 40.928341086414804,
    "22": 27.958877243613657,
    "23": 31.894942169427786,
    "24": 3.0646190820959043,
    "25": 23.07275882970473,
    "26": 11.114140057991674,
    "27": 27.04388516469243,
    "28": 26.76513128672201,
    "29": 27.9979631496168,
    "30": 29.77145704829314,
    "31": 32.57082767156903
  },
  "bundle_prices_selected": {
    "2": 9.25537132082458,
    "7": 30.04747730783487,
    "8": 2.499772578351866,
    "9": 21.225293968112013,
    "10": 10.187843128717416,
    "13": 26.150498288023908,
    "16": 1.8474648615926554,
    "18": 10.954546711048614,
    "19": 24.827220511985217,
    "22": 27.958877243613657,
    "23": 31.894942169427786,
    "24": 3.0646190820959043,
    "26": 11.114140057991674,
    "27": 27.04388516469243,
    "28": 26.76513128672201,
    "31": 32.57082767156903
  },
  "chosen_bundle_idx_by_customer": [
    0,
    0,
    16,
    16,
    0,
    16,
    16,
    10,
    0,
    18,
    0,
    16,
    24,
    0,
    0,
    0,
    0,
    0,
    0,
    13,
    10,
    0,
    7,
    0,
    2,
    26,
    16,
    28,
    8,
    0,
    0,
    0,
    0,
    0,
    16,
    16,
    0,
    16,
    24,
    16,
    22,
    0,
    27,
    0,
    23,
    31,
    0,
    19,
    9,
    16
  ],
  "chosen_product_matrix": [
    [
      0,
      0,
      0,
      0,
      0
    ],
    [
      0,
      0,
      0,
      0,
      0
    ],
    [
      1,
      0,
      0,
      0,
      0
    ],
    [
      1,
      0,
      0,
      0,
      0
    ],
    [
      0,
      0,
      0,
      0,
      0
    ],
    [
      1,
      0,
      0,
      0,
      0
    ],
    [
      1,
      0,
      0,
      0,
      0
    ],
    [
      0,
      1,
      0,
      1,
      0
    ],
    [
      0,
      0,
      0,
      0,
      0
    ],
    [
      1,
      0,
      0,
      1,
      0
    ],
    [
      0,
      0,
      0,
      0,
      0
    ],
    [
      1,
      0,
      0,
      0,
      0
    ],
    [
      1,
      1,
      0,
      0,
      0
    ],
    [
      0,
      0,
      0,
      0,
      0
    ],
    [
      0,
      0,
      0,
      0,
      0
    ],
    [
      0,
      0,
      0,
      0,
      0
    ],
    [
      0,
      0,
      0,
      0,
      0
    ],
    [
      0,
      0,
      0,
      0,
      0
    ],
    [
      0,
      0,
      0,
      0,
      0
    ],
    [
      0,
      1,
      1,
      0,
      1
    ],
    [
      0,
      1,
      0,
      1,
      0
    ],
    [
      0,
      0,
      0,
      0,
      0
    ],
    [
      0,
      0,
      1,
      1,
      1
    ],
    [
      0,
      0,
      0,
      0,
      0
    ],
    [
      0,
      0,
      0,
      1,
      0
    ],
    [
      1,
      1,
      0,
      1,
      0
    ],
    [
      1,
      0,
      0,
      0,
      0
    ],
    [
      1,
      1,
      1,
      0,
      0
    ],
    [
      0,
      1,
      0,
      0,
      0
    ],
    [
      0,
      0,
      0,
      0,
      0
    ],
    [
      0,
      0,
      0,
      0,
      0
    ],
    [
      0,
      0,
      0,
      0,
      0
    ],
    [
      0,
      0,
      0,
      0,
      0
    ],
    [
      0,
      0,
      0,
      0,
      0
    ],
    [
      1,
      0,
      0,
      0,
      0
    ],
    [
      1,
      0,
      0,
      0,
      0
    ],
    [
      0,
      0,
      0,
      0,
      0
    ],
    [
      1,
      0,
      0,
      0,
      0
    ],
    [
      1,
      1,
      0,
      0,
      0
    ],
    [
      1,
      0,
      0,
      0,
      0
    ],
    [
      1,
      0,
      1,
      1,
      0
    ],
    [
      0,
      0,
      0,
      0,
      0
    ],
    [
      1,
      1,
      0,
      1,
      1
    ],
    [
      0,
      0,
      0,
      0,
      0
    ],
    [
      1,
      0,
      1,
      1,
      1
    ],
    [
      1,
      1,
      1,
      1,
      1
    ],
    [
      0,
      0,
      0,
      0,
      0
    ],
    [
      1,
      0,
      0,
      1,
      1
    ],
    [
      0,
      1,
      0,
      0,
      1
    ],
    [
      1,
      0,
      0,
      0,
      0
    ]
  ],
  "assortments": [
    [
      0,
      0,
      0,
      0,
      0
    ],
    [
      0,
      0,
      0,
      0,
      1
    ],
    [
      0,
      0,
      0,
      1,
      0
    ],
    [
      0,
      0,
      0,
      1,
      1
    ],
    [
      0,
      0,
      1,
      0,
      0
    ],
    [
      0,
      0,
      1,
      0,
      1
    ],
    [
      0,
      0,
      1,
      1,
      0
    ],
    [
      0,
      0,
      1,
      1,
      1
    ],
    [
      0,
      1,
      0,
      0,
      0
    ],
    [
      0,
      1,
      0,
      0,
      1
    ],
    [
      0,
      1,
      0,
      1,
      0
    ],
    [
      0,
      1,
      0,
      1,
      1
    ],
    [
      0,
      1,
      1,
      0,
      0
    ],
    [
      0,
      1,
      1,
      0,
      1
    ],
    [
      0,
      1,
      1,
      1,
      0
    ],
    [
      0,
      1,
      1,
      1,
      1
    ],
    [
      1,
      0,
      0,
      0,
      0
    ],
    [
      1,
      0,
      0,
      0,
      1
    ],
    [
      1,
      0,
      0,
      1,
      0
    ],
    [
      1,
      0,
      0,
      1,
      1
    ],
    [
      1,
      0,
      1,
      0,
      0
    ],
    [
      1,
      0,
      1,
      0,
      1
    ],
    [
      1,
      0,
      1,
      1,
      0
    ],
    [
      1,
      0,
      1,
      1,
      1
    ],
    [
      1,
      1,
      0,
      0,
      0
    ],
    [
      1,
      1,
      0,
      0,
      1
    ],
    [
      1,
      1,
      0,
      1,
      0
    ],
    [
      1,
      1,
      0,
      1,
      1
    ],
    [
      1,
      1,
      1,
      0,
      0
    ],
    [
      1,
      1,
      1,
      0,
      1
    ],
    [
      1,
      1,
      1,
      1,
      0
    ],
    [
      1,
      1,
      1,
      1,
      1
    ]
  ]
}