{
  "solver_status": 2,
  "feasible": true,
  "mb_formulation_version": 6,
  "runtime": 97.06018996238708,
  "wall_time": 97.06024384498596,
  "mip_gap": 0.009573762030666505,
  "objective": 1.196721528198964,
  "revenue_in_sample": 1.1967215281989616,
  "model_num_vars": 6281,
  "model_num_binvars": 1550,
  "model_num_constrs": 10471,
  "bundle_space_size": 32,
  "subadditivity_mode": "full_partition",
  "policy_scope": "full_bundle_prices",
  "bundle_prices": {
    "4": 1.5938843598934003,
    "8": 1.444042605966221,
    "18": 2.152695954458455,
    "20": 2.760457923499401,
    "22": 3.3726812916887696,
    "24": 2.0230914208514124,
    "25": 3.7962462455905905,
    "26": 3.095560858354282,
    "27": 4.437323595818933,
    "28": 3.086163021507762,
    "29": 4.942979093233522,
    "30": 3.881694629417061,
    "31": 5.5227135005938335
  },
  "bundle_prices_full": {
    "0": 0.0,
    "1": 6.893154708747675,
    "2": 6.893154708747671,
    "3": 6.893154708747676,
    "4": 1.5938843598934003,
    "5": 6.893154708747671,
    "6": 6.893154708747675,
    "7": 3.9944824045710714,
    "8": 1.444042605966221,
    "9": 6.893154708747674,
    "10": 6.893154708747675,
    "11": 3.800178625427497,
    "12": 2.436193512027712,
    "13": 5.0609362895235455,
    "14": 6.893154708747674,
    "15": 4.731989388558814,
    "16": 3.8019917135513484,
    "17": 6.893154708747675,
    "18": 2.152695954458455,
    "19": 3.6998166118311913,
    "20": 2.760457923499401,
    "21": 4.619105623810251,
    "22": 3.3726812916887696,
    "23": 4.78520651660609,
    "24": 2.0230914208514124,
    "25": 3.7962462455905905,
    "26": 3.095560858354282,
    "27": 4.437323595818933,
    "28": 3.086163021507762,
    "29": 4.942979093233522,
    "30": 3.881694629417061,
    "31": 5.5227135005938335
  },
  "bundle_prices_selected": {
    "4": 1.5938843598934003,
    "8": 1.444042605966221,
    "18": 2.152695954458455,
    "20": 2.760457923499401,
    "22": 3.3726812916887696,
    "24": 2.0230914208514124,
    "25": 3.7962462455905905,
    "26": 3.095560858354282,
    "27": 4.437323595818933,
    "28": 3.086163021507762,
    "29": 4.942979093233522,
    "30": 3.881694629417061,
    "31": 5.5227135005938335
  },
  "chosen_bundle_idx_by_customer": [
    28,
    29,
    28,
    24,
    0,
    28,
    24,
    28,
    27,
    24,
    0,
    18,
    30,
    18,
    24,
    28,
    28,
    26,
    28,
    31,
    28,
    30,
    8,
    0,
    24,
    28,
    24,
    28,
    8,
    20,
    26,
    8,
    24,
    26,
    24,
    28,
    18,
    30,
    0,
    0,
    0,
    24,
    25,
    24,
    29,
    26,
    26,
    4,
    22,
    0
  ],
  "chosen_product_matrix": [
    [
      1,
      1,
      1,
      0,
      0
    ],
    [
      1,
      1,
      1,
      0,
      1
    ],
    [
      1,
      1,
      1,
      0,
      0
    ],
    [
      1,
      1,
      0,
      0,
      0
    ],
    [
      0,
      0,
      0,
      0,
      0
    ],
    [
      1,
      1,
      1,
      0,
      0
    ],
    [
      1,
      1,
      0,
      0,
      0
    ],
    [
      1,
      1,
      1,
      0,
      0
    ],
    [
      1,
      1,
      0,
      1,
      1
    ],
    [
      1,
      1,
      0,
      0,
      0
    ],
    [
      0,
      0,
      0,
      0,
      0
    ],
    [
      1,
      0,
      0,
      1,
      0
    ],
    [
      1,
      1,
      1,
      1,
      0
    ],
    [
      1,
      0,
      0,
      1,
      0
    ],
    [
      1,
      1,
      0,
      0,
      0
    ],
    [
      1,
      1,
      1,
      0,
      0
    ],
    [
      1,
      1,
      1,
      0,
      0
    ],
    [
      1,
      1,
      0,
      1,
      0
    ],
    [
      1,
      1,
      1,
      0,
      0
    ],
    [
      1,
      1,
      1,
      1,
      1
    ],
    [
      1,
      1,
      1,
      0,
      0
    ],
    [
      1,
      1,
      1,
      1,
      0
    ],
    [
      0,
      1,
      0,
      0,
      0
    ],
    [
      0,
      0,
      0,
      0,
      0
    ],
    [
      1,
      1,
      0,
      0,
      0
    ],
    [
      1,
      1,
      1,
      0,
      0
    ],
    [
      1,
      1,
      0,
      0,
      0
    ],
    [
      1,
      1,
      1,
      0,
      0
    ],
    [
      0,
      1,
      0,
      0,
      0
    ],
    [
      1,
      0,
      1,
      0,
      0
    ],
    [
      1,
      1,
      0,
      1,
      0
    ],
    [
      0,
      1,
      0,
      0,
      0
    ],
    [
      1,
      1,
      0,
      0,
      0
    ],
    [
      1,
      1,
      0,
      1,
      0
    ],
    [
      1,
      1,
      0,
      0,
      0
    ],
    [
      1,
      1,
      1,
      0,
      0
    ],
    [
      1,
      0,
      0,
      1,
      0
    ],
    [
      1,
      1,
      1,
      1,
      0
    ],
    [
      0,
      0,
      0,
      0,
      0
    ],
    [
      0,
      0,
      0,
      0,
      0
    ],
    [
      0,
      0,
      0,
      0,
      0
    ],
    [
      1,
      1,
      0,
      0,
      0
    ],
    [
      1,
      1,
      0,
      0,
      1
    ],
    [
      1,
      1,
      0,
      0,
      0
    ],
    [
      1,
      1,
      1,
      0,
      1
    ],
    [
      1,
      1,
      0,
      1,
      0
    ],
    [
      1,
      1,
      0,
      1,
      0
    ],
    [
      0,
      0,
      1,
      0,
      0
    ],
    [
      1,
      0,
      1,
      1,
      0
    ],
    [
      0,
      0,
      0,
      0,
      0
    ]
  ],
  "assortments": [
    [
      0,
      0,
      0,
      0,
      0
    ],
    [
      0,
      0,
      0,
      0,
      1
    ],
    [
      0,
      0,
      0,
      1,
      0
    ],
    [
      0,
      0,
      0,
      1,
      1
    ],
    [
      0,
      0,
      1,
      0,
      0
    ],
    [
      0,
      0,
      1,
      0,
      1
    ],
    [
      0,
      0,
      1,
      1,
      0
    ],
    [
      0,
      0,
      1,
      1,
      1
    ],
    [
      0,
      1,
      0,
      0,
      0
    ],
    [
      0,
      1,
      0,
      0,
      1
    ],
    [
      0,
      1,
      0,
      1,
      0
    ],
    [
      0,
      1,
      0,
      1,
      1
    ],
    [
      0,
      1,
      1,
      0,
      0
    ],
    [
      0,
      1,
      1,
      0,
      1
    ],
    [
      0,
      1,
      1,
      1,
      0
    ],
    [
      0,
      1,
      1,
      1,
      1
    ],
    [
      1,
      0,
      0,
      0,
      0
    ],
    [
      1,
      0,
      0,
      0,
      1
    ],
    [
      1,
      0,
      0,
      1,
      0
    ],
    [
      1,
      0,
      0,
      1,
      1
    ],
    [
      1,
      0,
      1,
      0,
      0
    ],
    [
      1,
      0,
      1,
      0,
      1
    ],
    [
      1,
      0,
      1,
      1,
      0
    ],
    [
      1,
      0,
      1,
      1,
      1
    ],
    [
      1,
      1,
      0,
      0,
      0
    ],
    [
      1,
      1,
      0,
      0,
      1
    ],
    [
      1,
      1,
      0,
      1,
      0
    ],
    [
      1,
      1,
      0,
      1,
      1
    ],
    [
      1,
      1,
      1,
      0,
      0
    ],
    [
      1,
      1,
      1,
      0,
      1
    ],
    [
      1,
      1,
      1,
      1,
      0
    ],
    [
      1,
      1,
      1,
      1,
      1
    ]
  ]
}