{
  "solver_status": 2,
  "feasible": true,
  "mb_formulation_version": 6,
  "runtime": 35.48650503158569,
  "wall_time": 35.486523151397705,
  "mip_gap": 0.0,
  "objective": 0.987449075179557,
  "revenue_in_sample": 0.9874490751795563,
  "model_num_vars": 6281,
  "model_num_binvars": 1550,
  "model_num_constrs": 10471,
  "bundle_space_size": 32,
  "subadditivity_mode": "full_partition",
  "policy_scope": "full_bundle_prices",
  "bundle_prices": {
    "4": 1.336855321511507,
    "23": 5.244009659392136,
    "24": 2.0737763073408964,
    "25": 3.967110348904813,
    "26": 3.654831289291418,
    "28": 2.8848036301569877,
    "29": 5.136648364510343,
    "30": 4.37459991434125
  },
  "bundle_prices_full": {
    "0": 0.0,
    "1": 8.209104220053163,
    "2": 8.209104220053163,
    "3": 8.209104220053163,
    "4": 1.336855321511507,
    "5": 8.20910422005316,
    "6": 4.949590802534548,
    "7": 8.209104220053165,
    "8": 6.760276695471662,
    "9": 8.209104220053163,
    "10": 8.209104220053161,
    "11": 8.209104220053165,
    "12": 6.760276695471665,
    "13": 8.20910422005316,
    "14": 3.5394838480650037,
    "15": 5.110306363220772,
    "16": 8.20910422005316,
    "17": 8.209104220053163,
    "18": 8.209104220053163,
    "19": 8.209104220053165,
    "20": 6.7602766954716635,
    "21": 8.209104220053163,
    "22": 3.7320568516850665,
    "23": 5.244009659392136,
    "24": 2.0737763073408964,
    "25": 3.967110348904813,
    "26": 3.654831289291418,
    "27": 5.163604734199814,
    "28": 2.8848036301569877,
    "29": 5.136648364510343,
    "30": 4.37459991434125,
    "31": 6.337916658183413
  },
  "bundle_prices_selected": {
    "4": 1.336855321511507,
    "23": 5.244009659392136,
    "24": 2.0737763073408964,
    "25": 3.967110348904813,
    "26": 3.654831289291418,
    "28": 2.8848036301569877,
    "29": 5.136648364510343,
    "30": 4.37459991434125
  },
  "chosen_bundle_idx_by_customer": [
    30,
    28,
    28,
    30,
    28,
    30,
    0,
    0,
    30,
    0,
    0,
    0,
    24,
    0,
    24,
    23,
    24,
    24,
    24,
    4,
    0,
    0,
    28,
    0,
    28,
    28,
    26,
    0,
    0,
    0,
    30,
    0,
    0,
    24,
    24,
    30,
    28,
    0,
    24,
    24,
    29,
    28,
    0,
    0,
    0,
    28,
    30,
    28,
    25,
    24
  ],
  "chosen_product_matrix": [
    [
      1,
      1,
      1,
      1,
      0
    ],
    [
      1,
      1,
      1,
      0,
      0
    ],
    [
      1,
      1,
      1,
      0,
      0
    ],
    [
      1,
      1,
      1,
      1,
      0
    ],
    [
      1,
      1,
      1,
      0,
      0
    ],
    [
      1,
      1,
      1,
      1,
      0
    ],
    [
      0,
      0,
      0,
      0,
      0
    ],
    [
      0,
      0,
      0,
      0,
      0
    ],
    [
      1,
      1,
      1,
      1,
      0
    ],
    [
      0,
      0,
      0,
      0,
      0
    ],
    [
      0,
      0,
      0,
      0,
      0
    ],
    [
      0,
      0,
      0,
      0,
      0
    ],
    [
      1,
      1,
      0,
      0,
      0
    ],
    [
      0,
      0,
      0,
      0,
      0
    ],
    [
      1,
      1,
      0,
      0,
      0
    ],
    [
      1,
      0,
      1,
      1,
      1
    ],
    [
      1,
      1,
      0,
      0,
      0
    ],
    [
      1,
      1,
      0,
      0,
      0
    ],
    [
      1,
      1,
      0,
      0,
      0
    ],
    [
      0,
      0,
      1,
      0,
      0
    ],
    [
      0,
      0,
      0,
      0,
      0
    ],
    [
      0,
      0,
      0,
      0,
      0
    ],
    [
      1,
      1,
      1,
      0,
      0
    ],
    [
      0,
      0,
      0,
      0,
      0
    ],
    [
      1,
      1,
      1,
      0,
      0
    ],
    [
      1,
      1,
      1,
      0,
      0
    ],
    [
      1,
      1,
      0,
      1,
      0
    ],
    [
      0,
      0,
      0,
      0,
      0
    ],
    [
      0,
      0,
      0,
      0,
      0
    ],
    [
      0,
      0,
      0,
      0,
      0
    ],
    [
      1,
      1,
      1,
      1,
      0
    ],
    [
      0,
      0,
      0,
      0,
      0
    ],
    [
      0,
      0,
      0,
      0,
      0
    ],
    [
      1,
      1,
      0,
      0,
      0
    ],
    [
      1,
      1,
      0,
      0,
      0
    ],
    [
      1,
      1,
      1,
      1,
      0
    ],
    [
      1,
      1,
      1,
      0,
      0
    ],
    [
      0,
      0,
      0,
      0,
      0
    ],
    [
      1,
      1,
      0,
      0,
      0
    ],
    [
      1,
      1,
      0,
      0,
      0
    ],
    [
      1,
      1,
      1,
      0,
      1
    ],
    [
      1,
      1,
      1,
      0,
      0
    ],
    [
      0,
      0,
      0,
      0,
      0
    ],
    [
      0,
      0,
      0,
      0,
      0
    ],
    [
      0,
      0,
      0,
      0,
      0
    ],
    [
      1,
      1,
      1,
      0,
      0
    ],
    [
      1,
      1,
      1,
      1,
      0
    ],
    [
      1,
      1,
      1,
      0,
      0
    ],
    [
      1,
      1,
      0,
      0,
      1
    ],
    [
      1,
      1,
      0,
      0,
      0
    ]
  ],
  "assortments": [
    [
      0,
      0,
      0,
      0,
      0
    ],
    [
      0,
      0,
      0,
      0,
      1
    ],
    [
      0,
      0,
      0,
      1,
      0
    ],
    [
      0,
      0,
      0,
      1,
      1
    ],
    [
      0,
      0,
      1,
      0,
      0
    ],
    [
      0,
      0,
      1,
      0,
      1
    ],
    [
      0,
      0,
      1,
      1,
      0
    ],
    [
      0,
      0,
      1,
      1,
      1
    ],
    [
      0,
      1,
      0,
      0,
      0
    ],
    [
      0,
      1,
      0,
      0,
      1
    ],
    [
      0,
      1,
      0,
      1,
      0
    ],
    [
      0,
      1,
      0,
      1,
      1
    ],
    [
      0,
      1,
      1,
      0,
      0
    ],
    [
      0,
      1,
      1,
      0,
      1
    ],
    [
      0,
      1,
      1,
      1,
      0
    ],
    [
      0,
      1,
      1,
      1,
      1
    ],
    [
      1,
      0,
      0,
      0,
      0
    ],
    [
      1,
      0,
      0,
      0,
      1
    ],
    [
      1,
      0,
      0,
      1,
      0
    ],
    [
      1,
      0,
      0,
      1,
      1
    ],
    [
      1,
      0,
      1,
      0,
      0
    ],
    [
      1,
      0,
      1,
      0,
      1
    ],
    [
      1,
      0,
      1,
      1,
      0
    ],
    [
      1,
      0,
      1,
      1,
      1
    ],
    [
      1,
      1,
      0,
      0,
      0
    ],
    [
      1,
      1,
      0,
      0,
      1
    ],
    [
      1,
      1,
      0,
      1,
      0
    ],
    [
      1,
      1,
      0,
      1,
      1
    ],
    [
      1,
      1,
      1,
      0,
      0
    ],
    [
      1,
      1,
      1,
      0,
      1
    ],
    [
      1,
      1,
      1,
      1,
      0
    ],
    [
      1,
      1,
      1,
      1,
      1
    ]
  ]
}