{
  "solver_status": 9,
  "feasible": true,
  "mb_formulation_version": 6,
  "runtime": 300.0843508243561,
  "wall_time": 300.08726501464844,
  "mip_gap": 0.043163525662084444,
  "objective": 1.4092401304427138,
  "revenue_in_sample": 1.4092401304427105,
  "model_num_vars": 6281,
  "model_num_binvars": 1550,
  "model_num_constrs": 10471,
  "bundle_space_size": 32,
  "subadditivity_mode": "full_partition",
  "policy_scope": "full_bundle_prices",
  "bundle_prices": {
    "1": 5.4533326669508435,
    "3": 10.691772843732291,
    "5": 9.959865097820654,
    "7": 15.208652588522074,
    "15": 16.717482066091723,
    "19": 11.221978923899833,
    "20": 6.1846823938335245,
    "22": 11.168120669182088,
    "23": 15.99504886177229,
    "24": 2.9703136558242558,
    "25": 7.5515730773796275,
    "27": 12.567739846860364,
    "28": 7.615198827042011,
    "29": 12.213815589331094,
    "30": 12.413025676309363,
    "31": 17.47799993684052
  },
  "bundle_prices_full": {
    "0": 0.0,
    "1": 5.4533326669508435,
    "2": 21.024942834425342,
    "3": 10.691772843732291,
    "4": 19.81712669782439,
    "5": 9.959865097820654,
    "6": 10.291573626497222,
    "7": 15.208652588522074,
    "8": 17.354655594049788,
    "9": 6.777982544831147,
    "10": 21.02494283442533,
    "11": 11.91752526499281,
    "12": 16.91326329764497,
    "13": 11.577939345930059,
    "14": 21.024942834425342,
    "15": 16.717482066091723,
    "16": 21.02494283442533,
    "17": 21.02494283442533,
    "18": 21.024942834425342,
    "19": 11.221978923899833,
    "20": 6.1846823938335245,
    "21": 11.061355718099552,
    "22": 11.168120669182088,
    "23": 15.99504886177229,
    "24": 2.9703136558242558,
    "25": 7.5515730773796275,
    "26": 7.866587588795275,
    "27": 12.567739846860364,
    "28": 7.615198827042011,
    "29": 12.213815589331094,
    "30": 12.413025676309363,
    "31": 17.47799993684052
  },
  "bundle_prices_selected": {
    "1": 5.4533326669508435,
    "3": 10.691772843732291,
    "5": 9.959865097820654,
    "7": 15.208652588522074,
    "15": 16.717482066091723,
    "19": 11.221978923899833,
    "20": 6.1846823938335245,
    "22": 11.168120669182088,
    "23": 15.99504886177229,
    "24": 2.9703136558242558,
    "25": 7.5515730773796275,
    "27": 12.567739846860364,
    "28": 7.615198827042011,
    "29": 12.213815589331094,
    "30": 12.413025676309363,
    "31": 17.47799993684052
  },
  "chosen_bundle_idx_by_customer": [
    0,
    5,
    22,
    0,
    0,
    27,
    23,
    15,
    7,
    19,
    19,
    25,
    30,
    31,
    20,
    19,
    7,
    20,
    0,
    30,
    31,
    0,
    5,
    31,
    23,
    0,
    19,
    0,
    0,
    19,
    29,
    1,
    0,
    0,
    23,
    29,
    30,
    5,
    31,
    29,
    5,
    23,
    29,
    28,
    23,
    0,
    24,
    23,
    3,
    29
  ],
  "chosen_product_matrix": [
    [
      0,
      0,
      0,
      0,
      0
    ],
    [
      0,
      0,
      1,
      0,
      1
    ],
    [
      1,
      0,
      1,
      1,
      0
    ],
    [
      0,
      0,
      0,
      0,
      0
    ],
    [
      0,
      0,
      0,
      0,
      0
    ],
    [
      1,
      1,
      0,
      1,
      1
    ],
    [
      1,
      0,
      1,
      1,
      1
    ],
    [
      0,
      1,
      1,
      1,
      1
    ],
    [
      0,
      0,
      1,
      1,
      1
    ],
    [
      1,
      0,
      0,
      1,
      1
    ],
    [
      1,
      0,
      0,
      1,
      1
    ],
    [
      1,
      1,
      0,
      0,
      1
    ],
    [
      1,
      1,
      1,
      1,
      0
    ],
    [
      1,
      1,
      1,
      1,
      1
    ],
    [
      1,
      0,
      1,
      0,
      0
    ],
    [
      1,
      0,
      0,
      1,
      1
    ],
    [
      0,
      0,
      1,
      1,
      1
    ],
    [
      1,
      0,
      1,
      0,
      0
    ],
    [
      0,
      0,
      0,
      0,
      0
    ],
    [
      1,
      1,
      1,
      1,
      0
    ],
    [
      1,
      1,
      1,
      1,
      1
    ],
    [
      0,
      0,
      0,
      0,
      0
    ],
    [
      0,
      0,
      1,
      0,
      1
    ],
    [
      1,
      1,
      1,
      1,
      1
    ],
    [
      1,
      0,
      1,
      1,
      1
    ],
    [
      0,
      0,
      0,
      0,
      0
    ],
    [
      1,
      0,
      0,
      1,
      1
    ],
    [
      0,
      0,
      0,
      0,
      0
    ],
    [
      0,
      0,
      0,
      0,
      0
    ],
    [
      1,
      0,
      0,
      1,
      1
    ],
    [
      1,
      1,
      1,
      0,
      1
    ],
    [
      0,
      0,
      0,
      0,
      1
    ],
    [
      0,
      0,
      0,
      0,
      0
    ],
    [
      0,
      0,
      0,
      0,
      0
    ],
    [
      1,
      0,
      1,
      1,
      1
    ],
    [
      1,
      1,
      1,
      0,
      1
    ],
    [
      1,
      1,
      1,
      1,
      0
    ],
    [
      0,
      0,
      1,
      0,
      1
    ],
    [
      1,
      1,
      1,
      1,
      1
    ],
    [
      1,
      1,
      1,
      0,
      1
    ],
    [
      0,
      0,
      1,
      0,
      1
    ],
    [
      1,
      0,
      1,
      1,
      1
    ],
    [
      1,
      1,
      1,
      0,
      1
    ],
    [
      1,
      1,
      1,
      0,
      0
    ],
    [
      1,
      0,
      1,
      1,
      1
    ],
    [
      0,
      0,
      0,
      0,
      0
    ],
    [
      1,
      1,
      0,
      0,
      0
    ],
    [
      1,
      0,
      1,
      1,
      1
    ],
    [
      0,
      0,
      0,
      1,
      1
    ],
    [
      1,
      1,
      1,
      0,
      1
    ]
  ],
  "assortments": [
    [
      0,
      0,
      0,
      0,
      0
    ],
    [
      0,
      0,
      0,
      0,
      1
    ],
    [
      0,
      0,
      0,
      1,
      0
    ],
    [
      0,
      0,
      0,
      1,
      1
    ],
    [
      0,
      0,
      1,
      0,
      0
    ],
    [
      0,
      0,
      1,
      0,
      1
    ],
    [
      0,
      0,
      1,
      1,
      0
    ],
    [
      0,
      0,
      1,
      1,
      1
    ],
    [
      0,
      1,
      0,
      0,
      0
    ],
    [
      0,
      1,
      0,
      0,
      1
    ],
    [
      0,
      1,
      0,
      1,
      0
    ],
    [
      0,
      1,
      0,
      1,
      1
    ],
    [
      0,
      1,
      1,
      0,
      0
    ],
    [
      0,
      1,
      1,
      0,
      1
    ],
    [
      0,
      1,
      1,
      1,
      0
    ],
    [
      0,
      1,
      1,
      1,
      1
    ],
    [
      1,
      0,
      0,
      0,
      0
    ],
    [
      1,
      0,
      0,
      0,
      1
    ],
    [
      1,
      0,
      0,
      1,
      0
    ],
    [
      1,
      0,
      0,
      1,
      1
    ],
    [
      1,
      0,
      1,
      0,
      0
    ],
    [
      1,
      0,
      1,
      0,
      1
    ],
    [
      1,
      0,
      1,
      1,
      0
    ],
    [
      1,
      0,
      1,
      1,
      1
    ],
    [
      1,
      1,
      0,
      0,
      0
    ],
    [
      1,
      1,
      0,
      0,
      1
    ],
    [
      1,
      1,
      0,
      1,
      0
    ],
    [
      1,
      1,
      0,
      1,
      1
    ],
    [
      1,
      1,
      1,
      0,
      0
    ],
    [
      1,
      1,
      1,
      0,
      1
    ],
    [
      1,
      1,
      1,
      1,
      0
    ],
    [
      1,
      1,
      1,
      1,
      1
    ]
  ]
}