{
  "solver_status": 2,
  "feasible": true,
  "mb_formulation_version": 6,
  "runtime": 61.055811166763306,
  "wall_time": 61.05582785606384,
  "mip_gap": 0.00764813780411033,
  "objective": 2.6461692088615627,
  "revenue_in_sample": 2.6461692088615627,
  "model_num_vars": 6281,
  "model_num_binvars": 1550,
  "model_num_constrs": 10471,
  "bundle_space_size": 32,
  "subadditivity_mode": "full_partition",
  "policy_scope": "full_bundle_prices",
  "bundle_prices": {
    "4": 8.140668762365713,
    "11": 17.696165914156346,
    "12": 9.201973763586876,
    "15": 25.293610446485715,
    "16": 1.560259341305488,
    "19": 18.100659381179355,
    "20": 8.836626272697295,
    "22": 19.073253348148768,
    "25": 10.431818138417633,
    "27": 19.256425255462,
    "28": 10.193521749734984,
    "29": 16.16706145094367,
    "30": 21.197526427659632,
    "31": 26.188412657795233
  },
  "bundle_prices_full": {
    "0": 0.0,
    "1": 32.210716912153416,
    "2": 31.85777774136086,
    "3": 17.15720451015622,
    "4": 8.140668762365713,
    "5": 35.592123146859144,
    "6": 17.73761667076978,
    "7": 24.953876658448237,
    "8": 6.580217502850761,
    "9": 9.877670723774074,
    "10": 12.477099486012701,
    "11": 17.696165914156346,
    "12": 9.201973763586876,
    "13": 15.567439998997425,
    "14": 20.10463740495434,
    "15": 25.293610446485715,
    "16": 1.560259341305488,
    "17": 32.79243886776376,
    "18": 11.995552664072598,
    "19": 18.100659381179355,
    "20": 8.836626272697295,
    "21": 15.03637932736697,
    "22": 19.073253348148768,
    "23": 25.00185483541209,
    "24": 8.14047619047619,
    "25": 10.431818138417633,
    "26": 13.569988508717627,
    "27": 19.256425255462,
    "28": 10.193521749734984,
    "29": 16.16706145094367,
    "30": 21.197526427659632,
    "31": 26.188412657795233
  },
  "bundle_prices_selected": {
    "4": 8.140668762365713,
    "11": 17.696165914156346,
    "12": 9.201973763586876,
    "15": 25.293610446485715,
    "16": 1.560259341305488,
    "19": 18.100659381179355,
    "20": 8.836626272697295,
    "22": 19.073253348148768,
    "25": 10.431818138417633,
    "27": 19.256425255462,
    "28": 10.193521749734984,
    "29": 16.16706145094367,
    "30": 21.197526427659632,
    "31": 26.188412657795233
  },
  "chosen_bundle_idx_by_customer": [
    0,
    0,
    0,
    0,
    4,
    0,
    16,
    28,
    29,
    0,
    0,
    0,
    29,
    0,
    22,
    20,
    15,
    20,
    0,
    29,
    0,
    0,
    0,
    16,
    0,
    27,
    0,
    0,
    30,
    31,
    0,
    0,
    16,
    12,
    0,
    15,
    16,
    0,
    0,
    25,
    0,
    25,
    19,
    0,
    0,
    0,
    28,
    11,
    0,
    0
  ],
  "chosen_product_matrix": [
    [
      0,
      0,
      0,
      0,
      0
    ],
    [
      0,
      0,
      0,
      0,
      0
    ],
    [
      0,
      0,
      0,
      0,
      0
    ],
    [
      0,
      0,
      0,
      0,
      0
    ],
    [
      0,
      0,
      1,
      0,
      0
    ],
    [
      0,
      0,
      0,
      0,
      0
    ],
    [
      1,
      0,
      0,
      0,
      0
    ],
    [
      1,
      1,
      1,
      0,
      0
    ],
    [
      1,
      1,
      1,
      0,
      1
    ],
    [
      0,
      0,
      0,
      0,
      0
    ],
    [
      0,
      0,
      0,
      0,
      0
    ],
    [
      0,
      0,
      0,
      0,
      0
    ],
    [
      1,
      1,
      1,
      0,
      1
    ],
    [
      0,
      0,
      0,
      0,
      0
    ],
    [
      1,
      0,
      1,
      1,
      0
    ],
    [
      1,
      0,
      1,
      0,
      0
    ],
    [
      0,
      1,
      1,
      1,
      1
    ],
    [
      1,
      0,
      1,
      0,
      0
    ],
    [
      0,
      0,
      0,
      0,
      0
    ],
    [
      1,
      1,
      1,
      0,
      1
    ],
    [
      0,
      0,
      0,
      0,
      0
    ],
    [
      0,
      0,
      0,
      0,
      0
    ],
    [
      0,
      0,
      0,
      0,
      0
    ],
    [
      1,
      0,
      0,
      0,
      0
    ],
    [
      0,
      0,
      0,
      0,
      0
    ],
    [
      1,
      1,
      0,
      1,
      1
    ],
    [
      0,
      0,
      0,
      0,
      0
    ],
    [
      0,
      0,
      0,
      0,
      0
    ],
    [
      1,
      1,
      1,
      1,
      0
    ],
    [
      1,
      1,
      1,
      1,
      1
    ],
    [
      0,
      0,
      0,
      0,
      0
    ],
    [
      0,
      0,
      0,
      0,
      0
    ],
    [
      1,
      0,
      0,
      0,
      0
    ],
    [
      0,
      1,
      1,
      0,
      0
    ],
    [
      0,
      0,
      0,
      0,
      0
    ],
    [
      0,
      1,
      1,
      1,
      1
    ],
    [
      1,
      0,
      0,
      0,
      0
    ],
    [
      0,
      0,
      0,
      0,
      0
    ],
    [
      0,
      0,
      0,
      0,
      0
    ],
    [
      1,
      1,
      0,
      0,
      1
    ],
    [
      0,
      0,
      0,
      0,
      0
    ],
    [
      1,
      1,
      0,
      0,
      1
    ],
    [
      1,
      0,
      0,
      1,
      1
    ],
    [
      0,
      0,
      0,
      0,
      0
    ],
    [
      0,
      0,
      0,
      0,
      0
    ],
    [
      0,
      0,
      0,
      0,
      0
    ],
    [
      1,
      1,
      1,
      0,
      0
    ],
    [
      0,
      1,
      0,
      1,
      1
    ],
    [
      0,
      0,
      0,
      0,
      0
    ],
    [
      0,
      0,
      0,
      0,
      0
    ]
  ],
  "assortments": [
    [
      0,
      0,
      0,
      0,
      0
    ],
    [
      0,
      0,
      0,
      0,
      1
    ],
    [
      0,
      0,
      0,
      1,
      0
    ],
    [
      0,
      0,
      0,
      1,
      1
    ],
    [
      0,
      0,
      1,
      0,
      0
    ],
    [
      0,
      0,
      1,
      0,
      1
    ],
    [
      0,
      0,
      1,
      1,
      0
    ],
    [
      0,
      0,
      1,
      1,
      1
    ],
    [
      0,
      1,
      0,
      0,
      0
    ],
    [
      0,
      1,
      0,
      0,
      1
    ],
    [
      0,
      1,
      0,
      1,
      0
    ],
    [
      0,
      1,
      0,
      1,
      1
    ],
    [
      0,
      1,
      1,
      0,
      0
    ],
    [
      0,
      1,
      1,
      0,
      1
    ],
    [
      0,
      1,
      1,
      1,
      0
    ],
    [
      0,
      1,
      1,
      1,
      1
    ],
    [
      1,
      0,
      0,
      0,
      0
    ],
    [
      1,
      0,
      0,
      0,
      1
    ],
    [
      1,
      0,
      0,
      1,
      0
    ],
    [
      1,
      0,
      0,
      1,
      1
    ],
    [
      1,
      0,
      1,
      0,
      0
    ],
    [
      1,
      0,
      1,
      0,
      1
    ],
    [
      1,
      0,
      1,
      1,
      0
    ],
    [
      1,
      0,
      1,
      1,
      1
    ],
    [
      1,
      1,
      0,
      0,
      0
    ],
    [
      1,
      1,
      0,
      0,
      1
    ],
    [
      1,
      1,
      0,
      1,
      0
    ],
    [
      1,
      1,
      0,
      1,
      1
    ],
    [
      1,
      1,
      1,
      0,
      0
    ],
    [
      1,
      1,
      1,
      0,
      1
    ],
    [
      1,
      1,
      1,
      1,
      0
    ],
    [
      1,
      1,
      1,
      1,
      1
    ]
  ]
}