{
  "solver_status": 9,
  "feasible": true,
  "mb_formulation_version": 6,
  "runtime": 300.04503107070923,
  "wall_time": 300.0496346950531,
  "mip_gap": 0.041487382376647515,
  "objective": 1.8268504063950095,
  "revenue_in_sample": 1.826850406394971,
  "model_num_vars": 6281,
  "model_num_binvars": 1550,
  "model_num_constrs": 10471,
  "bundle_space_size": 32,
  "subadditivity_mode": "full_partition",
  "policy_scope": "full_bundle_prices",
  "bundle_prices": {
    "2": 5.309457454447151,
    "3": 10.51428248323441,
    "4": 5.8523665296100305,
    "7": 15.82872304294204,
    "8": 1.3370618265474927,
    "10": 6.620667497178769,
    "11": 11.28457832521747,
    "13": 12.299850684326161,
    "14": 11.192449312675242,
    "15": 16.528447565432185,
    "19": 11.784789733597147,
    "20": 7.4811803398180885,
    "23": 16.619880679335587,
    "26": 7.992701081085202,
    "27": 12.692337320922547,
    "29": 13.423938639786758,
    "30": 12.60914513590799,
    "31": 17.2706300101912
  },
  "bundle_prices_full": {
    "0": 0.0,
    "1": 16.67393012568644,
    "2": 5.309457454447151,
    "3": 10.51428248323441,
    "4": 5.8523665296100305,
    "5": 18.46587600888948,
    "6": 11.161823984057182,
    "7": 15.82872304294204,
    "8": 1.3370618265474927,
    "9": 16.539579352722786,
    "10": 6.620667497178769,
    "11": 11.28457832521747,
    "12": 7.189428356157523,
    "13": 12.299850684326161,
    "14": 11.192449312675242,
    "15": 16.528447565432185,
    "16": 18.46587600888948,
    "17": 18.465876008889488,
    "18": 18.46587600888948,
    "19": 11.784789733597147,
    "20": 7.4811803398180885,
    "21": 18.46587600888948,
    "22": 11.904862338358978,
    "23": 16.619880679335587,
    "24": 2.70111253152918,
    "25": 18.46587600888948,
    "26": 7.992701081085202,
    "27": 12.692337320922547,
    "28": 7.8605104254734695,
    "29": 13.423938639786758,
    "30": 12.60914513590799,
    "31": 17.2706300101912
  },
  "bundle_prices_selected": {
    "2": 5.309457454447151,
    "3": 10.51428248323441,
    "4": 5.8523665296100305,
    "7": 15.82872304294204,
    "8": 1.3370618265474927,
    "10": 6.620667497178769,
    "11": 11.28457832521747,
    "13": 12.299850684326161,
    "14": 11.192449312675242,
    "15": 16.528447565432185,
    "19": 11.784789733597147,
    "20": 7.4811803398180885,
    "23": 16.619880679335587,
    "26": 7.992701081085202,
    "27": 12.692337320922547,
    "29": 13.423938639786758,
    "30": 12.60914513590799,
    "31": 17.2706300101912
  },
  "chosen_bundle_idx_by_customer": [
    14,
    20,
    8,
    0,
    0,
    0,
    15,
    31,
    4,
    27,
    27,
    31,
    11,
    0,
    11,
    23,
    0,
    23,
    11,
    14,
    13,
    19,
    26,
    27,
    23,
    7,
    31,
    30,
    31,
    14,
    10,
    23,
    23,
    2,
    14,
    14,
    0,
    15,
    2,
    31,
    3,
    23,
    14,
    31,
    11,
    11,
    11,
    29,
    23,
    23
  ],
  "chosen_product_matrix": [
    [
      0,
      1,
      1,
      1,
      0
    ],
    [
      1,
      0,
      1,
      0,
      0
    ],
    [
      0,
      1,
      0,
      0,
      0
    ],
    [
      0,
      0,
      0,
      0,
      0
    ],
    [
      0,
      0,
      0,
      0,
      0
    ],
    [
      0,
      0,
      0,
      0,
      0
    ],
    [
      0,
      1,
      1,
      1,
      1
    ],
    [
      1,
      1,
      1,
      1,
      1
    ],
    [
      0,
      0,
      1,
      0,
      0
    ],
    [
      1,
      1,
      0,
      1,
      1
    ],
    [
      1,
      1,
      0,
      1,
      1
    ],
    [
      1,
      1,
      1,
      1,
      1
    ],
    [
      0,
      1,
      0,
      1,
      1
    ],
    [
      0,
      0,
      0,
      0,
      0
    ],
    [
      0,
      1,
      0,
      1,
      1
    ],
    [
      1,
      0,
      1,
      1,
      1
    ],
    [
      0,
      0,
      0,
      0,
      0
    ],
    [
      1,
      0,
      1,
      1,
      1
    ],
    [
      0,
      1,
      0,
      1,
      1
    ],
    [
      0,
      1,
      1,
      1,
      0
    ],
    [
      0,
      1,
      1,
      0,
      1
    ],
    [
      1,
      0,
      0,
      1,
      1
    ],
    [
      1,
      1,
      0,
      1,
      0
    ],
    [
      1,
      1,
      0,
      1,
      1
    ],
    [
      1,
      0,
      1,
      1,
      1
    ],
    [
      0,
      0,
      1,
      1,
      1
    ],
    [
      1,
      1,
      1,
      1,
      1
    ],
    [
      1,
      1,
      1,
      1,
      0
    ],
    [
      1,
      1,
      1,
      1,
      1
    ],
    [
      0,
      1,
      1,
      1,
      0
    ],
    [
      0,
      1,
      0,
      1,
      0
    ],
    [
      1,
      0,
      1,
      1,
      1
    ],
    [
      1,
      0,
      1,
      1,
      1
    ],
    [
      0,
      0,
      0,
      1,
      0
    ],
    [
      0,
      1,
      1,
      1,
      0
    ],
    [
      0,
      1,
      1,
      1,
      0
    ],
    [
      0,
      0,
      0,
      0,
      0
    ],
    [
      0,
      1,
      1,
      1,
      1
    ],
    [
      0,
      0,
      0,
      1,
      0
    ],
    [
      1,
      1,
      1,
      1,
      1
    ],
    [
      0,
      0,
      0,
      1,
      1
    ],
    [
      1,
      0,
      1,
      1,
      1
    ],
    [
      0,
      1,
      1,
      1,
      0
    ],
    [
      1,
      1,
      1,
      1,
      1
    ],
    [
      0,
      1,
      0,
      1,
      1
    ],
    [
      0,
      1,
      0,
      1,
      1
    ],
    [
      0,
      1,
      0,
      1,
      1
    ],
    [
      1,
      1,
      1,
      0,
      1
    ],
    [
      1,
      0,
      1,
      1,
      1
    ],
    [
      1,
      0,
      1,
      1,
      1
    ]
  ],
  "assortments": [
    [
      0,
      0,
      0,
      0,
      0
    ],
    [
      0,
      0,
      0,
      0,
      1
    ],
    [
      0,
      0,
      0,
      1,
      0
    ],
    [
      0,
      0,
      0,
      1,
      1
    ],
    [
      0,
      0,
      1,
      0,
      0
    ],
    [
      0,
      0,
      1,
      0,
      1
    ],
    [
      0,
      0,
      1,
      1,
      0
    ],
    [
      0,
      0,
      1,
      1,
      1
    ],
    [
      0,
      1,
      0,
      0,
      0
    ],
    [
      0,
      1,
      0,
      0,
      1
    ],
    [
      0,
      1,
      0,
      1,
      0
    ],
    [
      0,
      1,
      0,
      1,
      1
    ],
    [
      0,
      1,
      1,
      0,
      0
    ],
    [
      0,
      1,
      1,
      0,
      1
    ],
    [
      0,
      1,
      1,
      1,
      0
    ],
    [
      0,
      1,
      1,
      1,
      1
    ],
    [
      1,
      0,
      0,
      0,
      0
    ],
    [
      1,
      0,
      0,
      0,
      1
    ],
    [
      1,
      0,
      0,
      1,
      0
    ],
    [
      1,
      0,
      0,
      1,
      1
    ],
    [
      1,
      0,
      1,
      0,
      0
    ],
    [
      1,
      0,
      1,
      0,
      1
    ],
    [
      1,
      0,
      1,
      1,
      0
    ],
    [
      1,
      0,
      1,
      1,
      1
    ],
    [
      1,
      1,
      0,
      0,
      0
    ],
    [
      1,
      1,
      0,
      0,
      1
    ],
    [
      1,
      1,
      0,
      1,
      0
    ],
    [
      1,
      1,
      0,
      1,
      1
    ],
    [
      1,
      1,
      1,
      0,
      0
    ],
    [
      1,
      1,
      1,
      0,
      1
    ],
    [
      1,
      1,
      1,
      1,
      0
    ],
    [
      1,
      1,
      1,
      1,
      1
    ]
  ]
}