{
  "solver_status": 2,
  "feasible": true,
  "mb_formulation_version": 5,
  "runtime": 53.1605749130249,
  "wall_time": 53.16236591339111,
  "mip_gap": 0.009699339438148486,
  "objective": 1.59173508321174,
  "bundle_space_size": 32,
  "policy_scope": "full_bundle_prices",
  "bundle_prices": {
    "0": 0.0,
    "1": 10.17568480982036,
    "3": 17.745398297101932,
    "4": 6.180593614408107,
    "5": 16.09679996239753,
    "7": 23.498125077794903,
    "11": 21.245686758685064,
    "13": 19.68367153420437,
    "14": 17.13448711260072,
    "19": 19.412111816567105,
    "21": 17.279029428626856,
    "22": 15.007486733504628,
    "23": 24.66066511942355,
    "24": 5.017363416993021,
    "27": 22.446961279662293,
    "28": 10.560886878969338,
    "29": 20.736571688789756,
    "31": 27.87265533185886
  },
  "bundle_prices_full": {
    "0": 0.0,
    "1": 10.17568480982036,
    "2": 24.713374804742987,
    "3": 17.745398297101932,
    "4": 6.180593614408107,
    "5": 16.09679996239753,
    "6": 30.379687235237117,
    "7": 23.498125077794903,
    "8": 30.379687235237128,
    "9": 13.789806362910841,
    "10": 22.722625906756672,
    "11": 21.245686758685064,
    "12": 20.799022927531976,
    "13": 19.68367153420437,
    "14": 17.13448711260072,
    "15": 26.750026833586652,
    "16": 11.374086470643793,
    "17": 12.163727756324334,
    "18": 9.909175278956905,
    "19": 19.412111816567105,
    "20": 8.16863656091208,
    "21": 17.279029428626856,
    "22": 15.007486733504628,
    "23": 24.66066511942355,
    "24": 5.017363416993021,
    "25": 15.085320094673968,
    "26": 12.860316383233696,
    "27": 22.446961279662293,
    "28": 10.560886878969338,
    "29": 20.736571688789756,
    "30": 18.108421604563596,
    "31": 27.87265533185886
  },
  "bundle_prices_selected": {
    "0": 0.0,
    "1": 10.17568480982036,
    "3": 17.745398297101932,
    "4": 6.180593614408107,
    "5": 16.09679996239753,
    "7": 23.498125077794903,
    "11": 21.245686758685064,
    "13": 19.68367153420437,
    "14": 17.13448711260072,
    "19": 19.412111816567105,
    "21": 17.279029428626856,
    "22": 15.007486733504628,
    "23": 24.66066511942355,
    "24": 5.017363416993021,
    "27": 22.446961279662293,
    "28": 10.560886878969338,
    "29": 20.736571688789756,
    "31": 27.87265533185886
  },
  "chosen_bundle_idx_by_customer": [
    31,
    24,
    23,
    0,
    14,
    5,
    31,
    11,
    3,
    31,
    29,
    31,
    31,
    22,
    27,
    3,
    19,
    14,
    14,
    4,
    27,
    13,
    31,
    13,
    3,
    14,
    7,
    0,
    27,
    11,
    11,
    22,
    0,
    11,
    23,
    31,
    21,
    0,
    11,
    1,
    0,
    11,
    7,
    3,
    1,
    28,
    1,
    1,
    23,
    27
  ],
  "chosen_product_matrix": [
    [
      1,
      1,
      1,
      1,
      1
    ],
    [
      1,
      1,
      0,
      0,
      0
    ],
    [
      1,
      0,
      1,
      1,
      1
    ],
    [
      0,
      0,
      0,
      0,
      0
    ],
    [
      0,
      1,
      1,
      1,
      0
    ],
    [
      0,
      0,
      1,
      0,
      1
    ],
    [
      1,
      1,
      1,
      1,
      1
    ],
    [
      0,
      1,
      0,
      1,
      1
    ],
    [
      0,
      0,
      0,
      1,
      1
    ],
    [
      1,
      1,
      1,
      1,
      1
    ],
    [
      1,
      1,
      1,
      0,
      1
    ],
    [
      1,
      1,
      1,
      1,
      1
    ],
    [
      1,
      1,
      1,
      1,
      1
    ],
    [
      1,
      0,
      1,
      1,
      0
    ],
    [
      1,
      1,
      0,
      1,
      1
    ],
    [
      0,
      0,
      0,
      1,
      1
    ],
    [
      1,
      0,
      0,
      1,
      1
    ],
    [
      0,
      1,
      1,
      1,
      0
    ],
    [
      0,
      1,
      1,
      1,
      0
    ],
    [
      0,
      0,
      1,
      0,
      0
    ],
    [
      1,
      1,
      0,
      1,
      1
    ],
    [
      0,
      1,
      1,
      0,
      1
    ],
    [
      1,
      1,
      1,
      1,
      1
    ],
    [
      0,
      1,
      1,
      0,
      1
    ],
    [
      0,
      0,
      0,
      1,
      1
    ],
    [
      0,
      1,
      1,
      1,
      0
    ],
    [
      0,
      0,
      1,
      1,
      1
    ],
    [
      0,
      0,
      0,
      0,
      0
    ],
    [
      1,
      1,
      0,
      1,
      1
    ],
    [
      0,
      1,
      0,
      1,
      1
    ],
    [
      0,
      1,
      0,
      1,
      1
    ],
    [
      1,
      0,
      1,
      1,
      0
    ],
    [
      0,
      0,
      0,
      0,
      0
    ],
    [
      0,
      1,
      0,
      1,
      1
    ],
    [
      1,
      0,
      1,
      1,
      1
    ],
    [
      1,
      1,
      1,
      1,
      1
    ],
    [
      1,
      0,
      1,
      0,
      1
    ],
    [
      0,
      0,
      0,
      0,
      0
    ],
    [
      0,
      1,
      0,
      1,
      1
    ],
    [
      0,
      0,
      0,
      0,
      1
    ],
    [
      0,
      0,
      0,
      0,
      0
    ],
    [
      0,
      1,
      0,
      1,
      1
    ],
    [
      0,
      0,
      1,
      1,
      1
    ],
    [
      0,
      0,
      0,
      1,
      1
    ],
    [
      0,
      0,
      0,
      0,
      1
    ],
    [
      1,
      1,
      1,
      0,
      0
    ],
    [
      0,
      0,
      0,
      0,
      1
    ],
    [
      0,
      0,
      0,
      0,
      1
    ],
    [
      1,
      0,
      1,
      1,
      1
    ],
    [
      1,
      1,
      0,
      1,
      1
    ]
  ],
  "assortments": [
    [
      0,
      0,
      0,
      0,
      0
    ],
    [
      0,
      0,
      0,
      0,
      1
    ],
    [
      0,
      0,
      0,
      1,
      0
    ],
    [
      0,
      0,
      0,
      1,
      1
    ],
    [
      0,
      0,
      1,
      0,
      0
    ],
    [
      0,
      0,
      1,
      0,
      1
    ],
    [
      0,
      0,
      1,
      1,
      0
    ],
    [
      0,
      0,
      1,
      1,
      1
    ],
    [
      0,
      1,
      0,
      0,
      0
    ],
    [
      0,
      1,
      0,
      0,
      1
    ],
    [
      0,
      1,
      0,
      1,
      0
    ],
    [
      0,
      1,
      0,
      1,
      1
    ],
    [
      0,
      1,
      1,
      0,
      0
    ],
    [
      0,
      1,
      1,
      0,
      1
    ],
    [
      0,
      1,
      1,
      1,
      0
    ],
    [
      0,
      1,
      1,
      1,
      1
    ],
    [
      1,
      0,
      0,
      0,
      0
    ],
    [
      1,
      0,
      0,
      0,
      1
    ],
    [
      1,
      0,
      0,
      1,
      0
    ],
    [
      1,
      0,
      0,
      1,
      1
    ],
    [
      1,
      0,
      1,
      0,
      0
    ],
    [
      1,
      0,
      1,
      0,
      1
    ],
    [
      1,
      0,
      1,
      1,
      0
    ],
    [
      1,
      0,
      1,
      1,
      1
    ],
    [
      1,
      1,
      0,
      0,
      0
    ],
    [
      1,
      1,
      0,
      0,
      1
    ],
    [
      1,
      1,
      0,
      1,
      0
    ],
    [
      1,
      1,
      0,
      1,
      1
    ],
    [
      1,
      1,
      1,
      0,
      0
    ],
    [
      1,
      1,
      1,
      0,
      1
    ],
    [
      1,
      1,
      1,
      1,
      0
    ],
    [
      1,
      1,
      1,
      1,
      1
    ]
  ]
}