{
  "solver_status": 2,
  "feasible": true,
  "mb_formulation_version": 5,
  "runtime": 128.31958889961243,
  "wall_time": 128.32138109207153,
  "mip_gap": 0.009951458838477157,
  "objective": 1.741820377761802,
  "bundle_space_size": 32,
  "policy_scope": "full_bundle_prices",
  "bundle_prices": {
    "0": 0.0,
    "2": 8.232052225154897,
    "5": 16.103179831621542,
    "6": 13.864842775308304,
    "7": 24.05933372518316,
    "9": 14.08468213687753,
    "11": 21.810194119320258,
    "13": 19.3328161075799,
    "14": 17.09821880788232,
    "15": 26.97922565550709,
    "19": 19.17109395777571,
    "22": 15.30533429439377,
    "23": 24.619214922586,
    "27": 22.69829181718823,
    "29": 20.907233615744172,
    "31": 28.062939662385784
  },
  "bundle_prices_full": {
    "0": 0.0,
    "1": 30.742176385522697,
    "2": 8.232052225154897,
    "3": 30.742176385522697,
    "4": 30.742176385522697,
    "5": 16.103179831621542,
    "6": 13.864842775308304,
    "7": 24.05933372518316,
    "8": 30.742176385522697,
    "9": 14.08468213687753,
    "10": 30.742176385522697,
    "11": 21.810194119320258,
    "12": 30.742176385522697,
    "13": 19.3328161075799,
    "14": 17.09821880788232,
    "15": 26.97922565550709,
    "16": 30.742176385522697,
    "17": 30.742176385522697,
    "18": 30.742176385522697,
    "19": 19.17109395777571,
    "20": 30.742176385522697,
    "21": 30.742176385522697,
    "22": 15.30533429439377,
    "23": 24.619214922586,
    "24": 30.742176385522697,
    "25": 30.742176385522697,
    "26": 30.742176385522697,
    "27": 22.69829181718823,
    "28": 30.742176385522697,
    "29": 20.907233615744172,
    "30": 30.742176385522697,
    "31": 28.062939662385784
  },
  "bundle_prices_selected": {
    "0": 0.0,
    "2": 8.232052225154897,
    "5": 16.103179831621542,
    "6": 13.864842775308304,
    "7": 24.05933372518316,
    "9": 14.08468213687753,
    "11": 21.810194119320258,
    "13": 19.3328161075799,
    "14": 17.09821880788232,
    "15": 26.97922565550709,
    "19": 19.17109395777571,
    "22": 15.30533429439377,
    "23": 24.619214922586,
    "27": 22.69829181718823,
    "29": 20.907233615744172,
    "31": 28.062939662385784
  },
  "chosen_bundle_idx_by_customer": [
    7,
    31,
    15,
    0,
    13,
    13,
    23,
    11,
    15,
    13,
    23,
    0,
    31,
    23,
    14,
    15,
    14,
    19,
    0,
    19,
    5,
    0,
    27,
    15,
    29,
    11,
    15,
    13,
    6,
    0,
    22,
    23,
    0,
    14,
    23,
    19,
    31,
    31,
    5,
    7,
    15,
    31,
    9,
    15,
    0,
    19,
    15,
    2,
    0,
    27
  ],
  "chosen_product_matrix": [
    [
      0,
      0,
      1,
      1,
      1
    ],
    [
      1,
      1,
      1,
      1,
      1
    ],
    [
      0,
      1,
      1,
      1,
      1
    ],
    [
      0,
      0,
      0,
      0,
      0
    ],
    [
      0,
      1,
      1,
      0,
      1
    ],
    [
      0,
      1,
      1,
      0,
      1
    ],
    [
      1,
      0,
      1,
      1,
      1
    ],
    [
      0,
      1,
      0,
      1,
      1
    ],
    [
      0,
      1,
      1,
      1,
      1
    ],
    [
      0,
      1,
      1,
      0,
      1
    ],
    [
      1,
      0,
      1,
      1,
      1
    ],
    [
      0,
      0,
      0,
      0,
      0
    ],
    [
      1,
      1,
      1,
      1,
      1
    ],
    [
      1,
      0,
      1,
      1,
      1
    ],
    [
      0,
      1,
      1,
      1,
      0
    ],
    [
      0,
      1,
      1,
      1,
      1
    ],
    [
      0,
      1,
      1,
      1,
      0
    ],
    [
      1,
      0,
      0,
      1,
      1
    ],
    [
      0,
      0,
      0,
      0,
      0
    ],
    [
      1,
      0,
      0,
      1,
      1
    ],
    [
      0,
      0,
      1,
      0,
      1
    ],
    [
      0,
      0,
      0,
      0,
      0
    ],
    [
      1,
      1,
      0,
      1,
      1
    ],
    [
      0,
      1,
      1,
      1,
      1
    ],
    [
      1,
      1,
      1,
      0,
      1
    ],
    [
      0,
      1,
      0,
      1,
      1
    ],
    [
      0,
      1,
      1,
      1,
      1
    ],
    [
      0,
      1,
      1,
      0,
      1
    ],
    [
      0,
      0,
      1,
      1,
      0
    ],
    [
      0,
      0,
      0,
      0,
      0
    ],
    [
      1,
      0,
      1,
      1,
      0
    ],
    [
      1,
      0,
      1,
      1,
      1
    ],
    [
      0,
      0,
      0,
      0,
      0
    ],
    [
      0,
      1,
      1,
      1,
      0
    ],
    [
      1,
      0,
      1,
      1,
      1
    ],
    [
      1,
      0,
      0,
      1,
      1
    ],
    [
      1,
      1,
      1,
      1,
      1
    ],
    [
      1,
      1,
      1,
      1,
      1
    ],
    [
      0,
      0,
      1,
      0,
      1
    ],
    [
      0,
      0,
      1,
      1,
      1
    ],
    [
      0,
      1,
      1,
      1,
      1
    ],
    [
      1,
      1,
      1,
      1,
      1
    ],
    [
      0,
      1,
      0,
      0,
      1
    ],
    [
      0,
      1,
      1,
      1,
      1
    ],
    [
      0,
      0,
      0,
      0,
      0
    ],
    [
      1,
      0,
      0,
      1,
      1
    ],
    [
      0,
      1,
      1,
      1,
      1
    ],
    [
      0,
      0,
      0,
      1,
      0
    ],
    [
      0,
      0,
      0,
      0,
      0
    ],
    [
      1,
      1,
      0,
      1,
      1
    ]
  ],
  "assortments": [
    [
      0,
      0,
      0,
      0,
      0
    ],
    [
      0,
      0,
      0,
      0,
      1
    ],
    [
      0,
      0,
      0,
      1,
      0
    ],
    [
      0,
      0,
      0,
      1,
      1
    ],
    [
      0,
      0,
      1,
      0,
      0
    ],
    [
      0,
      0,
      1,
      0,
      1
    ],
    [
      0,
      0,
      1,
      1,
      0
    ],
    [
      0,
      0,
      1,
      1,
      1
    ],
    [
      0,
      1,
      0,
      0,
      0
    ],
    [
      0,
      1,
      0,
      0,
      1
    ],
    [
      0,
      1,
      0,
      1,
      0
    ],
    [
      0,
      1,
      0,
      1,
      1
    ],
    [
      0,
      1,
      1,
      0,
      0
    ],
    [
      0,
      1,
      1,
      0,
      1
    ],
    [
      0,
      1,
      1,
      1,
      0
    ],
    [
      0,
      1,
      1,
      1,
      1
    ],
    [
      1,
      0,
      0,
      0,
      0
    ],
    [
      1,
      0,
      0,
      0,
      1
    ],
    [
      1,
      0,
      0,
      1,
      0
    ],
    [
      1,
      0,
      0,
      1,
      1
    ],
    [
      1,
      0,
      1,
      0,
      0
    ],
    [
      1,
      0,
      1,
      0,
      1
    ],
    [
      1,
      0,
      1,
      1,
      0
    ],
    [
      1,
      0,
      1,
      1,
      1
    ],
    [
      1,
      1,
      0,
      0,
      0
    ],
    [
      1,
      1,
      0,
      0,
      1
    ],
    [
      1,
      1,
      0,
      1,
      0
    ],
    [
      1,
      1,
      0,
      1,
      1
    ],
    [
      1,
      1,
      1,
      0,
      0
    ],
    [
      1,
      1,
      1,
      0,
      1
    ],
    [
      1,
      1,
      1,
      1,
      0
    ],
    [
      1,
      1,
      1,
      1,
      1
    ]
  ]
}