{
  "solver_status": 2,
  "feasible": true,
  "mb_formulation_version": 5,
  "runtime": 290.3979949951172,
  "wall_time": 290.3997919559479,
  "mip_gap": 0.009987251273023905,
  "objective": 1.4279163962054047,
  "bundle_space_size": 32,
  "policy_scope": "full_bundle_prices",
  "bundle_prices": {
    "0": 0.0,
    "3": 17.73187344234224,
    "5": 16.04873528585691,
    "7": 23.29639012779053,
    "9": 14.101926042262248,
    "12": 9.119000681823074,
    "13": 19.02145668327639,
    "14": 16.778918553076544,
    "17": 11.410769487687302,
    "18": 9.53240326036855,
    "20": 7.379344181013472,
    "22": 15.398682335011038,
    "23": 24.756571885292118,
    "27": 22.751131782614625,
    "29": 20.52977016951038,
    "30": 18.048553520033927,
    "31": 28.106155211197866
  },
  "bundle_prices_full": {
    "0": 0.0,
    "1": 30.05431802899568,
    "2": 30.05431802899568,
    "3": 17.73187344234224,
    "4": 30.05431802899568,
    "5": 16.04873528585691,
    "6": 30.05431802899568,
    "7": 23.29639012779053,
    "8": 30.05431802899568,
    "9": 14.101926042262248,
    "10": 30.05431802899568,
    "11": 30.05431802899568,
    "12": 9.119000681823074,
    "13": 19.02145668327639,
    "14": 16.778918553076544,
    "15": 26.850874124165315,
    "16": 30.05431802899568,
    "17": 11.410769487687302,
    "18": 9.53240326036855,
    "19": 30.05431802899568,
    "20": 7.379344181013472,
    "21": 30.05431802899568,
    "22": 15.398682335011038,
    "23": 24.756571885292118,
    "24": 30.05431802899568,
    "25": 30.05431802899568,
    "26": 30.05431802899568,
    "27": 22.751131782614625,
    "28": 30.05431802899568,
    "29": 20.52977016951038,
    "30": 18.048553520033927,
    "31": 28.106155211197866
  },
  "bundle_prices_selected": {
    "0": 0.0,
    "3": 17.73187344234224,
    "5": 16.04873528585691,
    "7": 23.29639012779053,
    "9": 14.101926042262248,
    "12": 9.119000681823074,
    "13": 19.02145668327639,
    "14": 16.778918553076544,
    "17": 11.410769487687302,
    "18": 9.53240326036855,
    "20": 7.379344181013472,
    "22": 15.398682335011038,
    "23": 24.756571885292118,
    "27": 22.751131782614625,
    "29": 20.52977016951038,
    "30": 18.048553520033927,
    "31": 28.106155211197866
  },
  "chosen_bundle_idx_by_customer": [
    13,
    7,
    31,
    12,
    23,
    7,
    23,
    30,
    12,
    0,
    0,
    12,
    5,
    3,
    27,
    29,
    0,
    27,
    13,
    20,
    13,
    23,
    23,
    14,
    0,
    18,
    14,
    31,
    7,
    0,
    0,
    3,
    0,
    9,
    17,
    13,
    0,
    22,
    27,
    30,
    0,
    12,
    31,
    7,
    14,
    29,
    0,
    22,
    27,
    13
  ],
  "chosen_product_matrix": [
    [
      0,
      1,
      1,
      0,
      1
    ],
    [
      0,
      0,
      1,
      1,
      1
    ],
    [
      1,
      1,
      1,
      1,
      1
    ],
    [
      0,
      1,
      1,
      0,
      0
    ],
    [
      1,
      0,
      1,
      1,
      1
    ],
    [
      0,
      0,
      1,
      1,
      1
    ],
    [
      1,
      0,
      1,
      1,
      1
    ],
    [
      1,
      1,
      1,
      1,
      0
    ],
    [
      0,
      1,
      1,
      0,
      0
    ],
    [
      0,
      0,
      0,
      0,
      0
    ],
    [
      0,
      0,
      0,
      0,
      0
    ],
    [
      0,
      1,
      1,
      0,
      0
    ],
    [
      0,
      0,
      1,
      0,
      1
    ],
    [
      0,
      0,
      0,
      1,
      1
    ],
    [
      1,
      1,
      0,
      1,
      1
    ],
    [
      1,
      1,
      1,
      0,
      1
    ],
    [
      0,
      0,
      0,
      0,
      0
    ],
    [
      1,
      1,
      0,
      1,
      1
    ],
    [
      0,
      1,
      1,
      0,
      1
    ],
    [
      1,
      0,
      1,
      0,
      0
    ],
    [
      0,
      1,
      1,
      0,
      1
    ],
    [
      1,
      0,
      1,
      1,
      1
    ],
    [
      1,
      0,
      1,
      1,
      1
    ],
    [
      0,
      1,
      1,
      1,
      0
    ],
    [
      0,
      0,
      0,
      0,
      0
    ],
    [
      1,
      0,
      0,
      1,
      0
    ],
    [
      0,
      1,
      1,
      1,
      0
    ],
    [
      1,
      1,
      1,
      1,
      1
    ],
    [
      0,
      0,
      1,
      1,
      1
    ],
    [
      0,
      0,
      0,
      0,
      0
    ],
    [
      0,
      0,
      0,
      0,
      0
    ],
    [
      0,
      0,
      0,
      1,
      1
    ],
    [
      0,
      0,
      0,
      0,
      0
    ],
    [
      0,
      1,
      0,
      0,
      1
    ],
    [
      1,
      0,
      0,
      0,
      1
    ],
    [
      0,
      1,
      1,
      0,
      1
    ],
    [
      0,
      0,
      0,
      0,
      0
    ],
    [
      1,
      0,
      1,
      1,
      0
    ],
    [
      1,
      1,
      0,
      1,
      1
    ],
    [
      1,
      1,
      1,
      1,
      0
    ],
    [
      0,
      0,
      0,
      0,
      0
    ],
    [
      0,
      1,
      1,
      0,
      0
    ],
    [
      1,
      1,
      1,
      1,
      1
    ],
    [
      0,
      0,
      1,
      1,
      1
    ],
    [
      0,
      1,
      1,
      1,
      0
    ],
    [
      1,
      1,
      1,
      0,
      1
    ],
    [
      0,
      0,
      0,
      0,
      0
    ],
    [
      1,
      0,
      1,
      1,
      0
    ],
    [
      1,
      1,
      0,
      1,
      1
    ],
    [
      0,
      1,
      1,
      0,
      1
    ]
  ],
  "assortments": [
    [
      0,
      0,
      0,
      0,
      0
    ],
    [
      0,
      0,
      0,
      0,
      1
    ],
    [
      0,
      0,
      0,
      1,
      0
    ],
    [
      0,
      0,
      0,
      1,
      1
    ],
    [
      0,
      0,
      1,
      0,
      0
    ],
    [
      0,
      0,
      1,
      0,
      1
    ],
    [
      0,
      0,
      1,
      1,
      0
    ],
    [
      0,
      0,
      1,
      1,
      1
    ],
    [
      0,
      1,
      0,
      0,
      0
    ],
    [
      0,
      1,
      0,
      0,
      1
    ],
    [
      0,
      1,
      0,
      1,
      0
    ],
    [
      0,
      1,
      0,
      1,
      1
    ],
    [
      0,
      1,
      1,
      0,
      0
    ],
    [
      0,
      1,
      1,
      0,
      1
    ],
    [
      0,
      1,
      1,
      1,
      0
    ],
    [
      0,
      1,
      1,
      1,
      1
    ],
    [
      1,
      0,
      0,
      0,
      0
    ],
    [
      1,
      0,
      0,
      0,
      1
    ],
    [
      1,
      0,
      0,
      1,
      0
    ],
    [
      1,
      0,
      0,
      1,
      1
    ],
    [
      1,
      0,
      1,
      0,
      0
    ],
    [
      1,
      0,
      1,
      0,
      1
    ],
    [
      1,
      0,
      1,
      1,
      0
    ],
    [
      1,
      0,
      1,
      1,
      1
    ],
    [
      1,
      1,
      0,
      0,
      0
    ],
    [
      1,
      1,
      0,
      0,
      1
    ],
    [
      1,
      1,
      0,
      1,
      0
    ],
    [
      1,
      1,
      0,
      1,
      1
    ],
    [
      1,
      1,
      1,
      0,
      0
    ],
    [
      1,
      1,
      1,
      0,
      1
    ],
    [
      1,
      1,
      1,
      1,
      0
    ],
    [
      1,
      1,
      1,
      1,
      1
    ]
  ]
}