N,seed_count,fcp_oos_mean,bsp_oos_mean,cpbsd_a_oos_mean,anchored_oos_mean,delta_anchored_fcp_mean,delta_anchored_bsp_mean,delta_anchored_cpbsd_a_mean,anchored_beats_fcp_count
10,5,2.278262767214862,2.3469592406103503,2.847967731893141,2.27826276721487,8.08242361927114e-15,-0.06869647339547962,-0.5697049646782706,0
30,5,4.90822965368238,8.04656998466454,9.909866512640814,4.9082135104269184,-1.614325546182016e-05,-3.1383564742376238,-5.001653002213898,0
