{
  "solver_status": 2,
  "feasible": true,
  "mb_formulation_version": 4,
  "runtime": 70.7305040359497,
  "wall_time": 70.73233318328857,
  "mip_gap": 0.00994699473805569,
  "objective": 1.7065781192933955,
  "bundle_space_size": 32,
  "policy_scope": "full_bundle_prices",
  "bundle_prices": {
    "0": 0.0,
    "3": 18.242687296197133,
    "5": 16.541783432498402,
    "7": 23.708444368866463,
    "9": 13.739262671012671,
    "10": 11.465916902909745,
    "11": 21.335550655587056,
    "14": 17.19377679991732,
    "15": 26.935995832616683,
    "21": 17.19378583014713,
    "22": 14.913106795195015,
    "23": 24.75607598748235,
    "25": 15.14667982743574,
    "27": 22.217619131878624,
    "28": 11.096303514742324,
    "29": 20.373501345687938,
    "30": 18.343516612420736,
    "31": 27.650615281469555
  },
  "bundle_prices_full": {
    "0": 0.0,
    "1": 30.703308016006098,
    "2": 30.703308016006098,
    "3": 18.242687296197133,
    "4": 30.703308016006098,
    "5": 16.541783432498402,
    "6": 30.703308016006087,
    "7": 23.708444368866463,
    "8": 30.703308016006094,
    "9": 13.739262671012671,
    "10": 11.465916902909745,
    "11": 21.335550655587056,
    "12": 30.7033080160061,
    "13": 19.511686433402073,
    "14": 17.19377679991732,
    "15": 26.935995832616683,
    "16": 27.757780456489158,
    "17": 30.703308016006087,
    "18": 17.958943219328482,
    "19": 30.7033080160061,
    "20": 7.289721422337179,
    "21": 17.19378583014713,
    "22": 14.913106795195015,
    "23": 24.75607598748235,
    "24": 30.703308016006087,
    "25": 15.14667982743574,
    "26": 12.725764533365126,
    "27": 22.217619131878624,
    "28": 11.096303514742324,
    "29": 20.373501345687938,
    "30": 18.343516612420736,
    "31": 27.650615281469555
  },
  "bundle_prices_selected": {
    "0": 0.0,
    "3": 18.242687296197133,
    "5": 16.541783432498402,
    "7": 23.708444368866463,
    "9": 13.739262671012671,
    "10": 11.465916902909745,
    "11": 21.335550655587056,
    "14": 17.19377679991732,
    "15": 26.935995832616683,
    "21": 17.19378583014713,
    "22": 14.913106795195015,
    "23": 24.75607598748235,
    "25": 15.14667982743574,
    "27": 22.217619131878624,
    "28": 11.096303514742324,
    "29": 20.373501345687938,
    "30": 18.343516612420736,
    "31": 27.650615281469555
  },
  "chosen_bundle_idx_by_customer": [
    23,
    11,
    14,
    22,
    22,
    0,
    21,
    31,
    27,
    7,
    27,
    29,
    22,
    29,
    27,
    9,
    29,
    31,
    10,
    11,
    9,
    27,
    25,
    31,
    27,
    28,
    7,
    31,
    27,
    5,
    30,
    31,
    27,
    29,
    31,
    23,
    0,
    0,
    15,
    7,
    0,
    27,
    30,
    31,
    23,
    27,
    3,
    0,
    11,
    0
  ],
  "chosen_product_matrix": [
    [
      1,
      0,
      1,
      1,
      1
    ],
    [
      0,
      1,
      0,
      1,
      1
    ],
    [
      0,
      1,
      1,
      1,
      0
    ],
    [
      1,
      0,
      1,
      1,
      0
    ],
    [
      1,
      0,
      1,
      1,
      0
    ],
    [
      0,
      0,
      0,
      0,
      0
    ],
    [
      1,
      0,
      1,
      0,
      1
    ],
    [
      1,
      1,
      1,
      1,
      1
    ],
    [
      1,
      1,
      0,
      1,
      1
    ],
    [
      0,
      0,
      1,
      1,
      1
    ],
    [
      1,
      1,
      0,
      1,
      1
    ],
    [
      1,
      1,
      1,
      0,
      1
    ],
    [
      1,
      0,
      1,
      1,
      0
    ],
    [
      1,
      1,
      1,
      0,
      1
    ],
    [
      1,
      1,
      0,
      1,
      1
    ],
    [
      0,
      1,
      0,
      0,
      1
    ],
    [
      1,
      1,
      1,
      0,
      1
    ],
    [
      1,
      1,
      1,
      1,
      1
    ],
    [
      0,
      1,
      0,
      1,
      0
    ],
    [
      0,
      1,
      0,
      1,
      1
    ],
    [
      0,
      1,
      0,
      0,
      1
    ],
    [
      1,
      1,
      0,
      1,
      1
    ],
    [
      1,
      1,
      0,
      0,
      1
    ],
    [
      1,
      1,
      1,
      1,
      1
    ],
    [
      1,
      1,
      0,
      1,
      1
    ],
    [
      1,
      1,
      1,
      0,
      0
    ],
    [
      0,
      0,
      1,
      1,
      1
    ],
    [
      1,
      1,
      1,
      1,
      1
    ],
    [
      1,
      1,
      0,
      1,
      1
    ],
    [
      0,
      0,
      1,
      0,
      1
    ],
    [
      1,
      1,
      1,
      1,
      0
    ],
    [
      1,
      1,
      1,
      1,
      1
    ],
    [
      1,
      1,
      0,
      1,
      1
    ],
    [
      1,
      1,
      1,
      0,
      1
    ],
    [
      1,
      1,
      1,
      1,
      1
    ],
    [
      1,
      0,
      1,
      1,
      1
    ],
    [
      0,
      0,
      0,
      0,
      0
    ],
    [
      0,
      0,
      0,
      0,
      0
    ],
    [
      0,
      1,
      1,
      1,
      1
    ],
    [
      0,
      0,
      1,
      1,
      1
    ],
    [
      0,
      0,
      0,
      0,
      0
    ],
    [
      1,
      1,
      0,
      1,
      1
    ],
    [
      1,
      1,
      1,
      1,
      0
    ],
    [
      1,
      1,
      1,
      1,
      1
    ],
    [
      1,
      0,
      1,
      1,
      1
    ],
    [
      1,
      1,
      0,
      1,
      1
    ],
    [
      0,
      0,
      0,
      1,
      1
    ],
    [
      0,
      0,
      0,
      0,
      0
    ],
    [
      0,
      1,
      0,
      1,
      1
    ],
    [
      0,
      0,
      0,
      0,
      0
    ]
  ],
  "assortments": [
    [
      0,
      0,
      0,
      0,
      0
    ],
    [
      0,
      0,
      0,
      0,
      1
    ],
    [
      0,
      0,
      0,
      1,
      0
    ],
    [
      0,
      0,
      0,
      1,
      1
    ],
    [
      0,
      0,
      1,
      0,
      0
    ],
    [
      0,
      0,
      1,
      0,
      1
    ],
    [
      0,
      0,
      1,
      1,
      0
    ],
    [
      0,
      0,
      1,
      1,
      1
    ],
    [
      0,
      1,
      0,
      0,
      0
    ],
    [
      0,
      1,
      0,
      0,
      1
    ],
    [
      0,
      1,
      0,
      1,
      0
    ],
    [
      0,
      1,
      0,
      1,
      1
    ],
    [
      0,
      1,
      1,
      0,
      0
    ],
    [
      0,
      1,
      1,
      0,
      1
    ],
    [
      0,
      1,
      1,
      1,
      0
    ],
    [
      0,
      1,
      1,
      1,
      1
    ],
    [
      1,
      0,
      0,
      0,
      0
    ],
    [
      1,
      0,
      0,
      0,
      1
    ],
    [
      1,
      0,
      0,
      1,
      0
    ],
    [
      1,
      0,
      0,
      1,
      1
    ],
    [
      1,
      0,
      1,
      0,
      0
    ],
    [
      1,
      0,
      1,
      0,
      1
    ],
    [
      1,
      0,
      1,
      1,
      0
    ],
    [
      1,
      0,
      1,
      1,
      1
    ],
    [
      1,
      1,
      0,
      0,
      0
    ],
    [
      1,
      1,
      0,
      0,
      1
    ],
    [
      1,
      1,
      0,
      1,
      0
    ],
    [
      1,
      1,
      0,
      1,
      1
    ],
    [
      1,
      1,
      1,
      0,
      0
    ],
    [
      1,
      1,
      1,
      0,
      1
    ],
    [
      1,
      1,
      1,
      1,
      0
    ],
    [
      1,
      1,
      1,
      1,
      1
    ]
  ]
}