{
  "solver_status": 2,
  "feasible": true,
  "mb_formulation_version": 4,
  "runtime": 78.41301393508911,
  "wall_time": 78.41491508483887,
  "mip_gap": 0.009779659551351051,
  "objective": 1.5758652216276146,
  "bundle_space_size": 32,
  "policy_scope": "full_bundle_prices",
  "bundle_prices": {
    "0": 0.0,
    "1": 10.261882714772876,
    "2": 8.329681808649797,
    "7": 23.59710845532254,
    "12": 9.513095521402185,
    "13": 19.506667555533983,
    "14": 17.10431341073442,
    "15": 26.986394606127032,
    "19": 19.158945598863575,
    "21": 16.905636295406932,
    "22": 14.713188499836107,
    "23": 24.975071214609063,
    "25": 14.679030757076688,
    "26": 12.99763819241255,
    "27": 22.5358131353604,
    "28": 10.735420669664325,
    "31": 27.92825684536062
  },
  "bundle_prices_full": {
    "0": 0.0,
    "1": 10.261882714772876,
    "2": 8.329681808649797,
    "3": 18.213861373439325,
    "4": 31.823923867133683,
    "5": 16.089694479496167,
    "6": 31.823923867133693,
    "7": 23.59710845532254,
    "8": 15.067184247471165,
    "9": 24.464633796404314,
    "10": 11.998203401104586,
    "11": 21.49010673643073,
    "12": 9.513095521402185,
    "13": 19.506667555533983,
    "14": 17.10431341073442,
    "15": 26.986394606127032,
    "16": 20.483919072311,
    "17": 30.564173719982733,
    "18": 9.694628557575504,
    "19": 19.158945598863575,
    "20": 30.564173719982715,
    "21": 16.905636295406932,
    "22": 14.713188499836107,
    "23": 24.975071214609063,
    "24": 15.580351753420397,
    "25": 14.679030757076688,
    "26": 12.99763819241255,
    "27": 22.5358131353604,
    "28": 10.735420669664325,
    "29": 20.386408492043806,
    "30": 18.15867484491906,
    "31": 27.92825684536062
  },
  "bundle_prices_selected": {
    "0": 0.0,
    "1": 10.261882714772876,
    "2": 8.329681808649797,
    "7": 23.59710845532254,
    "12": 9.513095521402185,
    "13": 19.506667555533983,
    "14": 17.10431341073442,
    "15": 26.986394606127032,
    "19": 19.158945598863575,
    "21": 16.905636295406932,
    "22": 14.713188499836107,
    "23": 24.975071214609063,
    "25": 14.679030757076688,
    "26": 12.99763819241255,
    "27": 22.5358131353604,
    "28": 10.735420669664325,
    "31": 27.92825684536062
  },
  "chosen_bundle_idx_by_customer": [
    12,
    27,
    22,
    31,
    26,
    0,
    25,
    23,
    7,
    27,
    31,
    0,
    2,
    7,
    25,
    7,
    0,
    12,
    0,
    7,
    27,
    21,
    0,
    19,
    22,
    13,
    19,
    1,
    31,
    0,
    31,
    26,
    31,
    22,
    31,
    25,
    13,
    27,
    1,
    15,
    19,
    14,
    28,
    31,
    0,
    22,
    15,
    19,
    0,
    13
  ],
  "chosen_product_matrix": [
    [
      0,
      1,
      1,
      0,
      0
    ],
    [
      1,
      1,
      0,
      1,
      1
    ],
    [
      1,
      0,
      1,
      1,
      0
    ],
    [
      1,
      1,
      1,
      1,
      1
    ],
    [
      1,
      1,
      0,
      1,
      0
    ],
    [
      0,
      0,
      0,
      0,
      0
    ],
    [
      1,
      1,
      0,
      0,
      1
    ],
    [
      1,
      0,
      1,
      1,
      1
    ],
    [
      0,
      0,
      1,
      1,
      1
    ],
    [
      1,
      1,
      0,
      1,
      1
    ],
    [
      1,
      1,
      1,
      1,
      1
    ],
    [
      0,
      0,
      0,
      0,
      0
    ],
    [
      0,
      0,
      0,
      1,
      0
    ],
    [
      0,
      0,
      1,
      1,
      1
    ],
    [
      1,
      1,
      0,
      0,
      1
    ],
    [
      0,
      0,
      1,
      1,
      1
    ],
    [
      0,
      0,
      0,
      0,
      0
    ],
    [
      0,
      1,
      1,
      0,
      0
    ],
    [
      0,
      0,
      0,
      0,
      0
    ],
    [
      0,
      0,
      1,
      1,
      1
    ],
    [
      1,
      1,
      0,
      1,
      1
    ],
    [
      1,
      0,
      1,
      0,
      1
    ],
    [
      0,
      0,
      0,
      0,
      0
    ],
    [
      1,
      0,
      0,
      1,
      1
    ],
    [
      1,
      0,
      1,
      1,
      0
    ],
    [
      0,
      1,
      1,
      0,
      1
    ],
    [
      1,
      0,
      0,
      1,
      1
    ],
    [
      0,
      0,
      0,
      0,
      1
    ],
    [
      1,
      1,
      1,
      1,
      1
    ],
    [
      0,
      0,
      0,
      0,
      0
    ],
    [
      1,
      1,
      1,
      1,
      1
    ],
    [
      1,
      1,
      0,
      1,
      0
    ],
    [
      1,
      1,
      1,
      1,
      1
    ],
    [
      1,
      0,
      1,
      1,
      0
    ],
    [
      1,
      1,
      1,
      1,
      1
    ],
    [
      1,
      1,
      0,
      0,
      1
    ],
    [
      0,
      1,
      1,
      0,
      1
    ],
    [
      1,
      1,
      0,
      1,
      1
    ],
    [
      0,
      0,
      0,
      0,
      1
    ],
    [
      0,
      1,
      1,
      1,
      1
    ],
    [
      1,
      0,
      0,
      1,
      1
    ],
    [
      0,
      1,
      1,
      1,
      0
    ],
    [
      1,
      1,
      1,
      0,
      0
    ],
    [
      1,
      1,
      1,
      1,
      1
    ],
    [
      0,
      0,
      0,
      0,
      0
    ],
    [
      1,
      0,
      1,
      1,
      0
    ],
    [
      0,
      1,
      1,
      1,
      1
    ],
    [
      1,
      0,
      0,
      1,
      1
    ],
    [
      0,
      0,
      0,
      0,
      0
    ],
    [
      0,
      1,
      1,
      0,
      1
    ]
  ],
  "assortments": [
    [
      0,
      0,
      0,
      0,
      0
    ],
    [
      0,
      0,
      0,
      0,
      1
    ],
    [
      0,
      0,
      0,
      1,
      0
    ],
    [
      0,
      0,
      0,
      1,
      1
    ],
    [
      0,
      0,
      1,
      0,
      0
    ],
    [
      0,
      0,
      1,
      0,
      1
    ],
    [
      0,
      0,
      1,
      1,
      0
    ],
    [
      0,
      0,
      1,
      1,
      1
    ],
    [
      0,
      1,
      0,
      0,
      0
    ],
    [
      0,
      1,
      0,
      0,
      1
    ],
    [
      0,
      1,
      0,
      1,
      0
    ],
    [
      0,
      1,
      0,
      1,
      1
    ],
    [
      0,
      1,
      1,
      0,
      0
    ],
    [
      0,
      1,
      1,
      0,
      1
    ],
    [
      0,
      1,
      1,
      1,
      0
    ],
    [
      0,
      1,
      1,
      1,
      1
    ],
    [
      1,
      0,
      0,
      0,
      0
    ],
    [
      1,
      0,
      0,
      0,
      1
    ],
    [
      1,
      0,
      0,
      1,
      0
    ],
    [
      1,
      0,
      0,
      1,
      1
    ],
    [
      1,
      0,
      1,
      0,
      0
    ],
    [
      1,
      0,
      1,
      0,
      1
    ],
    [
      1,
      0,
      1,
      1,
      0
    ],
    [
      1,
      0,
      1,
      1,
      1
    ],
    [
      1,
      1,
      0,
      0,
      0
    ],
    [
      1,
      1,
      0,
      0,
      1
    ],
    [
      1,
      1,
      0,
      1,
      0
    ],
    [
      1,
      1,
      0,
      1,
      1
    ],
    [
      1,
      1,
      1,
      0,
      0
    ],
    [
      1,
      1,
      1,
      0,
      1
    ],
    [
      1,
      1,
      1,
      1,
      0
    ],
    [
      1,
      1,
      1,
      1,
      1
    ]
  ]
}