{
  "solver_status": 2,
  "feasible": true,
  "mb_formulation_version": 4,
  "runtime": 116.74414205551147,
  "wall_time": 116.74599480628967,
  "mip_gap": 0.009766751397413382,
  "objective": 1.749608866468439,
  "bundle_space_size": 32,
  "policy_scope": "full_bundle_prices",
  "bundle_prices": {
    "0": 0.0,
    "3": 18.051103579768814,
    "7": 23.753041442828135,
    "9": 14.114935754871015,
    "10": 11.198877525949685,
    "15": 26.924255039668154,
    "19": 19.71753300734988,
    "21": 17.51770115157029,
    "23": 25.166388277547902,
    "24": 5.295578855479093,
    "25": 14.904927783369331,
    "27": 22.574535796459404,
    "28": 10.601698500539968,
    "29": 20.81232330640174,
    "30": 18.652441223635044,
    "31": 28.014340845473058
  },
  "bundle_prices_full": {
    "0": 0.0,
    "1": 16.630745150421447,
    "2": 31.094733267438148,
    "3": 18.051103579768814,
    "4": 20.726811975096084,
    "5": 16.396408800247674,
    "6": 26.478807273768492,
    "7": 23.753041442828135,
    "8": 31.094733267438162,
    "9": 14.114935754871015,
    "10": 11.198877525949685,
    "11": 25.313813280820725,
    "12": 31.09473326743816,
    "13": 19.49820662433965,
    "14": 27.770034172495855,
    "15": 26.924255039668154,
    "16": 31.094733267438148,
    "17": 31.094733267438166,
    "18": 24.91505269824056,
    "19": 19.71753300734988,
    "20": 25.261216333192564,
    "21": 17.51770115157029,
    "22": 17.808193864044537,
    "23": 25.166388277547902,
    "24": 5.295578855479093,
    "25": 14.904927783369331,
    "26": 13.253565173615044,
    "27": 22.574535796459404,
    "28": 10.601698500539968,
    "29": 20.81232330640174,
    "30": 18.652441223635044,
    "31": 28.014340845473058
  },
  "bundle_prices_selected": {
    "0": 0.0,
    "3": 18.051103579768814,
    "7": 23.753041442828135,
    "9": 14.114935754871015,
    "10": 11.198877525949685,
    "15": 26.924255039668154,
    "19": 19.71753300734988,
    "21": 17.51770115157029,
    "23": 25.166388277547902,
    "24": 5.295578855479093,
    "25": 14.904927783369331,
    "27": 22.574535796459404,
    "28": 10.601698500539968,
    "29": 20.81232330640174,
    "30": 18.652441223635044,
    "31": 28.014340845473058
  },
  "chosen_bundle_idx_by_customer": [
    31,
    10,
    30,
    24,
    7,
    10,
    31,
    31,
    31,
    25,
    31,
    27,
    15,
    0,
    3,
    23,
    25,
    10,
    29,
    21,
    0,
    31,
    27,
    15,
    27,
    10,
    25,
    31,
    10,
    31,
    3,
    15,
    27,
    10,
    31,
    21,
    19,
    3,
    0,
    0,
    31,
    9,
    31,
    0,
    27,
    3,
    3,
    0,
    28,
    31
  ],
  "chosen_product_matrix": [
    [
      1,
      1,
      1,
      1,
      1
    ],
    [
      0,
      1,
      0,
      1,
      0
    ],
    [
      1,
      1,
      1,
      1,
      0
    ],
    [
      1,
      1,
      0,
      0,
      0
    ],
    [
      0,
      0,
      1,
      1,
      1
    ],
    [
      0,
      1,
      0,
      1,
      0
    ],
    [
      1,
      1,
      1,
      1,
      1
    ],
    [
      1,
      1,
      1,
      1,
      1
    ],
    [
      1,
      1,
      1,
      1,
      1
    ],
    [
      1,
      1,
      0,
      0,
      1
    ],
    [
      1,
      1,
      1,
      1,
      1
    ],
    [
      1,
      1,
      0,
      1,
      1
    ],
    [
      0,
      1,
      1,
      1,
      1
    ],
    [
      0,
      0,
      0,
      0,
      0
    ],
    [
      0,
      0,
      0,
      1,
      1
    ],
    [
      1,
      0,
      1,
      1,
      1
    ],
    [
      1,
      1,
      0,
      0,
      1
    ],
    [
      0,
      1,
      0,
      1,
      0
    ],
    [
      1,
      1,
      1,
      0,
      1
    ],
    [
      1,
      0,
      1,
      0,
      1
    ],
    [
      0,
      0,
      0,
      0,
      0
    ],
    [
      1,
      1,
      1,
      1,
      1
    ],
    [
      1,
      1,
      0,
      1,
      1
    ],
    [
      0,
      1,
      1,
      1,
      1
    ],
    [
      1,
      1,
      0,
      1,
      1
    ],
    [
      0,
      1,
      0,
      1,
      0
    ],
    [
      1,
      1,
      0,
      0,
      1
    ],
    [
      1,
      1,
      1,
      1,
      1
    ],
    [
      0,
      1,
      0,
      1,
      0
    ],
    [
      1,
      1,
      1,
      1,
      1
    ],
    [
      0,
      0,
      0,
      1,
      1
    ],
    [
      0,
      1,
      1,
      1,
      1
    ],
    [
      1,
      1,
      0,
      1,
      1
    ],
    [
      0,
      1,
      0,
      1,
      0
    ],
    [
      1,
      1,
      1,
      1,
      1
    ],
    [
      1,
      0,
      1,
      0,
      1
    ],
    [
      1,
      0,
      0,
      1,
      1
    ],
    [
      0,
      0,
      0,
      1,
      1
    ],
    [
      0,
      0,
      0,
      0,
      0
    ],
    [
      0,
      0,
      0,
      0,
      0
    ],
    [
      1,
      1,
      1,
      1,
      1
    ],
    [
      0,
      1,
      0,
      0,
      1
    ],
    [
      1,
      1,
      1,
      1,
      1
    ],
    [
      0,
      0,
      0,
      0,
      0
    ],
    [
      1,
      1,
      0,
      1,
      1
    ],
    [
      0,
      0,
      0,
      1,
      1
    ],
    [
      0,
      0,
      0,
      1,
      1
    ],
    [
      0,
      0,
      0,
      0,
      0
    ],
    [
      1,
      1,
      1,
      0,
      0
    ],
    [
      1,
      1,
      1,
      1,
      1
    ]
  ],
  "assortments": [
    [
      0,
      0,
      0,
      0,
      0
    ],
    [
      0,
      0,
      0,
      0,
      1
    ],
    [
      0,
      0,
      0,
      1,
      0
    ],
    [
      0,
      0,
      0,
      1,
      1
    ],
    [
      0,
      0,
      1,
      0,
      0
    ],
    [
      0,
      0,
      1,
      0,
      1
    ],
    [
      0,
      0,
      1,
      1,
      0
    ],
    [
      0,
      0,
      1,
      1,
      1
    ],
    [
      0,
      1,
      0,
      0,
      0
    ],
    [
      0,
      1,
      0,
      0,
      1
    ],
    [
      0,
      1,
      0,
      1,
      0
    ],
    [
      0,
      1,
      0,
      1,
      1
    ],
    [
      0,
      1,
      1,
      0,
      0
    ],
    [
      0,
      1,
      1,
      0,
      1
    ],
    [
      0,
      1,
      1,
      1,
      0
    ],
    [
      0,
      1,
      1,
      1,
      1
    ],
    [
      1,
      0,
      0,
      0,
      0
    ],
    [
      1,
      0,
      0,
      0,
      1
    ],
    [
      1,
      0,
      0,
      1,
      0
    ],
    [
      1,
      0,
      0,
      1,
      1
    ],
    [
      1,
      0,
      1,
      0,
      0
    ],
    [
      1,
      0,
      1,
      0,
      1
    ],
    [
      1,
      0,
      1,
      1,
      0
    ],
    [
      1,
      0,
      1,
      1,
      1
    ],
    [
      1,
      1,
      0,
      0,
      0
    ],
    [
      1,
      1,
      0,
      0,
      1
    ],
    [
      1,
      1,
      0,
      1,
      0
    ],
    [
      1,
      1,
      0,
      1,
      1
    ],
    [
      1,
      1,
      1,
      0,
      0
    ],
    [
      1,
      1,
      1,
      0,
      1
    ],
    [
      1,
      1,
      1,
      1,
      0
    ],
    [
      1,
      1,
      1,
      1,
      1
    ]
  ]
}