{
  "solver_status": 2,
  "feasible": true,
  "mb_formulation_version": 4,
  "runtime": 259.7542018890381,
  "wall_time": 259.7561089992523,
  "mip_gap": 0.00990111912771629,
  "objective": 1.4794899649911326,
  "bundle_space_size": 32,
  "policy_scope": "full_bundle_prices",
  "bundle_prices": {
    "0": 0.0,
    "2": 8.063663331092814,
    "3": 18.010688906047466,
    "5": 16.036899003722386,
    "6": 13.788735396605373,
    "7": 23.83335442282734,
    "9": 13.380852682344823,
    "10": 11.392560820801092,
    "13": 18.953093214114084,
    "15": 26.683711669711744,
    "16": 1.624259953323778,
    "19": 19.103614764530683,
    "21": 17.07567648526324,
    "22": 14.763649793809542,
    "23": 24.59350071575341,
    "26": 12.262380121174445,
    "27": 22.84510943554218,
    "30": 18.476683882651198,
    "31": 27.730586958056552
  },
  "bundle_prices_full": {
    "0": 0.0,
    "1": 30.715500914584638,
    "2": 8.063663331092814,
    "3": 18.010688906047466,
    "4": 30.715500914584638,
    "5": 16.036899003722386,
    "6": 13.788735396605373,
    "7": 23.83335442282734,
    "8": 30.715500914584638,
    "9": 13.380852682344823,
    "10": 11.392560820801092,
    "11": 24.773413503145918,
    "12": 30.715500914584638,
    "13": 18.953093214114084,
    "14": 25.181296217406466,
    "15": 26.683711669711744,
    "16": 1.624259953323778,
    "17": 30.715500914584638,
    "18": 9.687923284416591,
    "19": 19.103614764530683,
    "20": 30.715500914584638,
    "21": 17.07567648526324,
    "22": 14.763649793809542,
    "23": 24.59350071575341,
    "24": 30.715500914584638,
    "25": 15.0051126356686,
    "26": 12.262380121174445,
    "27": 22.84510943554218,
    "28": 30.715500914584638,
    "29": 20.577353167437863,
    "30": 18.476683882651198,
    "31": 27.730586958056552
  },
  "bundle_prices_selected": {
    "0": 0.0,
    "2": 8.063663331092814,
    "3": 18.010688906047466,
    "5": 16.036899003722386,
    "6": 13.788735396605373,
    "7": 23.83335442282734,
    "9": 13.380852682344823,
    "10": 11.392560820801092,
    "13": 18.953093214114084,
    "15": 26.683711669711744,
    "16": 1.624259953323778,
    "19": 19.103614764530683,
    "21": 17.07567648526324,
    "22": 14.763649793809542,
    "23": 24.59350071575341,
    "26": 12.262380121174445,
    "27": 22.84510943554218,
    "30": 18.476683882651198,
    "31": 27.730586958056552
  },
  "chosen_bundle_idx_by_customer": [
    9,
    13,
    15,
    16,
    10,
    0,
    15,
    0,
    21,
    19,
    30,
    22,
    23,
    9,
    0,
    15,
    31,
    31,
    0,
    6,
    22,
    27,
    6,
    5,
    0,
    13,
    15,
    23,
    3,
    31,
    26,
    9,
    6,
    31,
    0,
    31,
    19,
    13,
    13,
    19,
    13,
    19,
    31,
    2,
    5,
    9,
    15,
    7,
    23,
    5
  ],
  "chosen_product_matrix": [
    [
      0,
      1,
      0,
      0,
      1
    ],
    [
      0,
      1,
      1,
      0,
      1
    ],
    [
      0,
      1,
      1,
      1,
      1
    ],
    [
      1,
      0,
      0,
      0,
      0
    ],
    [
      0,
      1,
      0,
      1,
      0
    ],
    [
      0,
      0,
      0,
      0,
      0
    ],
    [
      0,
      1,
      1,
      1,
      1
    ],
    [
      0,
      0,
      0,
      0,
      0
    ],
    [
      1,
      0,
      1,
      0,
      1
    ],
    [
      1,
      0,
      0,
      1,
      1
    ],
    [
      1,
      1,
      1,
      1,
      0
    ],
    [
      1,
      0,
      1,
      1,
      0
    ],
    [
      1,
      0,
      1,
      1,
      1
    ],
    [
      0,
      1,
      0,
      0,
      1
    ],
    [
      0,
      0,
      0,
      0,
      0
    ],
    [
      0,
      1,
      1,
      1,
      1
    ],
    [
      1,
      1,
      1,
      1,
      1
    ],
    [
      1,
      1,
      1,
      1,
      1
    ],
    [
      0,
      0,
      0,
      0,
      0
    ],
    [
      0,
      0,
      1,
      1,
      0
    ],
    [
      1,
      0,
      1,
      1,
      0
    ],
    [
      1,
      1,
      0,
      1,
      1
    ],
    [
      0,
      0,
      1,
      1,
      0
    ],
    [
      0,
      0,
      1,
      0,
      1
    ],
    [
      0,
      0,
      0,
      0,
      0
    ],
    [
      0,
      1,
      1,
      0,
      1
    ],
    [
      0,
      1,
      1,
      1,
      1
    ],
    [
      1,
      0,
      1,
      1,
      1
    ],
    [
      0,
      0,
      0,
      1,
      1
    ],
    [
      1,
      1,
      1,
      1,
      1
    ],
    [
      1,
      1,
      0,
      1,
      0
    ],
    [
      0,
      1,
      0,
      0,
      1
    ],
    [
      0,
      0,
      1,
      1,
      0
    ],
    [
      1,
      1,
      1,
      1,
      1
    ],
    [
      0,
      0,
      0,
      0,
      0
    ],
    [
      1,
      1,
      1,
      1,
      1
    ],
    [
      1,
      0,
      0,
      1,
      1
    ],
    [
      0,
      1,
      1,
      0,
      1
    ],
    [
      0,
      1,
      1,
      0,
      1
    ],
    [
      1,
      0,
      0,
      1,
      1
    ],
    [
      0,
      1,
      1,
      0,
      1
    ],
    [
      1,
      0,
      0,
      1,
      1
    ],
    [
      1,
      1,
      1,
      1,
      1
    ],
    [
      0,
      0,
      0,
      1,
      0
    ],
    [
      0,
      0,
      1,
      0,
      1
    ],
    [
      0,
      1,
      0,
      0,
      1
    ],
    [
      0,
      1,
      1,
      1,
      1
    ],
    [
      0,
      0,
      1,
      1,
      1
    ],
    [
      1,
      0,
      1,
      1,
      1
    ],
    [
      0,
      0,
      1,
      0,
      1
    ]
  ],
  "assortments": [
    [
      0,
      0,
      0,
      0,
      0
    ],
    [
      0,
      0,
      0,
      0,
      1
    ],
    [
      0,
      0,
      0,
      1,
      0
    ],
    [
      0,
      0,
      0,
      1,
      1
    ],
    [
      0,
      0,
      1,
      0,
      0
    ],
    [
      0,
      0,
      1,
      0,
      1
    ],
    [
      0,
      0,
      1,
      1,
      0
    ],
    [
      0,
      0,
      1,
      1,
      1
    ],
    [
      0,
      1,
      0,
      0,
      0
    ],
    [
      0,
      1,
      0,
      0,
      1
    ],
    [
      0,
      1,
      0,
      1,
      0
    ],
    [
      0,
      1,
      0,
      1,
      1
    ],
    [
      0,
      1,
      1,
      0,
      0
    ],
    [
      0,
      1,
      1,
      0,
      1
    ],
    [
      0,
      1,
      1,
      1,
      0
    ],
    [
      0,
      1,
      1,
      1,
      1
    ],
    [
      1,
      0,
      0,
      0,
      0
    ],
    [
      1,
      0,
      0,
      0,
      1
    ],
    [
      1,
      0,
      0,
      1,
      0
    ],
    [
      1,
      0,
      0,
      1,
      1
    ],
    [
      1,
      0,
      1,
      0,
      0
    ],
    [
      1,
      0,
      1,
      0,
      1
    ],
    [
      1,
      0,
      1,
      1,
      0
    ],
    [
      1,
      0,
      1,
      1,
      1
    ],
    [
      1,
      1,
      0,
      0,
      0
    ],
    [
      1,
      1,
      0,
      0,
      1
    ],
    [
      1,
      1,
      0,
      1,
      0
    ],
    [
      1,
      1,
      0,
      1,
      1
    ],
    [
      1,
      1,
      1,
      0,
      0
    ],
    [
      1,
      1,
      1,
      0,
      1
    ],
    [
      1,
      1,
      1,
      1,
      0
    ],
    [
      1,
      1,
      1,
      1,
      1
    ]
  ]
}