{
  "solver_status": 9,
  "feasible": true,
  "mb_formulation_version": 4,
  "runtime": 300.0087330341339,
  "wall_time": 300.0105850696564,
  "mip_gap": 0.0217681583230616,
  "objective": 1.4642062481002587,
  "bundle_space_size": 32,
  "policy_scope": "full_bundle_prices",
  "bundle_prices": {
    "0": 0.0,
    "6": 13.960866412075678,
    "7": 24.09597691465587,
    "9": 13.354954464351977,
    "11": 22.072903188828622,
    "13": 19.15045942409786,
    "14": 17.064498732026916,
    "15": 27.014174764782062,
    "21": 16.80633703906656,
    "22": 15.032344624992083,
    "23": 24.967580978531632,
    "24": 4.51115520884915,
    "25": 14.825681174196793,
    "27": 22.721805116799036,
    "28": 10.268861288084924,
    "29": 19.84608223429197,
    "30": 17.95038950834674,
    "31": 27.58616372450189
  },
  "bundle_prices_full": {
    "0": 0.0,
    "1": 30.149013314182618,
    "2": 28.46840474988018,
    "3": 30.149013314182618,
    "4": 30.149013314182632,
    "5": 30.149013314182632,
    "6": 13.960866412075678,
    "7": 24.09597691465587,
    "8": 6.836672946634849,
    "9": 13.354954464351977,
    "10": 12.686776005157894,
    "11": 22.072903188828622,
    "12": 30.149013314182632,
    "13": 19.15045942409786,
    "14": 17.064498732026916,
    "15": 27.014174764782062,
    "16": 1.7082982880765463,
    "17": 29.68793570613587,
    "18": 21.053873886196964,
    "19": 19.992525848277122,
    "20": 29.68793570613588,
    "21": 16.80633703906656,
    "22": 15.032344624992083,
    "23": 24.967580978531632,
    "24": 4.51115520884915,
    "25": 14.825681174196793,
    "26": 12.662022444280295,
    "27": 22.721805116799036,
    "28": 10.268861288084924,
    "29": 19.84608223429197,
    "30": 17.95038950834674,
    "31": 27.58616372450189
  },
  "bundle_prices_selected": {
    "0": 0.0,
    "6": 13.960866412075678,
    "7": 24.09597691465587,
    "9": 13.354954464351977,
    "11": 22.072903188828622,
    "13": 19.15045942409786,
    "14": 17.064498732026916,
    "15": 27.014174764782062,
    "21": 16.80633703906656,
    "22": 15.032344624992083,
    "23": 24.967580978531632,
    "24": 4.51115520884915,
    "25": 14.825681174196793,
    "27": 22.721805116799036,
    "28": 10.268861288084924,
    "29": 19.84608223429197,
    "30": 17.95038950834674,
    "31": 27.58616372450189
  },
  "chosen_bundle_idx_by_customer": [
    31,
    31,
    11,
    7,
    31,
    31,
    29,
    7,
    0,
    0,
    6,
    31,
    25,
    0,
    24,
    21,
    9,
    27,
    28,
    6,
    21,
    0,
    15,
    0,
    23,
    29,
    22,
    9,
    0,
    30,
    29,
    7,
    29,
    31,
    31,
    29,
    31,
    14,
    31,
    14,
    0,
    13,
    15,
    9,
    23,
    31,
    9,
    0,
    0,
    0
  ],
  "chosen_product_matrix": [
    [
      1,
      1,
      1,
      1,
      1
    ],
    [
      1,
      1,
      1,
      1,
      1
    ],
    [
      0,
      1,
      0,
      1,
      1
    ],
    [
      0,
      0,
      1,
      1,
      1
    ],
    [
      1,
      1,
      1,
      1,
      1
    ],
    [
      1,
      1,
      1,
      1,
      1
    ],
    [
      1,
      1,
      1,
      0,
      1
    ],
    [
      0,
      0,
      1,
      1,
      1
    ],
    [
      0,
      0,
      0,
      0,
      0
    ],
    [
      0,
      0,
      0,
      0,
      0
    ],
    [
      0,
      0,
      1,
      1,
      0
    ],
    [
      1,
      1,
      1,
      1,
      1
    ],
    [
      1,
      1,
      0,
      0,
      1
    ],
    [
      0,
      0,
      0,
      0,
      0
    ],
    [
      1,
      1,
      0,
      0,
      0
    ],
    [
      1,
      0,
      1,
      0,
      1
    ],
    [
      0,
      1,
      0,
      0,
      1
    ],
    [
      1,
      1,
      0,
      1,
      1
    ],
    [
      1,
      1,
      1,
      0,
      0
    ],
    [
      0,
      0,
      1,
      1,
      0
    ],
    [
      1,
      0,
      1,
      0,
      1
    ],
    [
      0,
      0,
      0,
      0,
      0
    ],
    [
      0,
      1,
      1,
      1,
      1
    ],
    [
      0,
      0,
      0,
      0,
      0
    ],
    [
      1,
      0,
      1,
      1,
      1
    ],
    [
      1,
      1,
      1,
      0,
      1
    ],
    [
      1,
      0,
      1,
      1,
      0
    ],
    [
      0,
      1,
      0,
      0,
      1
    ],
    [
      0,
      0,
      0,
      0,
      0
    ],
    [
      1,
      1,
      1,
      1,
      0
    ],
    [
      1,
      1,
      1,
      0,
      1
    ],
    [
      0,
      0,
      1,
      1,
      1
    ],
    [
      1,
      1,
      1,
      0,
      1
    ],
    [
      1,
      1,
      1,
      1,
      1
    ],
    [
      1,
      1,
      1,
      1,
      1
    ],
    [
      1,
      1,
      1,
      0,
      1
    ],
    [
      1,
      1,
      1,
      1,
      1
    ],
    [
      0,
      1,
      1,
      1,
      0
    ],
    [
      1,
      1,
      1,
      1,
      1
    ],
    [
      0,
      1,
      1,
      1,
      0
    ],
    [
      0,
      0,
      0,
      0,
      0
    ],
    [
      0,
      1,
      1,
      0,
      1
    ],
    [
      0,
      1,
      1,
      1,
      1
    ],
    [
      0,
      1,
      0,
      0,
      1
    ],
    [
      1,
      0,
      1,
      1,
      1
    ],
    [
      1,
      1,
      1,
      1,
      1
    ],
    [
      0,
      1,
      0,
      0,
      1
    ],
    [
      0,
      0,
      0,
      0,
      0
    ],
    [
      0,
      0,
      0,
      0,
      0
    ],
    [
      0,
      0,
      0,
      0,
      0
    ]
  ],
  "assortments": [
    [
      0,
      0,
      0,
      0,
      0
    ],
    [
      0,
      0,
      0,
      0,
      1
    ],
    [
      0,
      0,
      0,
      1,
      0
    ],
    [
      0,
      0,
      0,
      1,
      1
    ],
    [
      0,
      0,
      1,
      0,
      0
    ],
    [
      0,
      0,
      1,
      0,
      1
    ],
    [
      0,
      0,
      1,
      1,
      0
    ],
    [
      0,
      0,
      1,
      1,
      1
    ],
    [
      0,
      1,
      0,
      0,
      0
    ],
    [
      0,
      1,
      0,
      0,
      1
    ],
    [
      0,
      1,
      0,
      1,
      0
    ],
    [
      0,
      1,
      0,
      1,
      1
    ],
    [
      0,
      1,
      1,
      0,
      0
    ],
    [
      0,
      1,
      1,
      0,
      1
    ],
    [
      0,
      1,
      1,
      1,
      0
    ],
    [
      0,
      1,
      1,
      1,
      1
    ],
    [
      1,
      0,
      0,
      0,
      0
    ],
    [
      1,
      0,
      0,
      0,
      1
    ],
    [
      1,
      0,
      0,
      1,
      0
    ],
    [
      1,
      0,
      0,
      1,
      1
    ],
    [
      1,
      0,
      1,
      0,
      0
    ],
    [
      1,
      0,
      1,
      0,
      1
    ],
    [
      1,
      0,
      1,
      1,
      0
    ],
    [
      1,
      0,
      1,
      1,
      1
    ],
    [
      1,
      1,
      0,
      0,
      0
    ],
    [
      1,
      1,
      0,
      0,
      1
    ],
    [
      1,
      1,
      0,
      1,
      0
    ],
    [
      1,
      1,
      0,
      1,
      1
    ],
    [
      1,
      1,
      1,
      0,
      0
    ],
    [
      1,
      1,
      1,
      0,
      1
    ],
    [
      1,
      1,
      1,
      1,
      0
    ],
    [
      1,
      1,
      1,
      1,
      1
    ]
  ]
}