{
  "solver_status": 2,
  "feasible": true,
  "mb_formulation_version": 6,
  "runtime": 2.6232872009277344,
  "wall_time": 2.623302936553955,
  "mip_gap": 0.00999812498836178,
  "objective": 6.56774911705216,
  "revenue_in_sample": 6.567749117052164,
  "model_num_vars": 6281,
  "model_num_binvars": 1550,
  "model_num_constrs": 10471,
  "bundle_space_size": 32,
  "subadditivity_mode": "full_partition",
  "policy_scope": "full_bundle_prices",
  "bundle_prices": {
    "1": 10.806129071368554,
    "11": 21.52304199108532,
    "12": 8.400280307896049,
    "13": 18.01713759239229,
    "15": 26.950143143519227,
    "26": 12.467622977178081,
    "28": 9.465891192002902,
    "29": 19.69089226864877,
    "30": 17.846818928308696,
    "31": 27.81607091021882
  },
  "bundle_prices_full": {
    "0": 0.0,
    "1": 10.806129071368554,
    "2": 30.3640678151133,
    "3": 30.364067815113287,
    "4": 30.364067815113287,
    "5": 18.41188869450805,
    "6": 30.364067815113287,
    "7": 30.364067815113287,
    "8": 3.7909388332292258,
    "9": 13.538987144054035,
    "10": 30.364067815113287,
    "11": 21.52304199108532,
    "12": 8.400280307896049,
    "13": 18.01713759239229,
    "14": 16.970284438218133,
    "15": 26.950143143519227,
    "16": 30.364067815113287,
    "17": 30.3640678151133,
    "18": 30.3640678151133,
    "19": 30.364067815113298,
    "20": 30.364067815113287,
    "21": 30.364067815113287,
    "22": 30.3640678151133,
    "23": 30.364067815113287,
    "24": 19.557938743744735,
    "25": 30.364067815113287,
    "26": 12.467622977178081,
    "27": 23.273752048546633,
    "28": 9.465891192002902,
    "29": 19.69089226864877,
    "30": 17.846818928308696,
    "31": 27.81607091021882
  },
  "bundle_prices_selected": {
    "1": 10.806129071368554,
    "11": 21.52304199108532,
    "12": 8.400280307896049,
    "13": 18.01713759239229,
    "15": 26.950143143519227,
    "26": 12.467622977178081,
    "28": 9.465891192002902,
    "29": 19.69089226864877,
    "30": 17.846818928308696,
    "31": 27.81607091021882
  },
  "chosen_bundle_idx_by_customer": [
    28,
    12,
    12,
    30,
    29,
    13,
    28,
    13,
    13,
    13,
    13,
    28,
    13,
    12,
    13,
    13,
    28,
    12,
    13,
    13,
    28,
    13,
    28,
    26,
    13,
    28,
    13,
    13,
    13,
    1,
    13,
    12,
    13,
    13,
    11,
    13,
    13,
    13,
    13,
    13,
    13,
    13,
    13,
    13,
    13,
    31,
    13,
    13,
    28,
    15
  ],
  "chosen_product_matrix": [
    [
      1,
      1,
      1,
      0,
      0
    ],
    [
      0,
      1,
      1,
      0,
      0
    ],
    [
      0,
      1,
      1,
      0,
      0
    ],
    [
      1,
      1,
      1,
      1,
      0
    ],
    [
      1,
      1,
      1,
      0,
      1
    ],
    [
      0,
      1,
      1,
      0,
      1
    ],
    [
      1,
      1,
      1,
      0,
      0
    ],
    [
      0,
      1,
      1,
      0,
      1
    ],
    [
      0,
      1,
      1,
      0,
      1
    ],
    [
      0,
      1,
      1,
      0,
      1
    ],
    [
      0,
      1,
      1,
      0,
      1
    ],
    [
      1,
      1,
      1,
      0,
      0
    ],
    [
      0,
      1,
      1,
      0,
      1
    ],
    [
      0,
      1,
      1,
      0,
      0
    ],
    [
      0,
      1,
      1,
      0,
      1
    ],
    [
      0,
      1,
      1,
      0,
      1
    ],
    [
      1,
      1,
      1,
      0,
      0
    ],
    [
      0,
      1,
      1,
      0,
      0
    ],
    [
      0,
      1,
      1,
      0,
      1
    ],
    [
      0,
      1,
      1,
      0,
      1
    ],
    [
      1,
      1,
      1,
      0,
      0
    ],
    [
      0,
      1,
      1,
      0,
      1
    ],
    [
      1,
      1,
      1,
      0,
      0
    ],
    [
      1,
      1,
      0,
      1,
      0
    ],
    [
      0,
      1,
      1,
      0,
      1
    ],
    [
      1,
      1,
      1,
      0,
      0
    ],
    [
      0,
      1,
      1,
      0,
      1
    ],
    [
      0,
      1,
      1,
      0,
      1
    ],
    [
      0,
      1,
      1,
      0,
      1
    ],
    [
      0,
      0,
      0,
      0,
      1
    ],
    [
      0,
      1,
      1,
      0,
      1
    ],
    [
      0,
      1,
      1,
      0,
      0
    ],
    [
      0,
      1,
      1,
      0,
      1
    ],
    [
      0,
      1,
      1,
      0,
      1
    ],
    [
      0,
      1,
      0,
      1,
      1
    ],
    [
      0,
      1,
      1,
      0,
      1
    ],
    [
      0,
      1,
      1,
      0,
      1
    ],
    [
      0,
      1,
      1,
      0,
      1
    ],
    [
      0,
      1,
      1,
      0,
      1
    ],
    [
      0,
      1,
      1,
      0,
      1
    ],
    [
      0,
      1,
      1,
      0,
      1
    ],
    [
      0,
      1,
      1,
      0,
      1
    ],
    [
      0,
      1,
      1,
      0,
      1
    ],
    [
      0,
      1,
      1,
      0,
      1
    ],
    [
      0,
      1,
      1,
      0,
      1
    ],
    [
      1,
      1,
      1,
      1,
      1
    ],
    [
      0,
      1,
      1,
      0,
      1
    ],
    [
      0,
      1,
      1,
      0,
      1
    ],
    [
      1,
      1,
      1,
      0,
      0
    ],
    [
      0,
      1,
      1,
      1,
      1
    ]
  ],
  "assortments": [
    [
      0,
      0,
      0,
      0,
      0
    ],
    [
      0,
      0,
      0,
      0,
      1
    ],
    [
      0,
      0,
      0,
      1,
      0
    ],
    [
      0,
      0,
      0,
      1,
      1
    ],
    [
      0,
      0,
      1,
      0,
      0
    ],
    [
      0,
      0,
      1,
      0,
      1
    ],
    [
      0,
      0,
      1,
      1,
      0
    ],
    [
      0,
      0,
      1,
      1,
      1
    ],
    [
      0,
      1,
      0,
      0,
      0
    ],
    [
      0,
      1,
      0,
      0,
      1
    ],
    [
      0,
      1,
      0,
      1,
      0
    ],
    [
      0,
      1,
      0,
      1,
      1
    ],
    [
      0,
      1,
      1,
      0,
      0
    ],
    [
      0,
      1,
      1,
      0,
      1
    ],
    [
      0,
      1,
      1,
      1,
      0
    ],
    [
      0,
      1,
      1,
      1,
      1
    ],
    [
      1,
      0,
      0,
      0,
      0
    ],
    [
      1,
      0,
      0,
      0,
      1
    ],
    [
      1,
      0,
      0,
      1,
      0
    ],
    [
      1,
      0,
      0,
      1,
      1
    ],
    [
      1,
      0,
      1,
      0,
      0
    ],
    [
      1,
      0,
      1,
      0,
      1
    ],
    [
      1,
      0,
      1,
      1,
      0
    ],
    [
      1,
      0,
      1,
      1,
      1
    ],
    [
      1,
      1,
      0,
      0,
      0
    ],
    [
      1,
      1,
      0,
      0,
      1
    ],
    [
      1,
      1,
      0,
      1,
      0
    ],
    [
      1,
      1,
      0,
      1,
      1
    ],
    [
      1,
      1,
      1,
      0,
      0
    ],
    [
      1,
      1,
      1,
      0,
      1
    ],
    [
      1,
      1,
      1,
      1,
      0
    ],
    [
      1,
      1,
      1,
      1,
      1
    ]
  ]
}