{
  "solver_status": 2,
  "feasible": true,
  "mb_formulation_version": 6,
  "runtime": 1.0764601230621338,
  "wall_time": 1.0764789581298828,
  "mip_gap": 0.005183873300921762,
  "objective": 8.599693572474445,
  "revenue_in_sample": 8.59969357247444,
  "model_num_vars": 6281,
  "model_num_binvars": 1550,
  "model_num_constrs": 10471,
  "bundle_space_size": 32,
  "subadditivity_mode": "full_partition",
  "policy_scope": "full_bundle_prices",
  "bundle_prices": {
    "3": 17.97980833378886,
    "5": 14.793743752080115,
    "7": 22.202749612674243
  },
  "bundle_prices_full": {
    "0": 0.0,
    "1": 30.66964873118732,
    "2": 30.66964873118732,
    "3": 17.97980833378886,
    "4": 30.66964873118733,
    "5": 14.793743752080115,
    "6": 28.978059349708477,
    "7": 22.202749612674243,
    "8": 30.669648731187337,
    "9": 30.66964873118732,
    "10": 30.66964873118733,
    "11": 21.598260844035817,
    "12": 30.669648731187323,
    "13": 18.98295066419919,
    "14": 20.29262709180908,
    "15": 28.978059349708477,
    "16": 30.66964873118732,
    "17": 11.326653048119407,
    "18": 30.66964873118733,
    "19": 30.66964873118732,
    "20": 30.66964873118733,
    "21": 30.66964873118733,
    "22": 30.66964873118732,
    "23": 26.761592669471373,
    "24": 30.66964873118732,
    "25": 30.669648731187323,
    "26": 30.66964873118733,
    "27": 30.66964873118732,
    "28": 30.669648731187337,
    "29": 30.66964873118733,
    "30": 30.669648731187337,
    "31": 28.64611369157594
  },
  "bundle_prices_selected": {
    "3": 17.97980833378886,
    "5": 14.793743752080115,
    "7": 22.202749612674243
  },
  "chosen_bundle_idx_by_customer": [
    7,
    5,
    5,
    5,
    7,
    7,
    3,
    7,
    7,
    7,
    5,
    7,
    5,
    7,
    7,
    7,
    7,
    7,
    7,
    7,
    7,
    7,
    7,
    7,
    7,
    7,
    7,
    5,
    5,
    7,
    5,
    7,
    7,
    7,
    5,
    7,
    7,
    7,
    7,
    7,
    7,
    7,
    7,
    7,
    5,
    5,
    7,
    7,
    7,
    7
  ],
  "chosen_product_matrix": [
    [
      0,
      0,
      1,
      1,
      1
    ],
    [
      0,
      0,
      1,
      0,
      1
    ],
    [
      0,
      0,
      1,
      0,
      1
    ],
    [
      0,
      0,
      1,
      0,
      1
    ],
    [
      0,
      0,
      1,
      1,
      1
    ],
    [
      0,
      0,
      1,
      1,
      1
    ],
    [
      0,
      0,
      0,
      1,
      1
    ],
    [
      0,
      0,
      1,
      1,
      1
    ],
    [
      0,
      0,
      1,
      1,
      1
    ],
    [
      0,
      0,
      1,
      1,
      1
    ],
    [
      0,
      0,
      1,
      0,
      1
    ],
    [
      0,
      0,
      1,
      1,
      1
    ],
    [
      0,
      0,
      1,
      0,
      1
    ],
    [
      0,
      0,
      1,
      1,
      1
    ],
    [
      0,
      0,
      1,
      1,
      1
    ],
    [
      0,
      0,
      1,
      1,
      1
    ],
    [
      0,
      0,
      1,
      1,
      1
    ],
    [
      0,
      0,
      1,
      1,
      1
    ],
    [
      0,
      0,
      1,
      1,
      1
    ],
    [
      0,
      0,
      1,
      1,
      1
    ],
    [
      0,
      0,
      1,
      1,
      1
    ],
    [
      0,
      0,
      1,
      1,
      1
    ],
    [
      0,
      0,
      1,
      1,
      1
    ],
    [
      0,
      0,
      1,
      1,
      1
    ],
    [
      0,
      0,
      1,
      1,
      1
    ],
    [
      0,
      0,
      1,
      1,
      1
    ],
    [
      0,
      0,
      1,
      1,
      1
    ],
    [
      0,
      0,
      1,
      0,
      1
    ],
    [
      0,
      0,
      1,
      0,
      1
    ],
    [
      0,
      0,
      1,
      1,
      1
    ],
    [
      0,
      0,
      1,
      0,
      1
    ],
    [
      0,
      0,
      1,
      1,
      1
    ],
    [
      0,
      0,
      1,
      1,
      1
    ],
    [
      0,
      0,
      1,
      1,
      1
    ],
    [
      0,
      0,
      1,
      0,
      1
    ],
    [
      0,
      0,
      1,
      1,
      1
    ],
    [
      0,
      0,
      1,
      1,
      1
    ],
    [
      0,
      0,
      1,
      1,
      1
    ],
    [
      0,
      0,
      1,
      1,
      1
    ],
    [
      0,
      0,
      1,
      1,
      1
    ],
    [
      0,
      0,
      1,
      1,
      1
    ],
    [
      0,
      0,
      1,
      1,
      1
    ],
    [
      0,
      0,
      1,
      1,
      1
    ],
    [
      0,
      0,
      1,
      1,
      1
    ],
    [
      0,
      0,
      1,
      0,
      1
    ],
    [
      0,
      0,
      1,
      0,
      1
    ],
    [
      0,
      0,
      1,
      1,
      1
    ],
    [
      0,
      0,
      1,
      1,
      1
    ],
    [
      0,
      0,
      1,
      1,
      1
    ],
    [
      0,
      0,
      1,
      1,
      1
    ]
  ],
  "assortments": [
    [
      0,
      0,
      0,
      0,
      0
    ],
    [
      0,
      0,
      0,
      0,
      1
    ],
    [
      0,
      0,
      0,
      1,
      0
    ],
    [
      0,
      0,
      0,
      1,
      1
    ],
    [
      0,
      0,
      1,
      0,
      0
    ],
    [
      0,
      0,
      1,
      0,
      1
    ],
    [
      0,
      0,
      1,
      1,
      0
    ],
    [
      0,
      0,
      1,
      1,
      1
    ],
    [
      0,
      1,
      0,
      0,
      0
    ],
    [
      0,
      1,
      0,
      0,
      1
    ],
    [
      0,
      1,
      0,
      1,
      0
    ],
    [
      0,
      1,
      0,
      1,
      1
    ],
    [
      0,
      1,
      1,
      0,
      0
    ],
    [
      0,
      1,
      1,
      0,
      1
    ],
    [
      0,
      1,
      1,
      1,
      0
    ],
    [
      0,
      1,
      1,
      1,
      1
    ],
    [
      1,
      0,
      0,
      0,
      0
    ],
    [
      1,
      0,
      0,
      0,
      1
    ],
    [
      1,
      0,
      0,
      1,
      0
    ],
    [
      1,
      0,
      0,
      1,
      1
    ],
    [
      1,
      0,
      1,
      0,
      0
    ],
    [
      1,
      0,
      1,
      0,
      1
    ],
    [
      1,
      0,
      1,
      1,
      0
    ],
    [
      1,
      0,
      1,
      1,
      1
    ],
    [
      1,
      1,
      0,
      0,
      0
    ],
    [
      1,
      1,
      0,
      0,
      1
    ],
    [
      1,
      1,
      0,
      1,
      0
    ],
    [
      1,
      1,
      0,
      1,
      1
    ],
    [
      1,
      1,
      1,
      0,
      0
    ],
    [
      1,
      1,
      1,
      0,
      1
    ],
    [
      1,
      1,
      1,
      1,
      0
    ],
    [
      1,
      1,
      1,
      1,
      1
    ]
  ]
}