{
  "solver_status": 2,
  "feasible": true,
  "mb_formulation_version": 6,
  "runtime": 4.349385976791382,
  "wall_time": 4.349431753158569,
  "mip_gap": 0.006325127516057501,
  "objective": 5.458215322450559,
  "revenue_in_sample": 5.458215322450545,
  "model_num_vars": 6281,
  "model_num_binvars": 1550,
  "model_num_constrs": 10471,
  "bundle_space_size": 32,
  "subadditivity_mode": "full_partition",
  "policy_scope": "full_bundle_prices",
  "bundle_prices": {
    "9": 12.14890402797446,
    "25": 13.295876680462895,
    "29": 19.560633682388307
  },
  "bundle_prices_full": {
    "0": 0.0,
    "1": 27.529841653116478,
    "2": 29.57531553942022,
    "3": 27.529841653116456,
    "4": 29.57531553942021,
    "5": 29.57531553942021,
    "6": 29.57531553942022,
    "7": 29.57531553942021,
    "8": 3.0575882233212863,
    "9": 12.14890402797446,
    "10": 29.57531553942021,
    "11": 20.789482917512576,
    "12": 12.07659633701494,
    "13": 20.539550695087613,
    "14": 29.57531553942021,
    "15": 26.813329111294298,
    "16": 29.57531553942021,
    "17": 21.77301849241081,
    "18": 29.57531553942021,
    "19": 19.298303001388792,
    "20": 29.575315539420224,
    "21": 29.57531553942021,
    "22": 29.57531553942021,
    "23": 29.57531553942021,
    "24": 29.57531553942021,
    "25": 13.295876680462895,
    "26": 29.57531553942021,
    "27": 21.910857598271175,
    "28": 29.57531553942022,
    "29": 19.560633682388307,
    "30": 29.57531553942022,
    "31": 29.57531553942021
  },
  "bundle_prices_selected": {
    "9": 12.14890402797446,
    "25": 13.295876680462895,
    "29": 19.560633682388307
  },
  "chosen_bundle_idx_by_customer": [
    9,
    25,
    9,
    25,
    25,
    25,
    9,
    9,
    9,
    9,
    9,
    25,
    25,
    9,
    9,
    9,
    9,
    25,
    29,
    9,
    25,
    9,
    9,
    9,
    25,
    9,
    9,
    25,
    25,
    25,
    25,
    29,
    9,
    9,
    9,
    29,
    9,
    9,
    25,
    25,
    9,
    9,
    25,
    9,
    9,
    9,
    9,
    25,
    25,
    29
  ],
  "chosen_product_matrix": [
    [
      0,
      1,
      0,
      0,
      1
    ],
    [
      1,
      1,
      0,
      0,
      1
    ],
    [
      0,
      1,
      0,
      0,
      1
    ],
    [
      1,
      1,
      0,
      0,
      1
    ],
    [
      1,
      1,
      0,
      0,
      1
    ],
    [
      1,
      1,
      0,
      0,
      1
    ],
    [
      0,
      1,
      0,
      0,
      1
    ],
    [
      0,
      1,
      0,
      0,
      1
    ],
    [
      0,
      1,
      0,
      0,
      1
    ],
    [
      0,
      1,
      0,
      0,
      1
    ],
    [
      0,
      1,
      0,
      0,
      1
    ],
    [
      1,
      1,
      0,
      0,
      1
    ],
    [
      1,
      1,
      0,
      0,
      1
    ],
    [
      0,
      1,
      0,
      0,
      1
    ],
    [
      0,
      1,
      0,
      0,
      1
    ],
    [
      0,
      1,
      0,
      0,
      1
    ],
    [
      0,
      1,
      0,
      0,
      1
    ],
    [
      1,
      1,
      0,
      0,
      1
    ],
    [
      1,
      1,
      1,
      0,
      1
    ],
    [
      0,
      1,
      0,
      0,
      1
    ],
    [
      1,
      1,
      0,
      0,
      1
    ],
    [
      0,
      1,
      0,
      0,
      1
    ],
    [
      0,
      1,
      0,
      0,
      1
    ],
    [
      0,
      1,
      0,
      0,
      1
    ],
    [
      1,
      1,
      0,
      0,
      1
    ],
    [
      0,
      1,
      0,
      0,
      1
    ],
    [
      0,
      1,
      0,
      0,
      1
    ],
    [
      1,
      1,
      0,
      0,
      1
    ],
    [
      1,
      1,
      0,
      0,
      1
    ],
    [
      1,
      1,
      0,
      0,
      1
    ],
    [
      1,
      1,
      0,
      0,
      1
    ],
    [
      1,
      1,
      1,
      0,
      1
    ],
    [
      0,
      1,
      0,
      0,
      1
    ],
    [
      0,
      1,
      0,
      0,
      1
    ],
    [
      0,
      1,
      0,
      0,
      1
    ],
    [
      1,
      1,
      1,
      0,
      1
    ],
    [
      0,
      1,
      0,
      0,
      1
    ],
    [
      0,
      1,
      0,
      0,
      1
    ],
    [
      1,
      1,
      0,
      0,
      1
    ],
    [
      1,
      1,
      0,
      0,
      1
    ],
    [
      0,
      1,
      0,
      0,
      1
    ],
    [
      0,
      1,
      0,
      0,
      1
    ],
    [
      1,
      1,
      0,
      0,
      1
    ],
    [
      0,
      1,
      0,
      0,
      1
    ],
    [
      0,
      1,
      0,
      0,
      1
    ],
    [
      0,
      1,
      0,
      0,
      1
    ],
    [
      0,
      1,
      0,
      0,
      1
    ],
    [
      1,
      1,
      0,
      0,
      1
    ],
    [
      1,
      1,
      0,
      0,
      1
    ],
    [
      1,
      1,
      1,
      0,
      1
    ]
  ],
  "assortments": [
    [
      0,
      0,
      0,
      0,
      0
    ],
    [
      0,
      0,
      0,
      0,
      1
    ],
    [
      0,
      0,
      0,
      1,
      0
    ],
    [
      0,
      0,
      0,
      1,
      1
    ],
    [
      0,
      0,
      1,
      0,
      0
    ],
    [
      0,
      0,
      1,
      0,
      1
    ],
    [
      0,
      0,
      1,
      1,
      0
    ],
    [
      0,
      0,
      1,
      1,
      1
    ],
    [
      0,
      1,
      0,
      0,
      0
    ],
    [
      0,
      1,
      0,
      0,
      1
    ],
    [
      0,
      1,
      0,
      1,
      0
    ],
    [
      0,
      1,
      0,
      1,
      1
    ],
    [
      0,
      1,
      1,
      0,
      0
    ],
    [
      0,
      1,
      1,
      0,
      1
    ],
    [
      0,
      1,
      1,
      1,
      0
    ],
    [
      0,
      1,
      1,
      1,
      1
    ],
    [
      1,
      0,
      0,
      0,
      0
    ],
    [
      1,
      0,
      0,
      0,
      1
    ],
    [
      1,
      0,
      0,
      1,
      0
    ],
    [
      1,
      0,
      0,
      1,
      1
    ],
    [
      1,
      0,
      1,
      0,
      0
    ],
    [
      1,
      0,
      1,
      0,
      1
    ],
    [
      1,
      0,
      1,
      1,
      0
    ],
    [
      1,
      0,
      1,
      1,
      1
    ],
    [
      1,
      1,
      0,
      0,
      0
    ],
    [
      1,
      1,
      0,
      0,
      1
    ],
    [
      1,
      1,
      0,
      1,
      0
    ],
    [
      1,
      1,
      0,
      1,
      1
    ],
    [
      1,
      1,
      1,
      0,
      0
    ],
    [
      1,
      1,
      1,
      0,
      1
    ],
    [
      1,
      1,
      1,
      1,
      0
    ],
    [
      1,
      1,
      1,
      1,
      1
    ]
  ]
}