{
  "solver_status": 2,
  "feasible": true,
  "mb_formulation_version": 6,
  "runtime": 0.9117789268493652,
  "wall_time": 0.91180419921875,
  "mip_gap": 0.009988948386171882,
  "objective": 10.294601021343167,
  "revenue_in_sample": 10.294601021343793,
  "model_num_vars": 6281,
  "model_num_binvars": 1550,
  "model_num_constrs": 10471,
  "bundle_space_size": 32,
  "subadditivity_mode": "full_partition",
  "policy_scope": "full_bundle_prices",
  "bundle_prices": {
    "3": 16.70681147064379,
    "11": 20.34657485288475
  },
  "bundle_prices_full": {
    "0": 0.0,
    "1": 9.73023759882862,
    "2": 29.80967397229562,
    "3": 16.70681147064379,
    "4": 29.80967397229563,
    "5": 29.80967397229562,
    "6": 29.80967397229562,
    "7": 28.848623034802685,
    "8": 22.608839090065608,
    "9": 28.84862303475687,
    "10": 11.174146385247154,
    "11": 20.34657485288475,
    "12": 29.809673972295634,
    "13": 29.80967397229562,
    "14": 19.118385435974066,
    "15": 28.848623034802685,
    "16": 29.80967397229562,
    "17": 29.80967397229562,
    "18": 29.809673972295634,
    "19": 24.09375836726113,
    "20": 29.80967397229562,
    "21": 18.635527587048465,
    "22": 29.809673972295634,
    "23": 29.80967397229562,
    "24": 29.809673972295634,
    "25": 14.432732503443916,
    "26": 29.809673972295624,
    "27": 24.09375836726113,
    "28": 29.809673972295634,
    "29": 20.789846656040858,
    "30": 29.80967397229562,
    "31": 29.80967397229562
  },
  "bundle_prices_selected": {
    "3": 16.70681147064379,
    "11": 20.34657485288475
  },
  "chosen_bundle_idx_by_customer": [
    3,
    3,
    3,
    11,
    3,
    3,
    3,
    3,
    11,
    3,
    3,
    3,
    3,
    3,
    11,
    3,
    3,
    3,
    3,
    3,
    3,
    3,
    3,
    3,
    11,
    3,
    3,
    3,
    3,
    3,
    3,
    3,
    11,
    3,
    3,
    3,
    3,
    3,
    11,
    3,
    3,
    3,
    0,
    3,
    3,
    3,
    11,
    3,
    3,
    3
  ],
  "chosen_product_matrix": [
    [
      0,
      0,
      0,
      1,
      1
    ],
    [
      0,
      0,
      0,
      1,
      1
    ],
    [
      0,
      0,
      0,
      1,
      1
    ],
    [
      0,
      1,
      0,
      1,
      1
    ],
    [
      0,
      0,
      0,
      1,
      1
    ],
    [
      0,
      0,
      0,
      1,
      1
    ],
    [
      0,
      0,
      0,
      1,
      1
    ],
    [
      0,
      0,
      0,
      1,
      1
    ],
    [
      0,
      1,
      0,
      1,
      1
    ],
    [
      0,
      0,
      0,
      1,
      1
    ],
    [
      0,
      0,
      0,
      1,
      1
    ],
    [
      0,
      0,
      0,
      1,
      1
    ],
    [
      0,
      0,
      0,
      1,
      1
    ],
    [
      0,
      0,
      0,
      1,
      1
    ],
    [
      0,
      1,
      0,
      1,
      1
    ],
    [
      0,
      0,
      0,
      1,
      1
    ],
    [
      0,
      0,
      0,
      1,
      1
    ],
    [
      0,
      0,
      0,
      1,
      1
    ],
    [
      0,
      0,
      0,
      1,
      1
    ],
    [
      0,
      0,
      0,
      1,
      1
    ],
    [
      0,
      0,
      0,
      1,
      1
    ],
    [
      0,
      0,
      0,
      1,
      1
    ],
    [
      0,
      0,
      0,
      1,
      1
    ],
    [
      0,
      0,
      0,
      1,
      1
    ],
    [
      0,
      1,
      0,
      1,
      1
    ],
    [
      0,
      0,
      0,
      1,
      1
    ],
    [
      0,
      0,
      0,
      1,
      1
    ],
    [
      0,
      0,
      0,
      1,
      1
    ],
    [
      0,
      0,
      0,
      1,
      1
    ],
    [
      0,
      0,
      0,
      1,
      1
    ],
    [
      0,
      0,
      0,
      1,
      1
    ],
    [
      0,
      0,
      0,
      1,
      1
    ],
    [
      0,
      1,
      0,
      1,
      1
    ],
    [
      0,
      0,
      0,
      1,
      1
    ],
    [
      0,
      0,
      0,
      1,
      1
    ],
    [
      0,
      0,
      0,
      1,
      1
    ],
    [
      0,
      0,
      0,
      1,
      1
    ],
    [
      0,
      0,
      0,
      1,
      1
    ],
    [
      0,
      1,
      0,
      1,
      1
    ],
    [
      0,
      0,
      0,
      1,
      1
    ],
    [
      0,
      0,
      0,
      1,
      1
    ],
    [
      0,
      0,
      0,
      1,
      1
    ],
    [
      0,
      0,
      0,
      0,
      0
    ],
    [
      0,
      0,
      0,
      1,
      1
    ],
    [
      0,
      0,
      0,
      1,
      1
    ],
    [
      0,
      0,
      0,
      1,
      1
    ],
    [
      0,
      1,
      0,
      1,
      1
    ],
    [
      0,
      0,
      0,
      1,
      1
    ],
    [
      0,
      0,
      0,
      1,
      1
    ],
    [
      0,
      0,
      0,
      1,
      1
    ]
  ],
  "assortments": [
    [
      0,
      0,
      0,
      0,
      0
    ],
    [
      0,
      0,
      0,
      0,
      1
    ],
    [
      0,
      0,
      0,
      1,
      0
    ],
    [
      0,
      0,
      0,
      1,
      1
    ],
    [
      0,
      0,
      1,
      0,
      0
    ],
    [
      0,
      0,
      1,
      0,
      1
    ],
    [
      0,
      0,
      1,
      1,
      0
    ],
    [
      0,
      0,
      1,
      1,
      1
    ],
    [
      0,
      1,
      0,
      0,
      0
    ],
    [
      0,
      1,
      0,
      0,
      1
    ],
    [
      0,
      1,
      0,
      1,
      0
    ],
    [
      0,
      1,
      0,
      1,
      1
    ],
    [
      0,
      1,
      1,
      0,
      0
    ],
    [
      0,
      1,
      1,
      0,
      1
    ],
    [
      0,
      1,
      1,
      1,
      0
    ],
    [
      0,
      1,
      1,
      1,
      1
    ],
    [
      1,
      0,
      0,
      0,
      0
    ],
    [
      1,
      0,
      0,
      0,
      1
    ],
    [
      1,
      0,
      0,
      1,
      0
    ],
    [
      1,
      0,
      0,
      1,
      1
    ],
    [
      1,
      0,
      1,
      0,
      0
    ],
    [
      1,
      0,
      1,
      0,
      1
    ],
    [
      1,
      0,
      1,
      1,
      0
    ],
    [
      1,
      0,
      1,
      1,
      1
    ],
    [
      1,
      1,
      0,
      0,
      0
    ],
    [
      1,
      1,
      0,
      0,
      1
    ],
    [
      1,
      1,
      0,
      1,
      0
    ],
    [
      1,
      1,
      0,
      1,
      1
    ],
    [
      1,
      1,
      1,
      0,
      0
    ],
    [
      1,
      1,
      1,
      0,
      1
    ],
    [
      1,
      1,
      1,
      1,
      0
    ],
    [
      1,
      1,
      1,
      1,
      1
    ]
  ]
}