{
  "solver_status": 2,
  "feasible": true,
  "mb_formulation_version": 6,
  "runtime": 7.857372045516968,
  "wall_time": 7.8573899269104,
  "mip_gap": 0.009656554855490303,
  "objective": 9.505353553987522,
  "revenue_in_sample": 9.505353553987499,
  "model_num_vars": 6281,
  "model_num_binvars": 1550,
  "model_num_constrs": 10471,
  "bundle_space_size": 32,
  "subadditivity_mode": "full_partition",
  "policy_scope": "full_bundle_prices",
  "bundle_prices": {
    "9": 13.035717259094282,
    "11": 19.802455064215994,
    "15": 26.057858303160796,
    "19": 18.278717947090662,
    "21": 16.332629198712112,
    "27": 21.507489366838655,
    "31": 27.152983287881256
  },
  "bundle_prices_full": {
    "0": 0.0,
    "1": 30.394688972622824,
    "2": 30.394688972622824,
    "3": 30.394688972622824,
    "4": 23.55877091581342,
    "5": 30.394688972622824,
    "6": 30.394688972622824,
    "7": 30.394688972622824,
    "8": 23.55877091581342,
    "9": 13.035717259094282,
    "10": 30.394688972622824,
    "11": 19.802455064215994,
    "12": 23.55877091581342,
    "13": 30.394688972622824,
    "14": 30.394688972622824,
    "15": 26.057858303160796,
    "16": 23.558770915813422,
    "17": 30.394688972622824,
    "18": 30.394688972622827,
    "19": 18.278717947090662,
    "20": 23.558770915813433,
    "21": 16.332629198712112,
    "22": 30.394688972622838,
    "23": 30.394688972622824,
    "24": 23.55877091581342,
    "25": 30.394688972622824,
    "26": 30.394688972622824,
    "27": 21.507489366838655,
    "28": 23.55877091581342,
    "29": 30.394688972622824,
    "30": 30.394688972622824,
    "31": 27.152983287881256
  },
  "bundle_prices_selected": {
    "9": 13.035717259094282,
    "11": 19.802455064215994,
    "15": 26.057858303160796,
    "19": 18.278717947090662,
    "21": 16.332629198712112,
    "27": 21.507489366838655,
    "31": 27.152983287881256
  },
  "chosen_bundle_idx_by_customer": [
    11,
    19,
    11,
    11,
    11,
    15,
    11,
    11,
    31,
    11,
    11,
    11,
    11,
    11,
    11,
    27,
    11,
    11,
    11,
    27,
    11,
    15,
    11,
    11,
    11,
    11,
    11,
    19,
    11,
    11,
    11,
    11,
    19,
    11,
    11,
    11,
    19,
    11,
    15,
    9,
    21,
    31,
    11,
    11,
    31,
    15,
    11,
    11,
    11,
    15
  ],
  "chosen_product_matrix": [
    [
      0,
      1,
      0,
      1,
      1
    ],
    [
      1,
      0,
      0,
      1,
      1
    ],
    [
      0,
      1,
      0,
      1,
      1
    ],
    [
      0,
      1,
      0,
      1,
      1
    ],
    [
      0,
      1,
      0,
      1,
      1
    ],
    [
      0,
      1,
      1,
      1,
      1
    ],
    [
      0,
      1,
      0,
      1,
      1
    ],
    [
      0,
      1,
      0,
      1,
      1
    ],
    [
      1,
      1,
      1,
      1,
      1
    ],
    [
      0,
      1,
      0,
      1,
      1
    ],
    [
      0,
      1,
      0,
      1,
      1
    ],
    [
      0,
      1,
      0,
      1,
      1
    ],
    [
      0,
      1,
      0,
      1,
      1
    ],
    [
      0,
      1,
      0,
      1,
      1
    ],
    [
      0,
      1,
      0,
      1,
      1
    ],
    [
      1,
      1,
      0,
      1,
      1
    ],
    [
      0,
      1,
      0,
      1,
      1
    ],
    [
      0,
      1,
      0,
      1,
      1
    ],
    [
      0,
      1,
      0,
      1,
      1
    ],
    [
      1,
      1,
      0,
      1,
      1
    ],
    [
      0,
      1,
      0,
      1,
      1
    ],
    [
      0,
      1,
      1,
      1,
      1
    ],
    [
      0,
      1,
      0,
      1,
      1
    ],
    [
      0,
      1,
      0,
      1,
      1
    ],
    [
      0,
      1,
      0,
      1,
      1
    ],
    [
      0,
      1,
      0,
      1,
      1
    ],
    [
      0,
      1,
      0,
      1,
      1
    ],
    [
      1,
      0,
      0,
      1,
      1
    ],
    [
      0,
      1,
      0,
      1,
      1
    ],
    [
      0,
      1,
      0,
      1,
      1
    ],
    [
      0,
      1,
      0,
      1,
      1
    ],
    [
      0,
      1,
      0,
      1,
      1
    ],
    [
      1,
      0,
      0,
      1,
      1
    ],
    [
      0,
      1,
      0,
      1,
      1
    ],
    [
      0,
      1,
      0,
      1,
      1
    ],
    [
      0,
      1,
      0,
      1,
      1
    ],
    [
      1,
      0,
      0,
      1,
      1
    ],
    [
      0,
      1,
      0,
      1,
      1
    ],
    [
      0,
      1,
      1,
      1,
      1
    ],
    [
      0,
      1,
      0,
      0,
      1
    ],
    [
      1,
      0,
      1,
      0,
      1
    ],
    [
      1,
      1,
      1,
      1,
      1
    ],
    [
      0,
      1,
      0,
      1,
      1
    ],
    [
      0,
      1,
      0,
      1,
      1
    ],
    [
      1,
      1,
      1,
      1,
      1
    ],
    [
      0,
      1,
      1,
      1,
      1
    ],
    [
      0,
      1,
      0,
      1,
      1
    ],
    [
      0,
      1,
      0,
      1,
      1
    ],
    [
      0,
      1,
      0,
      1,
      1
    ],
    [
      0,
      1,
      1,
      1,
      1
    ]
  ],
  "assortments": [
    [
      0,
      0,
      0,
      0,
      0
    ],
    [
      0,
      0,
      0,
      0,
      1
    ],
    [
      0,
      0,
      0,
      1,
      0
    ],
    [
      0,
      0,
      0,
      1,
      1
    ],
    [
      0,
      0,
      1,
      0,
      0
    ],
    [
      0,
      0,
      1,
      0,
      1
    ],
    [
      0,
      0,
      1,
      1,
      0
    ],
    [
      0,
      0,
      1,
      1,
      1
    ],
    [
      0,
      1,
      0,
      0,
      0
    ],
    [
      0,
      1,
      0,
      0,
      1
    ],
    [
      0,
      1,
      0,
      1,
      0
    ],
    [
      0,
      1,
      0,
      1,
      1
    ],
    [
      0,
      1,
      1,
      0,
      0
    ],
    [
      0,
      1,
      1,
      0,
      1
    ],
    [
      0,
      1,
      1,
      1,
      0
    ],
    [
      0,
      1,
      1,
      1,
      1
    ],
    [
      1,
      0,
      0,
      0,
      0
    ],
    [
      1,
      0,
      0,
      0,
      1
    ],
    [
      1,
      0,
      0,
      1,
      0
    ],
    [
      1,
      0,
      0,
      1,
      1
    ],
    [
      1,
      0,
      1,
      0,
      0
    ],
    [
      1,
      0,
      1,
      0,
      1
    ],
    [
      1,
      0,
      1,
      1,
      0
    ],
    [
      1,
      0,
      1,
      1,
      1
    ],
    [
      1,
      1,
      0,
      0,
      0
    ],
    [
      1,
      1,
      0,
      0,
      1
    ],
    [
      1,
      1,
      0,
      1,
      0
    ],
    [
      1,
      1,
      0,
      1,
      1
    ],
    [
      1,
      1,
      1,
      0,
      0
    ],
    [
      1,
      1,
      1,
      0,
      1
    ],
    [
      1,
      1,
      1,
      1,
      0
    ],
    [
      1,
      1,
      1,
      1,
      1
    ]
  ]
}