{
  "solver_status": 2,
  "feasible": true,
  "mb_formulation_version": 6,
  "runtime": 1.2348291873931885,
  "wall_time": 1.234847068786621,
  "mip_gap": 0.008015201909689386,
  "objective": 10.228447800095449,
  "revenue_in_sample": 10.22844780009543,
  "model_num_vars": 6281,
  "model_num_binvars": 1550,
  "model_num_constrs": 10471,
  "bundle_space_size": 32,
  "subadditivity_mode": "full_partition",
  "policy_scope": "full_bundle_prices",
  "bundle_prices": {
    "3": 16.652941379056422,
    "9": 12.96310380396119,
    "11": 20.470186341089672
  },
  "bundle_prices_full": {
    "0": 0.0,
    "1": 12.302354775302836,
    "2": 8.81648549249107,
    "3": 16.652941379056422,
    "4": 29.93648657212196,
    "5": 28.86072781182191,
    "6": 15.881366365948807,
    "7": 23.2764490274738,
    "8": 29.936486572121954,
    "9": 12.96310380396119,
    "10": 12.14587113129949,
    "11": 20.470186341089672,
    "12": 29.936486572121943,
    "13": 28.86072781182191,
    "14": 18.400079600198403,
    "15": 27.435042295089332,
    "16": 29.936486572121943,
    "17": 29.936486572121943,
    "18": 29.936486572121947,
    "19": 20.307318585788316,
    "20": 29.936486572121957,
    "21": 29.936486572121943,
    "22": 29.936486572121957,
    "23": 26.395293947620054,
    "24": 29.936486572121943,
    "25": 29.936486572121943,
    "26": 29.936486572121943,
    "27": 23.761086406304344,
    "28": 29.936486572121954,
    "29": 29.93648657212196,
    "30": 29.936486572121954,
    "31": 29.936486572121943
  },
  "bundle_prices_selected": {
    "3": 16.652941379056422,
    "9": 12.96310380396119,
    "11": 20.470186341089672
  },
  "chosen_bundle_idx_by_customer": [
    3,
    3,
    3,
    9,
    0,
    3,
    3,
    3,
    3,
    3,
    3,
    3,
    3,
    3,
    3,
    3,
    3,
    3,
    3,
    3,
    3,
    3,
    3,
    3,
    3,
    3,
    3,
    3,
    3,
    3,
    11,
    3,
    11,
    3,
    3,
    3,
    3,
    3,
    3,
    0,
    3,
    3,
    3,
    3,
    3,
    3,
    11,
    3,
    3,
    3
  ],
  "chosen_product_matrix": [
    [
      0,
      0,
      0,
      1,
      1
    ],
    [
      0,
      0,
      0,
      1,
      1
    ],
    [
      0,
      0,
      0,
      1,
      1
    ],
    [
      0,
      1,
      0,
      0,
      1
    ],
    [
      0,
      0,
      0,
      0,
      0
    ],
    [
      0,
      0,
      0,
      1,
      1
    ],
    [
      0,
      0,
      0,
      1,
      1
    ],
    [
      0,
      0,
      0,
      1,
      1
    ],
    [
      0,
      0,
      0,
      1,
      1
    ],
    [
      0,
      0,
      0,
      1,
      1
    ],
    [
      0,
      0,
      0,
      1,
      1
    ],
    [
      0,
      0,
      0,
      1,
      1
    ],
    [
      0,
      0,
      0,
      1,
      1
    ],
    [
      0,
      0,
      0,
      1,
      1
    ],
    [
      0,
      0,
      0,
      1,
      1
    ],
    [
      0,
      0,
      0,
      1,
      1
    ],
    [
      0,
      0,
      0,
      1,
      1
    ],
    [
      0,
      0,
      0,
      1,
      1
    ],
    [
      0,
      0,
      0,
      1,
      1
    ],
    [
      0,
      0,
      0,
      1,
      1
    ],
    [
      0,
      0,
      0,
      1,
      1
    ],
    [
      0,
      0,
      0,
      1,
      1
    ],
    [
      0,
      0,
      0,
      1,
      1
    ],
    [
      0,
      0,
      0,
      1,
      1
    ],
    [
      0,
      0,
      0,
      1,
      1
    ],
    [
      0,
      0,
      0,
      1,
      1
    ],
    [
      0,
      0,
      0,
      1,
      1
    ],
    [
      0,
      0,
      0,
      1,
      1
    ],
    [
      0,
      0,
      0,
      1,
      1
    ],
    [
      0,
      0,
      0,
      1,
      1
    ],
    [
      0,
      1,
      0,
      1,
      1
    ],
    [
      0,
      0,
      0,
      1,
      1
    ],
    [
      0,
      1,
      0,
      1,
      1
    ],
    [
      0,
      0,
      0,
      1,
      1
    ],
    [
      0,
      0,
      0,
      1,
      1
    ],
    [
      0,
      0,
      0,
      1,
      1
    ],
    [
      0,
      0,
      0,
      1,
      1
    ],
    [
      0,
      0,
      0,
      1,
      1
    ],
    [
      0,
      0,
      0,
      1,
      1
    ],
    [
      0,
      0,
      0,
      0,
      0
    ],
    [
      0,
      0,
      0,
      1,
      1
    ],
    [
      0,
      0,
      0,
      1,
      1
    ],
    [
      0,
      0,
      0,
      1,
      1
    ],
    [
      0,
      0,
      0,
      1,
      1
    ],
    [
      0,
      0,
      0,
      1,
      1
    ],
    [
      0,
      0,
      0,
      1,
      1
    ],
    [
      0,
      1,
      0,
      1,
      1
    ],
    [
      0,
      0,
      0,
      1,
      1
    ],
    [
      0,
      0,
      0,
      1,
      1
    ],
    [
      0,
      0,
      0,
      1,
      1
    ]
  ],
  "assortments": [
    [
      0,
      0,
      0,
      0,
      0
    ],
    [
      0,
      0,
      0,
      0,
      1
    ],
    [
      0,
      0,
      0,
      1,
      0
    ],
    [
      0,
      0,
      0,
      1,
      1
    ],
    [
      0,
      0,
      1,
      0,
      0
    ],
    [
      0,
      0,
      1,
      0,
      1
    ],
    [
      0,
      0,
      1,
      1,
      0
    ],
    [
      0,
      0,
      1,
      1,
      1
    ],
    [
      0,
      1,
      0,
      0,
      0
    ],
    [
      0,
      1,
      0,
      0,
      1
    ],
    [
      0,
      1,
      0,
      1,
      0
    ],
    [
      0,
      1,
      0,
      1,
      1
    ],
    [
      0,
      1,
      1,
      0,
      0
    ],
    [
      0,
      1,
      1,
      0,
      1
    ],
    [
      0,
      1,
      1,
      1,
      0
    ],
    [
      0,
      1,
      1,
      1,
      1
    ],
    [
      1,
      0,
      0,
      0,
      0
    ],
    [
      1,
      0,
      0,
      0,
      1
    ],
    [
      1,
      0,
      0,
      1,
      0
    ],
    [
      1,
      0,
      0,
      1,
      1
    ],
    [
      1,
      0,
      1,
      0,
      0
    ],
    [
      1,
      0,
      1,
      0,
      1
    ],
    [
      1,
      0,
      1,
      1,
      0
    ],
    [
      1,
      0,
      1,
      1,
      1
    ],
    [
      1,
      1,
      0,
      0,
      0
    ],
    [
      1,
      1,
      0,
      0,
      1
    ],
    [
      1,
      1,
      0,
      1,
      0
    ],
    [
      1,
      1,
      0,
      1,
      1
    ],
    [
      1,
      1,
      1,
      0,
      0
    ],
    [
      1,
      1,
      1,
      0,
      1
    ],
    [
      1,
      1,
      1,
      1,
      0
    ],
    [
      1,
      1,
      1,
      1,
      1
    ]
  ]
}