{
  "solver_status": 2,
  "feasible": true,
  "mb_formulation_version": 5,
  "runtime": 75.31686878204346,
  "wall_time": 75.31874990463257,
  "mip_gap": 0.00994902822582664,
  "objective": 1.7455210890111204,
  "bundle_space_size": 32,
  "policy_scope": "full_bundle_prices",
  "bundle_prices": {
    "0": 0.0,
    "1": 10.175594853492157,
    "5": 15.766963571911482,
    "6": 13.98312692077139,
    "7": 23.603075679938044,
    "10": 11.656128737467764,
    "11": 21.515741444266475,
    "12": 9.354320491191219,
    "14": 17.121800709457894,
    "15": 26.85709195661169,
    "18": 9.376104939118358,
    "23": 24.881022117060127,
    "25": 15.1628463020949,
    "27": 22.57923571171748,
    "29": 20.75901011420902,
    "31": 27.987814758690135
  },
  "bundle_prices_full": {
    "0": 0.0,
    "1": 10.175594853492157,
    "2": 30.277146293868125,
    "3": 30.277146293868107,
    "4": 6.152388292014311,
    "5": 15.766963571911482,
    "6": 13.98312692077139,
    "7": 23.603075679938044,
    "8": 20.209539177725375,
    "9": 26.390335806268965,
    "10": 11.656128737467764,
    "11": 21.515741444266475,
    "12": 9.354320491191219,
    "13": 19.404851343537565,
    "14": 17.121800709457894,
    "15": 26.85709195661169,
    "16": 26.570218139986217,
    "17": 25.929730811514553,
    "18": 9.376104939118358,
    "19": 19.246513991306774,
    "20": 7.843542261162474,
    "21": 17.70365668216625,
    "22": 15.095464134169784,
    "23": 24.881022117060127,
    "24": 18.757818998170464,
    "25": 15.1628463020949,
    "26": 24.27868231433979,
    "27": 22.57923571171748,
    "28": 11.016786198730843,
    "29": 20.75901011420902,
    "30": 18.304376600226163,
    "31": 27.987814758690135
  },
  "bundle_prices_selected": {
    "0": 0.0,
    "1": 10.175594853492157,
    "5": 15.766963571911482,
    "6": 13.98312692077139,
    "7": 23.603075679938044,
    "10": 11.656128737467764,
    "11": 21.515741444266475,
    "12": 9.354320491191219,
    "14": 17.121800709457894,
    "15": 26.85709195661169,
    "18": 9.376104939118358,
    "23": 24.881022117060127,
    "25": 15.1628463020949,
    "27": 22.57923571171748,
    "29": 20.75901011420902,
    "31": 27.987814758690135
  },
  "chosen_bundle_idx_by_customer": [
    31,
    15,
    6,
    7,
    14,
    29,
    0,
    5,
    31,
    15,
    14,
    31,
    31,
    10,
    15,
    10,
    23,
    5,
    31,
    0,
    7,
    7,
    7,
    11,
    1,
    23,
    15,
    11,
    5,
    5,
    1,
    23,
    31,
    7,
    25,
    15,
    1,
    31,
    0,
    31,
    31,
    0,
    11,
    27,
    18,
    23,
    15,
    12,
    1,
    11
  ],
  "chosen_product_matrix": [
    [
      1,
      1,
      1,
      1,
      1
    ],
    [
      0,
      1,
      1,
      1,
      1
    ],
    [
      0,
      0,
      1,
      1,
      0
    ],
    [
      0,
      0,
      1,
      1,
      1
    ],
    [
      0,
      1,
      1,
      1,
      0
    ],
    [
      1,
      1,
      1,
      0,
      1
    ],
    [
      0,
      0,
      0,
      0,
      0
    ],
    [
      0,
      0,
      1,
      0,
      1
    ],
    [
      1,
      1,
      1,
      1,
      1
    ],
    [
      0,
      1,
      1,
      1,
      1
    ],
    [
      0,
      1,
      1,
      1,
      0
    ],
    [
      1,
      1,
      1,
      1,
      1
    ],
    [
      1,
      1,
      1,
      1,
      1
    ],
    [
      0,
      1,
      0,
      1,
      0
    ],
    [
      0,
      1,
      1,
      1,
      1
    ],
    [
      0,
      1,
      0,
      1,
      0
    ],
    [
      1,
      0,
      1,
      1,
      1
    ],
    [
      0,
      0,
      1,
      0,
      1
    ],
    [
      1,
      1,
      1,
      1,
      1
    ],
    [
      0,
      0,
      0,
      0,
      0
    ],
    [
      0,
      0,
      1,
      1,
      1
    ],
    [
      0,
      0,
      1,
      1,
      1
    ],
    [
      0,
      0,
      1,
      1,
      1
    ],
    [
      0,
      1,
      0,
      1,
      1
    ],
    [
      0,
      0,
      0,
      0,
      1
    ],
    [
      1,
      0,
      1,
      1,
      1
    ],
    [
      0,
      1,
      1,
      1,
      1
    ],
    [
      0,
      1,
      0,
      1,
      1
    ],
    [
      0,
      0,
      1,
      0,
      1
    ],
    [
      0,
      0,
      1,
      0,
      1
    ],
    [
      0,
      0,
      0,
      0,
      1
    ],
    [
      1,
      0,
      1,
      1,
      1
    ],
    [
      1,
      1,
      1,
      1,
      1
    ],
    [
      0,
      0,
      1,
      1,
      1
    ],
    [
      1,
      1,
      0,
      0,
      1
    ],
    [
      0,
      1,
      1,
      1,
      1
    ],
    [
      0,
      0,
      0,
      0,
      1
    ],
    [
      1,
      1,
      1,
      1,
      1
    ],
    [
      0,
      0,
      0,
      0,
      0
    ],
    [
      1,
      1,
      1,
      1,
      1
    ],
    [
      1,
      1,
      1,
      1,
      1
    ],
    [
      0,
      0,
      0,
      0,
      0
    ],
    [
      0,
      1,
      0,
      1,
      1
    ],
    [
      1,
      1,
      0,
      1,
      1
    ],
    [
      1,
      0,
      0,
      1,
      0
    ],
    [
      1,
      0,
      1,
      1,
      1
    ],
    [
      0,
      1,
      1,
      1,
      1
    ],
    [
      0,
      1,
      1,
      0,
      0
    ],
    [
      0,
      0,
      0,
      0,
      1
    ],
    [
      0,
      1,
      0,
      1,
      1
    ]
  ],
  "assortments": [
    [
      0,
      0,
      0,
      0,
      0
    ],
    [
      0,
      0,
      0,
      0,
      1
    ],
    [
      0,
      0,
      0,
      1,
      0
    ],
    [
      0,
      0,
      0,
      1,
      1
    ],
    [
      0,
      0,
      1,
      0,
      0
    ],
    [
      0,
      0,
      1,
      0,
      1
    ],
    [
      0,
      0,
      1,
      1,
      0
    ],
    [
      0,
      0,
      1,
      1,
      1
    ],
    [
      0,
      1,
      0,
      0,
      0
    ],
    [
      0,
      1,
      0,
      0,
      1
    ],
    [
      0,
      1,
      0,
      1,
      0
    ],
    [
      0,
      1,
      0,
      1,
      1
    ],
    [
      0,
      1,
      1,
      0,
      0
    ],
    [
      0,
      1,
      1,
      0,
      1
    ],
    [
      0,
      1,
      1,
      1,
      0
    ],
    [
      0,
      1,
      1,
      1,
      1
    ],
    [
      1,
      0,
      0,
      0,
      0
    ],
    [
      1,
      0,
      0,
      0,
      1
    ],
    [
      1,
      0,
      0,
      1,
      0
    ],
    [
      1,
      0,
      0,
      1,
      1
    ],
    [
      1,
      0,
      1,
      0,
      0
    ],
    [
      1,
      0,
      1,
      0,
      1
    ],
    [
      1,
      0,
      1,
      1,
      0
    ],
    [
      1,
      0,
      1,
      1,
      1
    ],
    [
      1,
      1,
      0,
      0,
      0
    ],
    [
      1,
      1,
      0,
      0,
      1
    ],
    [
      1,
      1,
      0,
      1,
      0
    ],
    [
      1,
      1,
      0,
      1,
      1
    ],
    [
      1,
      1,
      1,
      0,
      0
    ],
    [
      1,
      1,
      1,
      0,
      1
    ],
    [
      1,
      1,
      1,
      1,
      0
    ],
    [
      1,
      1,
      1,
      1,
      1
    ]
  ]
}