{
  "solver_status": 9,
  "feasible": true,
  "mb_formulation_version": 5,
  "runtime": 300.00988507270813,
  "wall_time": 300.0118029117584,
  "mip_gap": 0.02940064314360247,
  "objective": 1.516071238246088,
  "bundle_space_size": 32,
  "policy_scope": "full_bundle_prices",
  "bundle_prices": {
    "0": 0.0,
    "3": 17.978602718286663,
    "5": 16.049442961016513,
    "7": 23.8175093545018,
    "10": 11.421605890996794,
    "11": 21.07050305311311,
    "13": 19.025084166004838,
    "14": 17.010756889528608,
    "15": 26.695869130158464,
    "20": 7.1293917945028396,
    "21": 16.97609241836832,
    "23": 24.49627492062587,
    "25": 14.446475553806389,
    "27": 22.05807363497279,
    "28": 10.315942482006001,
    "29": 20.070455903200774,
    "30": 18.251337236405814,
    "31": 27.826667372812945
  },
  "bundle_prices_full": {
    "0": 0.0,
    "1": 29.553969423868768,
    "2": 14.921891491304102,
    "3": 17.978602718286663,
    "4": 29.55396942386876,
    "5": 16.049442961016513,
    "6": 29.55396942386876,
    "7": 23.8175093545018,
    "8": 10.39543284492631,
    "9": 13.66938745038575,
    "10": 11.421605890996794,
    "11": 21.07050305311311,
    "12": 25.027510777490974,
    "13": 19.025084166004838,
    "14": 17.010756889528608,
    "15": 26.695869130158464,
    "16": 26.004882010852555,
    "17": 11.61651528371929,
    "18": 26.004882010852555,
    "19": 26.004882010852544,
    "20": 7.1293917945028396,
    "21": 16.97609241836832,
    "22": 15.203633010777263,
    "23": 24.49627492062587,
    "24": 21.478423364474768,
    "25": 14.446475553806389,
    "26": 13.342989207420603,
    "27": 22.05807363497279,
    "28": 10.315942482006001,
    "29": 20.070455903200774,
    "30": 18.251337236405814,
    "31": 27.826667372812945
  },
  "bundle_prices_selected": {
    "0": 0.0,
    "3": 17.978602718286663,
    "5": 16.049442961016513,
    "7": 23.8175093545018,
    "10": 11.421605890996794,
    "11": 21.07050305311311,
    "13": 19.025084166004838,
    "14": 17.010756889528608,
    "15": 26.695869130158464,
    "20": 7.1293917945028396,
    "21": 16.97609241836832,
    "23": 24.49627492062587,
    "25": 14.446475553806389,
    "27": 22.05807363497279,
    "28": 10.315942482006001,
    "29": 20.070455903200774,
    "30": 18.251337236405814,
    "31": 27.826667372812945
  },
  "chosen_bundle_idx_by_customer": [
    11,
    13,
    14,
    30,
    3,
    0,
    7,
    31,
    10,
    23,
    25,
    15,
    25,
    23,
    27,
    11,
    0,
    13,
    10,
    3,
    5,
    15,
    31,
    15,
    0,
    28,
    15,
    21,
    5,
    0,
    13,
    14,
    27,
    29,
    11,
    27,
    13,
    11,
    3,
    11,
    0,
    15,
    21,
    11,
    20,
    15,
    27,
    13,
    31,
    15
  ],
  "chosen_product_matrix": [
    [
      0,
      1,
      0,
      1,
      1
    ],
    [
      0,
      1,
      1,
      0,
      1
    ],
    [
      0,
      1,
      1,
      1,
      0
    ],
    [
      1,
      1,
      1,
      1,
      0
    ],
    [
      0,
      0,
      0,
      1,
      1
    ],
    [
      0,
      0,
      0,
      0,
      0
    ],
    [
      0,
      0,
      1,
      1,
      1
    ],
    [
      1,
      1,
      1,
      1,
      1
    ],
    [
      0,
      1,
      0,
      1,
      0
    ],
    [
      1,
      0,
      1,
      1,
      1
    ],
    [
      1,
      1,
      0,
      0,
      1
    ],
    [
      0,
      1,
      1,
      1,
      1
    ],
    [
      1,
      1,
      0,
      0,
      1
    ],
    [
      1,
      0,
      1,
      1,
      1
    ],
    [
      1,
      1,
      0,
      1,
      1
    ],
    [
      0,
      1,
      0,
      1,
      1
    ],
    [
      0,
      0,
      0,
      0,
      0
    ],
    [
      0,
      1,
      1,
      0,
      1
    ],
    [
      0,
      1,
      0,
      1,
      0
    ],
    [
      0,
      0,
      0,
      1,
      1
    ],
    [
      0,
      0,
      1,
      0,
      1
    ],
    [
      0,
      1,
      1,
      1,
      1
    ],
    [
      1,
      1,
      1,
      1,
      1
    ],
    [
      0,
      1,
      1,
      1,
      1
    ],
    [
      0,
      0,
      0,
      0,
      0
    ],
    [
      1,
      1,
      1,
      0,
      0
    ],
    [
      0,
      1,
      1,
      1,
      1
    ],
    [
      1,
      0,
      1,
      0,
      1
    ],
    [
      0,
      0,
      1,
      0,
      1
    ],
    [
      0,
      0,
      0,
      0,
      0
    ],
    [
      0,
      1,
      1,
      0,
      1
    ],
    [
      0,
      1,
      1,
      1,
      0
    ],
    [
      1,
      1,
      0,
      1,
      1
    ],
    [
      1,
      1,
      1,
      0,
      1
    ],
    [
      0,
      1,
      0,
      1,
      1
    ],
    [
      1,
      1,
      0,
      1,
      1
    ],
    [
      0,
      1,
      1,
      0,
      1
    ],
    [
      0,
      1,
      0,
      1,
      1
    ],
    [
      0,
      0,
      0,
      1,
      1
    ],
    [
      0,
      1,
      0,
      1,
      1
    ],
    [
      0,
      0,
      0,
      0,
      0
    ],
    [
      0,
      1,
      1,
      1,
      1
    ],
    [
      1,
      0,
      1,
      0,
      1
    ],
    [
      0,
      1,
      0,
      1,
      1
    ],
    [
      1,
      0,
      1,
      0,
      0
    ],
    [
      0,
      1,
      1,
      1,
      1
    ],
    [
      1,
      1,
      0,
      1,
      1
    ],
    [
      0,
      1,
      1,
      0,
      1
    ],
    [
      1,
      1,
      1,
      1,
      1
    ],
    [
      0,
      1,
      1,
      1,
      1
    ]
  ],
  "assortments": [
    [
      0,
      0,
      0,
      0,
      0
    ],
    [
      0,
      0,
      0,
      0,
      1
    ],
    [
      0,
      0,
      0,
      1,
      0
    ],
    [
      0,
      0,
      0,
      1,
      1
    ],
    [
      0,
      0,
      1,
      0,
      0
    ],
    [
      0,
      0,
      1,
      0,
      1
    ],
    [
      0,
      0,
      1,
      1,
      0
    ],
    [
      0,
      0,
      1,
      1,
      1
    ],
    [
      0,
      1,
      0,
      0,
      0
    ],
    [
      0,
      1,
      0,
      0,
      1
    ],
    [
      0,
      1,
      0,
      1,
      0
    ],
    [
      0,
      1,
      0,
      1,
      1
    ],
    [
      0,
      1,
      1,
      0,
      0
    ],
    [
      0,
      1,
      1,
      0,
      1
    ],
    [
      0,
      1,
      1,
      1,
      0
    ],
    [
      0,
      1,
      1,
      1,
      1
    ],
    [
      1,
      0,
      0,
      0,
      0
    ],
    [
      1,
      0,
      0,
      0,
      1
    ],
    [
      1,
      0,
      0,
      1,
      0
    ],
    [
      1,
      0,
      0,
      1,
      1
    ],
    [
      1,
      0,
      1,
      0,
      0
    ],
    [
      1,
      0,
      1,
      0,
      1
    ],
    [
      1,
      0,
      1,
      1,
      0
    ],
    [
      1,
      0,
      1,
      1,
      1
    ],
    [
      1,
      1,
      0,
      0,
      0
    ],
    [
      1,
      1,
      0,
      0,
      1
    ],
    [
      1,
      1,
      0,
      1,
      0
    ],
    [
      1,
      1,
      0,
      1,
      1
    ],
    [
      1,
      1,
      1,
      0,
      0
    ],
    [
      1,
      1,
      1,
      0,
      1
    ],
    [
      1,
      1,
      1,
      1,
      0
    ],
    [
      1,
      1,
      1,
      1,
      1
    ]
  ]
}