{
  "solver_status": 9,
  "feasible": true,
  "mb_formulation_version": 6,
  "runtime": 5.0180439949035645,
  "wall_time": 5.018071889877319,
  "mip_gap": 0.06947020471633664,
  "objective": 2.2164549286271993,
  "revenue_in_sample": 2.216454928627199,
  "model_num_vars": 6281,
  "model_num_binvars": 1550,
  "model_num_constrs": 10471,
  "bundle_space_size": 32,
  "subadditivity_mode": "full_partition",
  "policy_scope": "full_bundle_prices",
  "bundle_prices": {
    "2": 5.8296870964157845,
    "4": 5.462630912603428,
    "12": 6.803695881565353,
    "13": 12.436352655790733,
    "14": 12.216258395742585,
    "15": 17.99764542762118,
    "16": 1.5724787303535959,
    "20": 6.814036880517433,
    "22": 11.853579690049312,
    "23": 17.40861181760236,
    "24": 2.7377969530051773,
    "26": 8.228747140525513,
    "28": 7.941374158042564,
    "29": 13.88414481051752,
    "30": 13.298589890280407,
    "31": 18.81989955971938
  },
  "bundle_prices_full": {
    "0": 0.0,
    "1": 14.974748298016403,
    "2": 5.8296870964157845,
    "3": 13.594611671324206,
    "4": 5.462630912603428,
    "5": 12.368228243546657,
    "6": 11.292318009019212,
    "7": 18.197915339962442,
    "8": 1.817200509838706,
    "9": 8.32471947786695,
    "10": 7.646887606254491,
    "11": 14.154406574282733,
    "12": 6.803695881565353,
    "13": 12.436352655790733,
    "14": 12.216258395742585,
    "15": 17.99764542762118,
    "16": 1.5724787303535959,
    "17": 8.040909674519302,
    "18": 7.178264292796877,
    "19": 13.870596770935087,
    "20": 6.814036880517433,
    "21": 13.50354058712273,
    "22": 11.853579690049312,
    "23": 17.40861181760236,
    "24": 2.7377969530051773,
    "25": 8.734717932698462,
    "26": 8.228747140525513,
    "27": 14.506698168082389,
    "28": 7.941374158042564,
    "29": 13.88414481051752,
    "30": 13.298589890280407,
    "31": 18.81989955971938
  },
  "bundle_prices_selected": {
    "2": 5.8296870964157845,
    "4": 5.462630912603428,
    "12": 6.803695881565353,
    "13": 12.436352655790733,
    "14": 12.216258395742585,
    "15": 17.99764542762118,
    "16": 1.5724787303535959,
    "20": 6.814036880517433,
    "22": 11.853579690049312,
    "23": 17.40861181760236,
    "24": 2.7377969530051773,
    "26": 8.228747140525513,
    "28": 7.941374158042564,
    "29": 13.88414481051752,
    "30": 13.298589890280407,
    "31": 18.81989955971938
  },
  "chosen_bundle_idx_by_customer": [
    22,
    12,
    20,
    4,
    31,
    22,
    13,
    2,
    26,
    30,
    0,
    12,
    23,
    14,
    26,
    16,
    26,
    4,
    28,
    0,
    4,
    12,
    24,
    28,
    22,
    28,
    31,
    24,
    0,
    29,
    15,
    0,
    24,
    0,
    31,
    0,
    23,
    28,
    24,
    24,
    14,
    14,
    30,
    0,
    22,
    23,
    16,
    20,
    28,
    0
  ],
  "chosen_product_matrix": [
    [
      1,
      0,
      1,
      1,
      0
    ],
    [
      0,
      1,
      1,
      0,
      0
    ],
    [
      1,
      0,
      1,
      0,
      0
    ],
    [
      0,
      0,
      1,
      0,
      0
    ],
    [
      1,
      1,
      1,
      1,
      1
    ],
    [
      1,
      0,
      1,
      1,
      0
    ],
    [
      0,
      1,
      1,
      0,
      1
    ],
    [
      0,
      0,
      0,
      1,
      0
    ],
    [
      1,
      1,
      0,
      1,
      0
    ],
    [
      1,
      1,
      1,
      1,
      0
    ],
    [
      0,
      0,
      0,
      0,
      0
    ],
    [
      0,
      1,
      1,
      0,
      0
    ],
    [
      1,
      0,
      1,
      1,
      1
    ],
    [
      0,
      1,
      1,
      1,
      0
    ],
    [
      1,
      1,
      0,
      1,
      0
    ],
    [
      1,
      0,
      0,
      0,
      0
    ],
    [
      1,
      1,
      0,
      1,
      0
    ],
    [
      0,
      0,
      1,
      0,
      0
    ],
    [
      1,
      1,
      1,
      0,
      0
    ],
    [
      0,
      0,
      0,
      0,
      0
    ],
    [
      0,
      0,
      1,
      0,
      0
    ],
    [
      0,
      1,
      1,
      0,
      0
    ],
    [
      1,
      1,
      0,
      0,
      0
    ],
    [
      1,
      1,
      1,
      0,
      0
    ],
    [
      1,
      0,
      1,
      1,
      0
    ],
    [
      1,
      1,
      1,
      0,
      0
    ],
    [
      1,
      1,
      1,
      1,
      1
    ],
    [
      1,
      1,
      0,
      0,
      0
    ],
    [
      0,
      0,
      0,
      0,
      0
    ],
    [
      1,
      1,
      1,
      0,
      1
    ],
    [
      0,
      1,
      1,
      1,
      1
    ],
    [
      0,
      0,
      0,
      0,
      0
    ],
    [
      1,
      1,
      0,
      0,
      0
    ],
    [
      0,
      0,
      0,
      0,
      0
    ],
    [
      1,
      1,
      1,
      1,
      1
    ],
    [
      0,
      0,
      0,
      0,
      0
    ],
    [
      1,
      0,
      1,
      1,
      1
    ],
    [
      1,
      1,
      1,
      0,
      0
    ],
    [
      1,
      1,
      0,
      0,
      0
    ],
    [
      1,
      1,
      0,
      0,
      0
    ],
    [
      0,
      1,
      1,
      1,
      0
    ],
    [
      0,
      1,
      1,
      1,
      0
    ],
    [
      1,
      1,
      1,
      1,
      0
    ],
    [
      0,
      0,
      0,
      0,
      0
    ],
    [
      1,
      0,
      1,
      1,
      0
    ],
    [
      1,
      0,
      1,
      1,
      1
    ],
    [
      1,
      0,
      0,
      0,
      0
    ],
    [
      1,
      0,
      1,
      0,
      0
    ],
    [
      1,
      1,
      1,
      0,
      0
    ],
    [
      0,
      0,
      0,
      0,
      0
    ]
  ],
  "assortments": [
    [
      0,
      0,
      0,
      0,
      0
    ],
    [
      0,
      0,
      0,
      0,
      1
    ],
    [
      0,
      0,
      0,
      1,
      0
    ],
    [
      0,
      0,
      0,
      1,
      1
    ],
    [
      0,
      0,
      1,
      0,
      0
    ],
    [
      0,
      0,
      1,
      0,
      1
    ],
    [
      0,
      0,
      1,
      1,
      0
    ],
    [
      0,
      0,
      1,
      1,
      1
    ],
    [
      0,
      1,
      0,
      0,
      0
    ],
    [
      0,
      1,
      0,
      0,
      1
    ],
    [
      0,
      1,
      0,
      1,
      0
    ],
    [
      0,
      1,
      0,
      1,
      1
    ],
    [
      0,
      1,
      1,
      0,
      0
    ],
    [
      0,
      1,
      1,
      0,
      1
    ],
    [
      0,
      1,
      1,
      1,
      0
    ],
    [
      0,
      1,
      1,
      1,
      1
    ],
    [
      1,
      0,
      0,
      0,
      0
    ],
    [
      1,
      0,
      0,
      0,
      1
    ],
    [
      1,
      0,
      0,
      1,
      0
    ],
    [
      1,
      0,
      0,
      1,
      1
    ],
    [
      1,
      0,
      1,
      0,
      0
    ],
    [
      1,
      0,
      1,
      0,
      1
    ],
    [
      1,
      0,
      1,
      1,
      0
    ],
    [
      1,
      0,
      1,
      1,
      1
    ],
    [
      1,
      1,
      0,
      0,
      0
    ],
    [
      1,
      1,
      0,
      0,
      1
    ],
    [
      1,
      1,
      0,
      1,
      0
    ],
    [
      1,
      1,
      0,
      1,
      1
    ],
    [
      1,
      1,
      1,
      0,
      0
    ],
    [
      1,
      1,
      1,
      0,
      1
    ],
    [
      1,
      1,
      1,
      1,
      0
    ],
    [
      1,
      1,
      1,
      1,
      1
    ]
  ]
}