{
  "solver_status": 9,
  "feasible": true,
  "mb_formulation_version": 6,
  "runtime": 5.063287973403931,
  "wall_time": 5.063321113586426,
  "mip_gap": 0.09194688096752564,
  "objective": 6.466930771562719,
  "revenue_in_sample": 6.467751417128021,
  "model_num_vars": 6281,
  "model_num_binvars": 1550,
  "model_num_constrs": 10471,
  "bundle_space_size": 32,
  "subadditivity_mode": "full_partition",
  "policy_scope": "full_bundle_prices",
  "bundle_prices": {
    "3": 38.202244219114554,
    "7": 48.37421159413991,
    "12": 13.890214350699342,
    "14": 32.510129910024354,
    "16": 1.3991624373029543,
    "18": 19.463491518627013,
    "19": 38.84069629960975,
    "20": 11.01374687189033,
    "21": 31.030573061849214,
    "23": 48.40385908625511,
    "24": 9.13139397058167,
    "25": 32.3267544452877,
    "27": 45.24820564675554,
    "28": 14.031246628965574,
    "30": 33.353705869326355,
    "31": 50.44823502297581
  },
  "bundle_prices_full": {
    "0": 0.0,
    "1": 82.28626088091362,
    "2": 32.53967583204066,
    "3": 38.202244219114554,
    "4": 24.089931185303982,
    "5": 30.194389319988723,
    "6": 56.62960701734464,
    "7": 48.37421159413991,
    "8": 11.419204168452062,
    "9": 78.04799214706031,
    "10": 29.48353324977612,
    "11": 49.621448387566616,
    "12": 13.890214350699342,
    "13": 37.92662085326744,
    "14": 32.510129910024354,
    "15": 52.0924585698139,
    "16": 1.3991624373029543,
    "17": 65.20371593513028,
    "18": 19.463491518627013,
    "19": 38.84069629960975,
    "20": 11.01374687189033,
    "21": 31.030573061849214,
    "22": 43.55342270393099,
    "23": 48.40385908625511,
    "24": 9.13139397058167,
    "25": 32.3267544452877,
    "26": 30.882695687079075,
    "27": 45.24820564675554,
    "28": 14.031246628965574,
    "29": 39.32578329057039,
    "30": 33.353705869326355,
    "31": 50.44823502297581
  },
  "bundle_prices_selected": {
    "3": 38.202244219114554,
    "7": 48.37421159413991,
    "12": 13.890214350699342,
    "14": 32.510129910024354,
    "16": 1.3991624373029543,
    "18": 19.463491518627013,
    "19": 38.84069629960975,
    "20": 11.01374687189033,
    "21": 31.030573061849214,
    "23": 48.40385908625511,
    "24": 9.13139397058167,
    "25": 32.3267544452877,
    "27": 45.24820564675554,
    "28": 14.031246628965574,
    "30": 33.353705869326355,
    "31": 50.44823502297581
  },
  "chosen_bundle_idx_by_customer": [
    0,
    23,
    31,
    18,
    0,
    19,
    0,
    12,
    16,
    0,
    0,
    16,
    30,
    0,
    24,
    0,
    0,
    0,
    16,
    20,
    21,
    14,
    0,
    28,
    25,
    28,
    0,
    31,
    16,
    0,
    0,
    0,
    0,
    0,
    7,
    0,
    27,
    0,
    28,
    0,
    3,
    0,
    0,
    18,
    0,
    20,
    21,
    28,
    0,
    24
  ],
  "chosen_product_matrix": [
    [
      0,
      0,
      0,
      0,
      0
    ],
    [
      1,
      0,
      1,
      1,
      1
    ],
    [
      1,
      1,
      1,
      1,
      1
    ],
    [
      1,
      0,
      0,
      1,
      0
    ],
    [
      0,
      0,
      0,
      0,
      0
    ],
    [
      1,
      0,
      0,
      1,
      1
    ],
    [
      0,
      0,
      0,
      0,
      0
    ],
    [
      0,
      1,
      1,
      0,
      0
    ],
    [
      1,
      0,
      0,
      0,
      0
    ],
    [
      0,
      0,
      0,
      0,
      0
    ],
    [
      0,
      0,
      0,
      0,
      0
    ],
    [
      1,
      0,
      0,
      0,
      0
    ],
    [
      1,
      1,
      1,
      1,
      0
    ],
    [
      0,
      0,
      0,
      0,
      0
    ],
    [
      1,
      1,
      0,
      0,
      0
    ],
    [
      0,
      0,
      0,
      0,
      0
    ],
    [
      0,
      0,
      0,
      0,
      0
    ],
    [
      0,
      0,
      0,
      0,
      0
    ],
    [
      1,
      0,
      0,
      0,
      0
    ],
    [
      1,
      0,
      1,
      0,
      0
    ],
    [
      1,
      0,
      1,
      0,
      1
    ],
    [
      0,
      1,
      1,
      1,
      0
    ],
    [
      0,
      0,
      0,
      0,
      0
    ],
    [
      1,
      1,
      1,
      0,
      0
    ],
    [
      1,
      1,
      0,
      0,
      1
    ],
    [
      1,
      1,
      1,
      0,
      0
    ],
    [
      0,
      0,
      0,
      0,
      0
    ],
    [
      1,
      1,
      1,
      1,
      1
    ],
    [
      1,
      0,
      0,
      0,
      0
    ],
    [
      0,
      0,
      0,
      0,
      0
    ],
    [
      0,
      0,
      0,
      0,
      0
    ],
    [
      0,
      0,
      0,
      0,
      0
    ],
    [
      0,
      0,
      0,
      0,
      0
    ],
    [
      0,
      0,
      0,
      0,
      0
    ],
    [
      0,
      0,
      1,
      1,
      1
    ],
    [
      0,
      0,
      0,
      0,
      0
    ],
    [
      1,
      1,
      0,
      1,
      1
    ],
    [
      0,
      0,
      0,
      0,
      0
    ],
    [
      1,
      1,
      1,
      0,
      0
    ],
    [
      0,
      0,
      0,
      0,
      0
    ],
    [
      0,
      0,
      0,
      1,
      1
    ],
    [
      0,
      0,
      0,
      0,
      0
    ],
    [
      0,
      0,
      0,
      0,
      0
    ],
    [
      1,
      0,
      0,
      1,
      0
    ],
    [
      0,
      0,
      0,
      0,
      0
    ],
    [
      1,
      0,
      1,
      0,
      0
    ],
    [
      1,
      0,
      1,
      0,
      1
    ],
    [
      1,
      1,
      1,
      0,
      0
    ],
    [
      0,
      0,
      0,
      0,
      0
    ],
    [
      1,
      1,
      0,
      0,
      0
    ]
  ],
  "assortments": [
    [
      0,
      0,
      0,
      0,
      0
    ],
    [
      0,
      0,
      0,
      0,
      1
    ],
    [
      0,
      0,
      0,
      1,
      0
    ],
    [
      0,
      0,
      0,
      1,
      1
    ],
    [
      0,
      0,
      1,
      0,
      0
    ],
    [
      0,
      0,
      1,
      0,
      1
    ],
    [
      0,
      0,
      1,
      1,
      0
    ],
    [
      0,
      0,
      1,
      1,
      1
    ],
    [
      0,
      1,
      0,
      0,
      0
    ],
    [
      0,
      1,
      0,
      0,
      1
    ],
    [
      0,
      1,
      0,
      1,
      0
    ],
    [
      0,
      1,
      0,
      1,
      1
    ],
    [
      0,
      1,
      1,
      0,
      0
    ],
    [
      0,
      1,
      1,
      0,
      1
    ],
    [
      0,
      1,
      1,
      1,
      0
    ],
    [
      0,
      1,
      1,
      1,
      1
    ],
    [
      1,
      0,
      0,
      0,
      0
    ],
    [
      1,
      0,
      0,
      0,
      1
    ],
    [
      1,
      0,
      0,
      1,
      0
    ],
    [
      1,
      0,
      0,
      1,
      1
    ],
    [
      1,
      0,
      1,
      0,
      0
    ],
    [
      1,
      0,
      1,
      0,
      1
    ],
    [
      1,
      0,
      1,
      1,
      0
    ],
    [
      1,
      0,
      1,
      1,
      1
    ],
    [
      1,
      1,
      0,
      0,
      0
    ],
    [
      1,
      1,
      0,
      0,
      1
    ],
    [
      1,
      1,
      0,
      1,
      0
    ],
    [
      1,
      1,
      0,
      1,
      1
    ],
    [
      1,
      1,
      1,
      0,
      0
    ],
    [
      1,
      1,
      1,
      0,
      1
    ],
    [
      1,
      1,
      1,
      1,
      0
    ],
    [
      1,
      1,
      1,
      1,
      1
    ]
  ]
}