{
  "solver_status": 9,
  "feasible": true,
  "mb_formulation_version": 4,
  "runtime": 300.01684498786926,
  "wall_time": 300.01866698265076,
  "mip_gap": 0.03795956480583549,
  "objective": 1.6175267937922746,
  "bundle_space_size": 32,
  "policy_scope": "full_bundle_prices",
  "bundle_prices": {
    "0": 0.0,
    "3": 18.376562487304682,
    "5": 16.412033810142727,
    "7": 24.23301621907242,
    "8": 4.190354553801523,
    "9": 14.054354485757408,
    "11": 21.094552384884814,
    "13": 19.880705299007804,
    "14": 17.43845652910349,
    "15": 27.29834285770916,
    "19": 19.123918465624055,
    "21": 17.480494535540895,
    "22": 14.717485515790763,
    "27": 22.389149279309073,
    "29": 20.66957643726239,
    "31": 28.154352986054047
  },
  "bundle_prices_full": {
    "0": 0.0,
    "1": 23.617086568910672,
    "2": 28.71668054229533,
    "3": 18.376562487304682,
    "4": 23.968096625012972,
    "5": 16.412033810142727,
    "6": 28.716680542295318,
    "7": 24.23301621907242,
    "8": 4.190354553801523,
    "9": 14.054354485757408,
    "10": 22.169888267824085,
    "11": 21.094552384884814,
    "12": 14.601868967543451,
    "13": 19.880705299007804,
    "14": 17.43845652910349,
    "15": 27.29834285770916,
    "16": 1.692503781779833,
    "17": 11.761582966033895,
    "18": 14.639460415970287,
    "19": 19.123918465624055,
    "20": 9.099396218087662,
    "21": 17.480494535540895,
    "22": 14.717485515790763,
    "23": 25.284750466631746,
    "24": 5.5777488265581425,
    "25": 15.250116693729195,
    "26": 12.785218076544147,
    "27": 22.389149279309073,
    "28": 13.991928077888538,
    "29": 20.66957643726239,
    "30": 19.130960310883324,
    "31": 28.154352986054047
  },
  "bundle_prices_selected": {
    "0": 0.0,
    "3": 18.376562487304682,
    "5": 16.412033810142727,
    "7": 24.23301621907242,
    "8": 4.190354553801523,
    "9": 14.054354485757408,
    "11": 21.094552384884814,
    "13": 19.880705299007804,
    "14": 17.43845652910349,
    "15": 27.29834285770916,
    "19": 19.123918465624055,
    "21": 17.480494535540895,
    "22": 14.717485515790763,
    "27": 22.389149279309073,
    "29": 20.66957643726239,
    "31": 28.154352986054047
  },
  "chosen_bundle_idx_by_customer": [
    0,
    0,
    22,
    0,
    19,
    11,
    11,
    31,
    0,
    31,
    0,
    31,
    0,
    27,
    5,
    27,
    27,
    0,
    7,
    22,
    11,
    11,
    27,
    29,
    31,
    15,
    9,
    11,
    7,
    19,
    11,
    11,
    21,
    11,
    27,
    8,
    27,
    15,
    14,
    11,
    19,
    19,
    27,
    11,
    11,
    11,
    0,
    3,
    13,
    31
  ],
  "chosen_product_matrix": [
    [
      0,
      0,
      0,
      0,
      0
    ],
    [
      0,
      0,
      0,
      0,
      0
    ],
    [
      1,
      0,
      1,
      1,
      0
    ],
    [
      0,
      0,
      0,
      0,
      0
    ],
    [
      1,
      0,
      0,
      1,
      1
    ],
    [
      0,
      1,
      0,
      1,
      1
    ],
    [
      0,
      1,
      0,
      1,
      1
    ],
    [
      1,
      1,
      1,
      1,
      1
    ],
    [
      0,
      0,
      0,
      0,
      0
    ],
    [
      1,
      1,
      1,
      1,
      1
    ],
    [
      0,
      0,
      0,
      0,
      0
    ],
    [
      1,
      1,
      1,
      1,
      1
    ],
    [
      0,
      0,
      0,
      0,
      0
    ],
    [
      1,
      1,
      0,
      1,
      1
    ],
    [
      0,
      0,
      1,
      0,
      1
    ],
    [
      1,
      1,
      0,
      1,
      1
    ],
    [
      1,
      1,
      0,
      1,
      1
    ],
    [
      0,
      0,
      0,
      0,
      0
    ],
    [
      0,
      0,
      1,
      1,
      1
    ],
    [
      1,
      0,
      1,
      1,
      0
    ],
    [
      0,
      1,
      0,
      1,
      1
    ],
    [
      0,
      1,
      0,
      1,
      1
    ],
    [
      1,
      1,
      0,
      1,
      1
    ],
    [
      1,
      1,
      1,
      0,
      1
    ],
    [
      1,
      1,
      1,
      1,
      1
    ],
    [
      0,
      1,
      1,
      1,
      1
    ],
    [
      0,
      1,
      0,
      0,
      1
    ],
    [
      0,
      1,
      0,
      1,
      1
    ],
    [
      0,
      0,
      1,
      1,
      1
    ],
    [
      1,
      0,
      0,
      1,
      1
    ],
    [
      0,
      1,
      0,
      1,
      1
    ],
    [
      0,
      1,
      0,
      1,
      1
    ],
    [
      1,
      0,
      1,
      0,
      1
    ],
    [
      0,
      1,
      0,
      1,
      1
    ],
    [
      1,
      1,
      0,
      1,
      1
    ],
    [
      0,
      1,
      0,
      0,
      0
    ],
    [
      1,
      1,
      0,
      1,
      1
    ],
    [
      0,
      1,
      1,
      1,
      1
    ],
    [
      0,
      1,
      1,
      1,
      0
    ],
    [
      0,
      1,
      0,
      1,
      1
    ],
    [
      1,
      0,
      0,
      1,
      1
    ],
    [
      1,
      0,
      0,
      1,
      1
    ],
    [
      1,
      1,
      0,
      1,
      1
    ],
    [
      0,
      1,
      0,
      1,
      1
    ],
    [
      0,
      1,
      0,
      1,
      1
    ],
    [
      0,
      1,
      0,
      1,
      1
    ],
    [
      0,
      0,
      0,
      0,
      0
    ],
    [
      0,
      0,
      0,
      1,
      1
    ],
    [
      0,
      1,
      1,
      0,
      1
    ],
    [
      1,
      1,
      1,
      1,
      1
    ]
  ],
  "assortments": [
    [
      0,
      0,
      0,
      0,
      0
    ],
    [
      0,
      0,
      0,
      0,
      1
    ],
    [
      0,
      0,
      0,
      1,
      0
    ],
    [
      0,
      0,
      0,
      1,
      1
    ],
    [
      0,
      0,
      1,
      0,
      0
    ],
    [
      0,
      0,
      1,
      0,
      1
    ],
    [
      0,
      0,
      1,
      1,
      0
    ],
    [
      0,
      0,
      1,
      1,
      1
    ],
    [
      0,
      1,
      0,
      0,
      0
    ],
    [
      0,
      1,
      0,
      0,
      1
    ],
    [
      0,
      1,
      0,
      1,
      0
    ],
    [
      0,
      1,
      0,
      1,
      1
    ],
    [
      0,
      1,
      1,
      0,
      0
    ],
    [
      0,
      1,
      1,
      0,
      1
    ],
    [
      0,
      1,
      1,
      1,
      0
    ],
    [
      0,
      1,
      1,
      1,
      1
    ],
    [
      1,
      0,
      0,
      0,
      0
    ],
    [
      1,
      0,
      0,
      0,
      1
    ],
    [
      1,
      0,
      0,
      1,
      0
    ],
    [
      1,
      0,
      0,
      1,
      1
    ],
    [
      1,
      0,
      1,
      0,
      0
    ],
    [
      1,
      0,
      1,
      0,
      1
    ],
    [
      1,
      0,
      1,
      1,
      0
    ],
    [
      1,
      0,
      1,
      1,
      1
    ],
    [
      1,
      1,
      0,
      0,
      0
    ],
    [
      1,
      1,
      0,
      0,
      1
    ],
    [
      1,
      1,
      0,
      1,
      0
    ],
    [
      1,
      1,
      0,
      1,
      1
    ],
    [
      1,
      1,
      1,
      0,
      0
    ],
    [
      1,
      1,
      1,
      0,
      1
    ],
    [
      1,
      1,
      1,
      1,
      0
    ],
    [
      1,
      1,
      1,
      1,
      1
    ]
  ]
}