{
  "solver_status": 2,
  "feasible": true,
  "mb_formulation_version": 4,
  "runtime": 243.30796909332275,
  "wall_time": 243.30980491638184,
  "mip_gap": 0.009957162171852682,
  "objective": 1.6694079267663318,
  "bundle_space_size": 32,
  "policy_scope": "full_bundle_prices",
  "bundle_prices": {
    "0": 0.0,
    "3": 18.74629978040394,
    "7": 24.00824895718398,
    "10": 11.511905473124251,
    "12": 9.687446781886027,
    "14": 17.598950031399575,
    "15": 28.1510823475032,
    "17": 11.59307441487111,
    "18": 9.407158209277446,
    "19": 19.206707596524684,
    "20": 7.299226061077837,
    "21": 16.79990942256905,
    "23": 24.836121614470144,
    "24": 4.985838876129758,
    "26": 12.797077827108925,
    "27": 22.828585377607634,
    "29": 20.557722314762444,
    "30": 18.696461914712323,
    "31": 28.1510823475032
  },
  "bundle_prices_full": {
    "0": 0.0,
    "1": 30.4813662675613,
    "2": 30.4813662675613,
    "3": 18.74629978040394,
    "4": 30.4813662675613,
    "5": 30.4813662675613,
    "6": 30.4813662675613,
    "7": 24.00824895718398,
    "8": 30.4813662675613,
    "9": 30.4813662675613,
    "10": 11.511905473124251,
    "11": 30.258205253528192,
    "12": 9.687446781886027,
    "13": 30.4813662675613,
    "14": 17.598950031399575,
    "15": 28.1510823475032,
    "16": 30.4813662675613,
    "17": 11.59307441487111,
    "18": 9.407158209277446,
    "19": 19.206707596524684,
    "20": 7.299226061077837,
    "21": 16.79990942256905,
    "22": 16.706384270355283,
    "23": 24.836121614470144,
    "24": 4.985838876129758,
    "25": 16.578913291000866,
    "26": 12.797077827108925,
    "27": 22.828585377607634,
    "28": 12.285064937207595,
    "29": 20.557722314762444,
    "30": 18.696461914712323,
    "31": 28.1510823475032
  },
  "bundle_prices_selected": {
    "0": 0.0,
    "3": 18.74629978040394,
    "7": 24.00824895718398,
    "10": 11.511905473124251,
    "12": 9.687446781886027,
    "14": 17.598950031399575,
    "15": 28.1510823475032,
    "17": 11.59307441487111,
    "18": 9.407158209277446,
    "19": 19.206707596524684,
    "20": 7.299226061077837,
    "21": 16.79990942256905,
    "23": 24.836121614470144,
    "24": 4.985838876129758,
    "26": 12.797077827108925,
    "27": 22.828585377607634,
    "29": 20.557722314762444,
    "30": 18.696461914712323,
    "31": 28.1510823475032
  },
  "chosen_bundle_idx_by_customer": [
    18,
    0,
    0,
    27,
    0,
    0,
    29,
    21,
    31,
    0,
    15,
    31,
    0,
    0,
    31,
    21,
    14,
    3,
    29,
    0,
    31,
    31,
    21,
    29,
    21,
    31,
    29,
    21,
    12,
    17,
    20,
    27,
    23,
    29,
    23,
    31,
    0,
    21,
    24,
    26,
    10,
    31,
    19,
    7,
    19,
    26,
    31,
    21,
    0,
    30
  ],
  "chosen_product_matrix": [
    [
      1,
      0,
      0,
      1,
      0
    ],
    [
      0,
      0,
      0,
      0,
      0
    ],
    [
      0,
      0,
      0,
      0,
      0
    ],
    [
      1,
      1,
      0,
      1,
      1
    ],
    [
      0,
      0,
      0,
      0,
      0
    ],
    [
      0,
      0,
      0,
      0,
      0
    ],
    [
      1,
      1,
      1,
      0,
      1
    ],
    [
      1,
      0,
      1,
      0,
      1
    ],
    [
      1,
      1,
      1,
      1,
      1
    ],
    [
      0,
      0,
      0,
      0,
      0
    ],
    [
      0,
      1,
      1,
      1,
      1
    ],
    [
      1,
      1,
      1,
      1,
      1
    ],
    [
      0,
      0,
      0,
      0,
      0
    ],
    [
      0,
      0,
      0,
      0,
      0
    ],
    [
      1,
      1,
      1,
      1,
      1
    ],
    [
      1,
      0,
      1,
      0,
      1
    ],
    [
      0,
      1,
      1,
      1,
      0
    ],
    [
      0,
      0,
      0,
      1,
      1
    ],
    [
      1,
      1,
      1,
      0,
      1
    ],
    [
      0,
      0,
      0,
      0,
      0
    ],
    [
      1,
      1,
      1,
      1,
      1
    ],
    [
      1,
      1,
      1,
      1,
      1
    ],
    [
      1,
      0,
      1,
      0,
      1
    ],
    [
      1,
      1,
      1,
      0,
      1
    ],
    [
      1,
      0,
      1,
      0,
      1
    ],
    [
      1,
      1,
      1,
      1,
      1
    ],
    [
      1,
      1,
      1,
      0,
      1
    ],
    [
      1,
      0,
      1,
      0,
      1
    ],
    [
      0,
      1,
      1,
      0,
      0
    ],
    [
      1,
      0,
      0,
      0,
      1
    ],
    [
      1,
      0,
      1,
      0,
      0
    ],
    [
      1,
      1,
      0,
      1,
      1
    ],
    [
      1,
      0,
      1,
      1,
      1
    ],
    [
      1,
      1,
      1,
      0,
      1
    ],
    [
      1,
      0,
      1,
      1,
      1
    ],
    [
      1,
      1,
      1,
      1,
      1
    ],
    [
      0,
      0,
      0,
      0,
      0
    ],
    [
      1,
      0,
      1,
      0,
      1
    ],
    [
      1,
      1,
      0,
      0,
      0
    ],
    [
      1,
      1,
      0,
      1,
      0
    ],
    [
      0,
      1,
      0,
      1,
      0
    ],
    [
      1,
      1,
      1,
      1,
      1
    ],
    [
      1,
      0,
      0,
      1,
      1
    ],
    [
      0,
      0,
      1,
      1,
      1
    ],
    [
      1,
      0,
      0,
      1,
      1
    ],
    [
      1,
      1,
      0,
      1,
      0
    ],
    [
      1,
      1,
      1,
      1,
      1
    ],
    [
      1,
      0,
      1,
      0,
      1
    ],
    [
      0,
      0,
      0,
      0,
      0
    ],
    [
      1,
      1,
      1,
      1,
      0
    ]
  ],
  "assortments": [
    [
      0,
      0,
      0,
      0,
      0
    ],
    [
      0,
      0,
      0,
      0,
      1
    ],
    [
      0,
      0,
      0,
      1,
      0
    ],
    [
      0,
      0,
      0,
      1,
      1
    ],
    [
      0,
      0,
      1,
      0,
      0
    ],
    [
      0,
      0,
      1,
      0,
      1
    ],
    [
      0,
      0,
      1,
      1,
      0
    ],
    [
      0,
      0,
      1,
      1,
      1
    ],
    [
      0,
      1,
      0,
      0,
      0
    ],
    [
      0,
      1,
      0,
      0,
      1
    ],
    [
      0,
      1,
      0,
      1,
      0
    ],
    [
      0,
      1,
      0,
      1,
      1
    ],
    [
      0,
      1,
      1,
      0,
      0
    ],
    [
      0,
      1,
      1,
      0,
      1
    ],
    [
      0,
      1,
      1,
      1,
      0
    ],
    [
      0,
      1,
      1,
      1,
      1
    ],
    [
      1,
      0,
      0,
      0,
      0
    ],
    [
      1,
      0,
      0,
      0,
      1
    ],
    [
      1,
      0,
      0,
      1,
      0
    ],
    [
      1,
      0,
      0,
      1,
      1
    ],
    [
      1,
      0,
      1,
      0,
      0
    ],
    [
      1,
      0,
      1,
      0,
      1
    ],
    [
      1,
      0,
      1,
      1,
      0
    ],
    [
      1,
      0,
      1,
      1,
      1
    ],
    [
      1,
      1,
      0,
      0,
      0
    ],
    [
      1,
      1,
      0,
      0,
      1
    ],
    [
      1,
      1,
      0,
      1,
      0
    ],
    [
      1,
      1,
      0,
      1,
      1
    ],
    [
      1,
      1,
      1,
      0,
      0
    ],
    [
      1,
      1,
      1,
      0,
      1
    ],
    [
      1,
      1,
      1,
      1,
      0
    ],
    [
      1,
      1,
      1,
      1,
      1
    ]
  ]
}