{
  "solver_status": 2,
  "feasible": true,
  "mb_formulation_version": 5,
  "runtime": 58.90856599807739,
  "wall_time": 58.9103479385376,
  "mip_gap": 0.009362920160629146,
  "objective": 1.8176696470952787,
  "bundle_space_size": 32,
  "policy_scope": "full_bundle_prices",
  "bundle_prices": {
    "0": 0.0,
    "2": 8.300105122553957,
    "3": 18.21931081678792,
    "5": 15.957516506274327,
    "6": 14.066815243548051,
    "8": 3.8088613413566073,
    "9": 14.173414592761432,
    "11": 21.487887182635625,
    "13": 19.33908603046101,
    "14": 17.7011961688369,
    "15": 26.93945171148814,
    "18": 9.352342293642563,
    "19": 19.402873971460238,
    "20": 7.199254518680673,
    "21": 17.045850320196198,
    "23": 25.249706384786144,
    "24": 4.794869134300395,
    "25": 15.092756431891408,
    "27": 22.45250997197238,
    "29": 20.483950365752005,
    "30": 18.488075266528803,
    "31": 27.989149843867615
  },
  "bundle_prices_full": {
    "0": 0.0,
    "1": 29.443692186187484,
    "2": 8.300105122553957,
    "3": 18.21931081678792,
    "4": 29.443692186187484,
    "5": 15.957516506274327,
    "6": 14.066815243548051,
    "7": 24.03927638719098,
    "8": 3.8088613413566073,
    "9": 14.173414592761432,
    "10": 11.692722670710113,
    "11": 21.487887182635625,
    "12": 10.265435616093205,
    "13": 19.33908603046101,
    "14": 17.7011961688369,
    "15": 26.93945171148814,
    "16": 20.24262187512537,
    "17": 11.878175877007768,
    "18": 9.352342293642563,
    "19": 19.402873971460238,
    "20": 7.199254518680673,
    "21": 17.045850320196198,
    "22": 15.226415940936295,
    "23": 25.249706384786144,
    "24": 4.794869134300395,
    "25": 15.092756431891408,
    "26": 12.965844535260844,
    "27": 22.45250997197238,
    "28": 10.623510927932097,
    "29": 20.483950365752005,
    "30": 18.488075266528803,
    "31": 27.989149843867615
  },
  "bundle_prices_selected": {
    "0": 0.0,
    "2": 8.300105122553957,
    "3": 18.21931081678792,
    "5": 15.957516506274327,
    "6": 14.066815243548051,
    "8": 3.8088613413566073,
    "9": 14.173414592761432,
    "11": 21.487887182635625,
    "13": 19.33908603046101,
    "14": 17.7011961688369,
    "15": 26.93945171148814,
    "18": 9.352342293642563,
    "19": 19.402873971460238,
    "20": 7.199254518680673,
    "21": 17.045850320196198,
    "23": 25.249706384786144,
    "24": 4.794869134300395,
    "25": 15.092756431891408,
    "27": 22.45250997197238,
    "29": 20.483950365752005,
    "30": 18.488075266528803,
    "31": 27.989149843867615
  },
  "chosen_bundle_idx_by_customer": [
    19,
    11,
    15,
    20,
    31,
    27,
    21,
    3,
    5,
    6,
    15,
    14,
    11,
    24,
    8,
    13,
    27,
    18,
    31,
    0,
    31,
    3,
    25,
    2,
    6,
    5,
    31,
    21,
    27,
    15,
    0,
    15,
    11,
    5,
    23,
    27,
    24,
    15,
    27,
    31,
    15,
    0,
    31,
    30,
    9,
    29,
    11,
    11,
    19,
    31
  ],
  "chosen_product_matrix": [
    [
      1,
      0,
      0,
      1,
      1
    ],
    [
      0,
      1,
      0,
      1,
      1
    ],
    [
      0,
      1,
      1,
      1,
      1
    ],
    [
      1,
      0,
      1,
      0,
      0
    ],
    [
      1,
      1,
      1,
      1,
      1
    ],
    [
      1,
      1,
      0,
      1,
      1
    ],
    [
      1,
      0,
      1,
      0,
      1
    ],
    [
      0,
      0,
      0,
      1,
      1
    ],
    [
      0,
      0,
      1,
      0,
      1
    ],
    [
      0,
      0,
      1,
      1,
      0
    ],
    [
      0,
      1,
      1,
      1,
      1
    ],
    [
      0,
      1,
      1,
      1,
      0
    ],
    [
      0,
      1,
      0,
      1,
      1
    ],
    [
      1,
      1,
      0,
      0,
      0
    ],
    [
      0,
      1,
      0,
      0,
      0
    ],
    [
      0,
      1,
      1,
      0,
      1
    ],
    [
      1,
      1,
      0,
      1,
      1
    ],
    [
      1,
      0,
      0,
      1,
      0
    ],
    [
      1,
      1,
      1,
      1,
      1
    ],
    [
      0,
      0,
      0,
      0,
      0
    ],
    [
      1,
      1,
      1,
      1,
      1
    ],
    [
      0,
      0,
      0,
      1,
      1
    ],
    [
      1,
      1,
      0,
      0,
      1
    ],
    [
      0,
      0,
      0,
      1,
      0
    ],
    [
      0,
      0,
      1,
      1,
      0
    ],
    [
      0,
      0,
      1,
      0,
      1
    ],
    [
      1,
      1,
      1,
      1,
      1
    ],
    [
      1,
      0,
      1,
      0,
      1
    ],
    [
      1,
      1,
      0,
      1,
      1
    ],
    [
      0,
      1,
      1,
      1,
      1
    ],
    [
      0,
      0,
      0,
      0,
      0
    ],
    [
      0,
      1,
      1,
      1,
      1
    ],
    [
      0,
      1,
      0,
      1,
      1
    ],
    [
      0,
      0,
      1,
      0,
      1
    ],
    [
      1,
      0,
      1,
      1,
      1
    ],
    [
      1,
      1,
      0,
      1,
      1
    ],
    [
      1,
      1,
      0,
      0,
      0
    ],
    [
      0,
      1,
      1,
      1,
      1
    ],
    [
      1,
      1,
      0,
      1,
      1
    ],
    [
      1,
      1,
      1,
      1,
      1
    ],
    [
      0,
      1,
      1,
      1,
      1
    ],
    [
      0,
      0,
      0,
      0,
      0
    ],
    [
      1,
      1,
      1,
      1,
      1
    ],
    [
      1,
      1,
      1,
      1,
      0
    ],
    [
      0,
      1,
      0,
      0,
      1
    ],
    [
      1,
      1,
      1,
      0,
      1
    ],
    [
      0,
      1,
      0,
      1,
      1
    ],
    [
      0,
      1,
      0,
      1,
      1
    ],
    [
      1,
      0,
      0,
      1,
      1
    ],
    [
      1,
      1,
      1,
      1,
      1
    ]
  ],
  "assortments": [
    [
      0,
      0,
      0,
      0,
      0
    ],
    [
      0,
      0,
      0,
      0,
      1
    ],
    [
      0,
      0,
      0,
      1,
      0
    ],
    [
      0,
      0,
      0,
      1,
      1
    ],
    [
      0,
      0,
      1,
      0,
      0
    ],
    [
      0,
      0,
      1,
      0,
      1
    ],
    [
      0,
      0,
      1,
      1,
      0
    ],
    [
      0,
      0,
      1,
      1,
      1
    ],
    [
      0,
      1,
      0,
      0,
      0
    ],
    [
      0,
      1,
      0,
      0,
      1
    ],
    [
      0,
      1,
      0,
      1,
      0
    ],
    [
      0,
      1,
      0,
      1,
      1
    ],
    [
      0,
      1,
      1,
      0,
      0
    ],
    [
      0,
      1,
      1,
      0,
      1
    ],
    [
      0,
      1,
      1,
      1,
      0
    ],
    [
      0,
      1,
      1,
      1,
      1
    ],
    [
      1,
      0,
      0,
      0,
      0
    ],
    [
      1,
      0,
      0,
      0,
      1
    ],
    [
      1,
      0,
      0,
      1,
      0
    ],
    [
      1,
      0,
      0,
      1,
      1
    ],
    [
      1,
      0,
      1,
      0,
      0
    ],
    [
      1,
      0,
      1,
      0,
      1
    ],
    [
      1,
      0,
      1,
      1,
      0
    ],
    [
      1,
      0,
      1,
      1,
      1
    ],
    [
      1,
      1,
      0,
      0,
      0
    ],
    [
      1,
      1,
      0,
      0,
      1
    ],
    [
      1,
      1,
      0,
      1,
      0
    ],
    [
      1,
      1,
      0,
      1,
      1
    ],
    [
      1,
      1,
      1,
      0,
      0
    ],
    [
      1,
      1,
      1,
      0,
      1
    ],
    [
      1,
      1,
      1,
      1,
      0
    ],
    [
      1,
      1,
      1,
      1,
      1
    ]
  ]
}