{
  "solver_status": 2,
  "feasible": true,
  "mb_formulation_version": 5,
  "runtime": 102.25220084190369,
  "wall_time": 102.25399112701416,
  "mip_gap": 0.009493895970480773,
  "objective": 1.5781244988546688,
  "bundle_space_size": 32,
  "policy_scope": "full_bundle_prices",
  "bundle_prices": {
    "0": 0.0,
    "1": 10.098543731653018,
    "3": 18.11216778840832,
    "5": 16.00633704097076,
    "7": 23.556729524075635,
    "9": 13.744838574720383,
    "10": 11.979874322063338,
    "11": 21.43283732134369,
    "13": 19.42899137808829,
    "14": 17.726859410349473,
    "15": 27.147588163820927,
    "17": 11.244812864416973,
    "21": 16.97779909894562,
    "23": 25.004205854241103,
    "24": 4.867078765094238,
    "27": 22.264117667224294,
    "29": 20.873415806064997,
    "30": 18.537359628063133,
    "31": 27.763753991101176
  },
  "bundle_prices_full": {
    "0": 0.0,
    "1": 10.098543731653018,
    "2": 22.868823919686704,
    "3": 18.11216778840832,
    "4": 18.77236329790032,
    "5": 16.00633704097076,
    "6": 13.869419663317046,
    "7": 23.556729524075635,
    "8": 29.54822349648981,
    "9": 13.744838574720383,
    "10": 11.979874322063338,
    "11": 21.43283732134369,
    "12": 29.360601927995955,
    "13": 19.42899137808829,
    "14": 17.726859410349473,
    "15": 27.147588163820927,
    "16": 15.377382563360047,
    "17": 11.244812864416973,
    "18": 9.779156231762244,
    "19": 19.625075710001553,
    "20": 7.1285772313446145,
    "21": 16.97779909894562,
    "22": 15.285508620275014,
    "23": 25.004205854241103,
    "24": 4.867078765094238,
    "25": 14.965622496747256,
    "26": 13.312901426204853,
    "27": 22.264117667224294,
    "28": 11.237802995157242,
    "29": 20.873415806064997,
    "30": 18.537359628063133,
    "31": 27.763753991101176
  },
  "bundle_prices_selected": {
    "0": 0.0,
    "1": 10.098543731653018,
    "3": 18.11216778840832,
    "5": 16.00633704097076,
    "7": 23.556729524075635,
    "9": 13.744838574720383,
    "10": 11.979874322063338,
    "11": 21.43283732134369,
    "13": 19.42899137808829,
    "14": 17.726859410349473,
    "15": 27.147588163820927,
    "17": 11.244812864416973,
    "21": 16.97779909894562,
    "23": 25.004205854241103,
    "24": 4.867078765094238,
    "27": 22.264117667224294,
    "29": 20.873415806064997,
    "30": 18.537359628063133,
    "31": 27.763753991101176
  },
  "chosen_bundle_idx_by_customer": [
    27,
    27,
    0,
    17,
    3,
    0,
    31,
    3,
    0,
    29,
    27,
    0,
    31,
    0,
    30,
    27,
    9,
    31,
    23,
    31,
    31,
    10,
    27,
    31,
    11,
    31,
    24,
    13,
    27,
    27,
    0,
    5,
    3,
    31,
    7,
    9,
    1,
    1,
    15,
    7,
    0,
    7,
    27,
    23,
    15,
    1,
    1,
    31,
    14,
    21
  ],
  "chosen_product_matrix": [
    [
      1,
      1,
      0,
      1,
      1
    ],
    [
      1,
      1,
      0,
      1,
      1
    ],
    [
      0,
      0,
      0,
      0,
      0
    ],
    [
      1,
      0,
      0,
      0,
      1
    ],
    [
      0,
      0,
      0,
      1,
      1
    ],
    [
      0,
      0,
      0,
      0,
      0
    ],
    [
      1,
      1,
      1,
      1,
      1
    ],
    [
      0,
      0,
      0,
      1,
      1
    ],
    [
      0,
      0,
      0,
      0,
      0
    ],
    [
      1,
      1,
      1,
      0,
      1
    ],
    [
      1,
      1,
      0,
      1,
      1
    ],
    [
      0,
      0,
      0,
      0,
      0
    ],
    [
      1,
      1,
      1,
      1,
      1
    ],
    [
      0,
      0,
      0,
      0,
      0
    ],
    [
      1,
      1,
      1,
      1,
      0
    ],
    [
      1,
      1,
      0,
      1,
      1
    ],
    [
      0,
      1,
      0,
      0,
      1
    ],
    [
      1,
      1,
      1,
      1,
      1
    ],
    [
      1,
      0,
      1,
      1,
      1
    ],
    [
      1,
      1,
      1,
      1,
      1
    ],
    [
      1,
      1,
      1,
      1,
      1
    ],
    [
      0,
      1,
      0,
      1,
      0
    ],
    [
      1,
      1,
      0,
      1,
      1
    ],
    [
      1,
      1,
      1,
      1,
      1
    ],
    [
      0,
      1,
      0,
      1,
      1
    ],
    [
      1,
      1,
      1,
      1,
      1
    ],
    [
      1,
      1,
      0,
      0,
      0
    ],
    [
      0,
      1,
      1,
      0,
      1
    ],
    [
      1,
      1,
      0,
      1,
      1
    ],
    [
      1,
      1,
      0,
      1,
      1
    ],
    [
      0,
      0,
      0,
      0,
      0
    ],
    [
      0,
      0,
      1,
      0,
      1
    ],
    [
      0,
      0,
      0,
      1,
      1
    ],
    [
      1,
      1,
      1,
      1,
      1
    ],
    [
      0,
      0,
      1,
      1,
      1
    ],
    [
      0,
      1,
      0,
      0,
      1
    ],
    [
      0,
      0,
      0,
      0,
      1
    ],
    [
      0,
      0,
      0,
      0,
      1
    ],
    [
      0,
      1,
      1,
      1,
      1
    ],
    [
      0,
      0,
      1,
      1,
      1
    ],
    [
      0,
      0,
      0,
      0,
      0
    ],
    [
      0,
      0,
      1,
      1,
      1
    ],
    [
      1,
      1,
      0,
      1,
      1
    ],
    [
      1,
      0,
      1,
      1,
      1
    ],
    [
      0,
      1,
      1,
      1,
      1
    ],
    [
      0,
      0,
      0,
      0,
      1
    ],
    [
      0,
      0,
      0,
      0,
      1
    ],
    [
      1,
      1,
      1,
      1,
      1
    ],
    [
      0,
      1,
      1,
      1,
      0
    ],
    [
      1,
      0,
      1,
      0,
      1
    ]
  ],
  "assortments": [
    [
      0,
      0,
      0,
      0,
      0
    ],
    [
      0,
      0,
      0,
      0,
      1
    ],
    [
      0,
      0,
      0,
      1,
      0
    ],
    [
      0,
      0,
      0,
      1,
      1
    ],
    [
      0,
      0,
      1,
      0,
      0
    ],
    [
      0,
      0,
      1,
      0,
      1
    ],
    [
      0,
      0,
      1,
      1,
      0
    ],
    [
      0,
      0,
      1,
      1,
      1
    ],
    [
      0,
      1,
      0,
      0,
      0
    ],
    [
      0,
      1,
      0,
      0,
      1
    ],
    [
      0,
      1,
      0,
      1,
      0
    ],
    [
      0,
      1,
      0,
      1,
      1
    ],
    [
      0,
      1,
      1,
      0,
      0
    ],
    [
      0,
      1,
      1,
      0,
      1
    ],
    [
      0,
      1,
      1,
      1,
      0
    ],
    [
      0,
      1,
      1,
      1,
      1
    ],
    [
      1,
      0,
      0,
      0,
      0
    ],
    [
      1,
      0,
      0,
      0,
      1
    ],
    [
      1,
      0,
      0,
      1,
      0
    ],
    [
      1,
      0,
      0,
      1,
      1
    ],
    [
      1,
      0,
      1,
      0,
      0
    ],
    [
      1,
      0,
      1,
      0,
      1
    ],
    [
      1,
      0,
      1,
      1,
      0
    ],
    [
      1,
      0,
      1,
      1,
      1
    ],
    [
      1,
      1,
      0,
      0,
      0
    ],
    [
      1,
      1,
      0,
      0,
      1
    ],
    [
      1,
      1,
      0,
      1,
      0
    ],
    [
      1,
      1,
      0,
      1,
      1
    ],
    [
      1,
      1,
      1,
      0,
      0
    ],
    [
      1,
      1,
      1,
      0,
      1
    ],
    [
      1,
      1,
      1,
      1,
      0
    ],
    [
      1,
      1,
      1,
      1,
      1
    ]
  ]
}