{
  "solver_status": 2,
  "feasible": true,
  "mb_formulation_version": 5,
  "runtime": 215.1253960132599,
  "wall_time": 215.12720394134521,
  "mip_gap": 0.009653198433067335,
  "objective": 1.6630019406639784,
  "bundle_space_size": 32,
  "policy_scope": "full_bundle_prices",
  "bundle_prices": {
    "0": 0.0,
    "1": 10.446981586331034,
    "2": 8.235651381020427,
    "6": 13.983700894649687,
    "7": 24.13343220213176,
    "9": 13.567177601639088,
    "11": 21.802828982659513,
    "13": 19.33736225338603,
    "14": 17.284296357301976,
    "15": 27.01176403567012,
    "16": 1.3960519866991268,
    "17": 11.634866410732826,
    "19": 19.649799018035914,
    "21": 17.367172433881056,
    "23": 25.069777908519274,
    "24": 4.667405890287737,
    "25": 14.771915687527084,
    "26": 12.702502900183765,
    "28": 10.319284293347181,
    "29": 20.119264122493448,
    "30": 18.27754475835181,
    "31": 28.354915503513872
  },
  "bundle_prices_full": {
    "0": 0.0,
    "1": 10.446981586331034,
    "2": 8.235651381020427,
    "3": 18.68263296735146,
    "4": 30.904761466123063,
    "5": 30.904761466123063,
    "6": 13.983700894649687,
    "7": 24.13343220213176,
    "8": 30.904761466123063,
    "9": 13.567177601639088,
    "10": 30.904761466123063,
    "11": 21.802828982659513,
    "12": 30.904761466123063,
    "13": 19.33736225338603,
    "14": 17.284296357301976,
    "15": 27.01176403567012,
    "16": 1.3960519866991268,
    "17": 11.634866410732826,
    "18": 9.631703367719552,
    "19": 19.649799018035914,
    "20": 30.904761466123063,
    "21": 17.367172433881056,
    "22": 15.379752881348814,
    "23": 25.069777908519274,
    "24": 4.667405890287737,
    "25": 14.771915687527084,
    "26": 12.702502900183765,
    "27": 23.00756706854751,
    "28": 10.319284293347181,
    "29": 20.119264122493448,
    "30": 18.27754475835181,
    "31": 28.354915503513872
  },
  "bundle_prices_selected": {
    "0": 0.0,
    "1": 10.446981586331034,
    "2": 8.235651381020427,
    "6": 13.983700894649687,
    "7": 24.13343220213176,
    "9": 13.567177601639088,
    "11": 21.802828982659513,
    "13": 19.33736225338603,
    "14": 17.284296357301976,
    "15": 27.01176403567012,
    "16": 1.3960519866991268,
    "17": 11.634866410732826,
    "19": 19.649799018035914,
    "21": 17.367172433881056,
    "23": 25.069777908519274,
    "24": 4.667405890287737,
    "25": 14.771915687527084,
    "26": 12.702502900183765,
    "28": 10.319284293347181,
    "29": 20.119264122493448,
    "30": 18.27754475835181,
    "31": 28.354915503513872
  },
  "chosen_bundle_idx_by_customer": [
    0,
    31,
    1,
    23,
    2,
    31,
    11,
    31,
    30,
    26,
    19,
    9,
    30,
    16,
    28,
    0,
    11,
    29,
    15,
    24,
    17,
    30,
    21,
    15,
    15,
    29,
    15,
    30,
    14,
    6,
    0,
    29,
    15,
    13,
    9,
    1,
    14,
    28,
    28,
    0,
    9,
    29,
    15,
    0,
    7,
    25,
    29,
    0,
    29,
    15
  ],
  "chosen_product_matrix": [
    [
      0,
      0,
      0,
      0,
      0
    ],
    [
      1,
      1,
      1,
      1,
      1
    ],
    [
      0,
      0,
      0,
      0,
      1
    ],
    [
      1,
      0,
      1,
      1,
      1
    ],
    [
      0,
      0,
      0,
      1,
      0
    ],
    [
      1,
      1,
      1,
      1,
      1
    ],
    [
      0,
      1,
      0,
      1,
      1
    ],
    [
      1,
      1,
      1,
      1,
      1
    ],
    [
      1,
      1,
      1,
      1,
      0
    ],
    [
      1,
      1,
      0,
      1,
      0
    ],
    [
      1,
      0,
      0,
      1,
      1
    ],
    [
      0,
      1,
      0,
      0,
      1
    ],
    [
      1,
      1,
      1,
      1,
      0
    ],
    [
      1,
      0,
      0,
      0,
      0
    ],
    [
      1,
      1,
      1,
      0,
      0
    ],
    [
      0,
      0,
      0,
      0,
      0
    ],
    [
      0,
      1,
      0,
      1,
      1
    ],
    [
      1,
      1,
      1,
      0,
      1
    ],
    [
      0,
      1,
      1,
      1,
      1
    ],
    [
      1,
      1,
      0,
      0,
      0
    ],
    [
      1,
      0,
      0,
      0,
      1
    ],
    [
      1,
      1,
      1,
      1,
      0
    ],
    [
      1,
      0,
      1,
      0,
      1
    ],
    [
      0,
      1,
      1,
      1,
      1
    ],
    [
      0,
      1,
      1,
      1,
      1
    ],
    [
      1,
      1,
      1,
      0,
      1
    ],
    [
      0,
      1,
      1,
      1,
      1
    ],
    [
      1,
      1,
      1,
      1,
      0
    ],
    [
      0,
      1,
      1,
      1,
      0
    ],
    [
      0,
      0,
      1,
      1,
      0
    ],
    [
      0,
      0,
      0,
      0,
      0
    ],
    [
      1,
      1,
      1,
      0,
      1
    ],
    [
      0,
      1,
      1,
      1,
      1
    ],
    [
      0,
      1,
      1,
      0,
      1
    ],
    [
      0,
      1,
      0,
      0,
      1
    ],
    [
      0,
      0,
      0,
      0,
      1
    ],
    [
      0,
      1,
      1,
      1,
      0
    ],
    [
      1,
      1,
      1,
      0,
      0
    ],
    [
      1,
      1,
      1,
      0,
      0
    ],
    [
      0,
      0,
      0,
      0,
      0
    ],
    [
      0,
      1,
      0,
      0,
      1
    ],
    [
      1,
      1,
      1,
      0,
      1
    ],
    [
      0,
      1,
      1,
      1,
      1
    ],
    [
      0,
      0,
      0,
      0,
      0
    ],
    [
      0,
      0,
      1,
      1,
      1
    ],
    [
      1,
      1,
      0,
      0,
      1
    ],
    [
      1,
      1,
      1,
      0,
      1
    ],
    [
      0,
      0,
      0,
      0,
      0
    ],
    [
      1,
      1,
      1,
      0,
      1
    ],
    [
      0,
      1,
      1,
      1,
      1
    ]
  ],
  "assortments": [
    [
      0,
      0,
      0,
      0,
      0
    ],
    [
      0,
      0,
      0,
      0,
      1
    ],
    [
      0,
      0,
      0,
      1,
      0
    ],
    [
      0,
      0,
      0,
      1,
      1
    ],
    [
      0,
      0,
      1,
      0,
      0
    ],
    [
      0,
      0,
      1,
      0,
      1
    ],
    [
      0,
      0,
      1,
      1,
      0
    ],
    [
      0,
      0,
      1,
      1,
      1
    ],
    [
      0,
      1,
      0,
      0,
      0
    ],
    [
      0,
      1,
      0,
      0,
      1
    ],
    [
      0,
      1,
      0,
      1,
      0
    ],
    [
      0,
      1,
      0,
      1,
      1
    ],
    [
      0,
      1,
      1,
      0,
      0
    ],
    [
      0,
      1,
      1,
      0,
      1
    ],
    [
      0,
      1,
      1,
      1,
      0
    ],
    [
      0,
      1,
      1,
      1,
      1
    ],
    [
      1,
      0,
      0,
      0,
      0
    ],
    [
      1,
      0,
      0,
      0,
      1
    ],
    [
      1,
      0,
      0,
      1,
      0
    ],
    [
      1,
      0,
      0,
      1,
      1
    ],
    [
      1,
      0,
      1,
      0,
      0
    ],
    [
      1,
      0,
      1,
      0,
      1
    ],
    [
      1,
      0,
      1,
      1,
      0
    ],
    [
      1,
      0,
      1,
      1,
      1
    ],
    [
      1,
      1,
      0,
      0,
      0
    ],
    [
      1,
      1,
      0,
      0,
      1
    ],
    [
      1,
      1,
      0,
      1,
      0
    ],
    [
      1,
      1,
      0,
      1,
      1
    ],
    [
      1,
      1,
      1,
      0,
      0
    ],
    [
      1,
      1,
      1,
      0,
      1
    ],
    [
      1,
      1,
      1,
      1,
      0
    ],
    [
      1,
      1,
      1,
      1,
      1
    ]
  ]
}