{
  "solver_status": 2,
  "feasible": true,
  "mb_formulation_version": 5,
  "runtime": 62.06303095817566,
  "wall_time": 62.064809799194336,
  "mip_gap": 0.009956029963723221,
  "objective": 1.5935608548559559,
  "bundle_space_size": 32,
  "policy_scope": "full_bundle_prices",
  "bundle_prices": {
    "0": 0.0,
    "1": 10.42579096385972,
    "2": 8.414369430483935,
    "4": 6.008000965129122,
    "5": 16.285230566605335,
    "6": 14.324467584570321,
    "9": 13.436171460507314,
    "11": 21.44503711840468,
    "12": 9.654344613539754,
    "13": 19.215466474431064,
    "14": 17.327998512911655,
    "15": 27.08191672184373,
    "19": 19.87198147568895,
    "22": 14.952053280576907,
    "23": 25.040962997531498,
    "24": 5.031910960672655,
    "27": 22.715269349167723,
    "28": 10.60176924318528,
    "29": 20.63420208685448,
    "30": 18.558219235670187,
    "31": 28.03457270726331
  },
  "bundle_prices_full": {
    "0": 0.0,
    "1": 10.42579096385972,
    "2": 8.414369430483935,
    "3": 18.840160394343656,
    "4": 6.008000965129122,
    "5": 16.285230566605335,
    "6": 14.324467584570321,
    "7": 24.204750203550756,
    "8": 24.56469197918577,
    "9": 13.436171460507314,
    "10": 24.564691979185767,
    "11": 21.44503711840468,
    "12": 9.654344613539754,
    "13": 19.215466474431064,
    "14": 17.327998512911655,
    "15": 27.08191672184373,
    "16": 12.611193414926538,
    "17": 22.296758574814497,
    "18": 17.518822093415366,
    "19": 19.87198147568895,
    "20": 9.295819785674805,
    "21": 18.980168322355432,
    "22": 14.952053280576907,
    "23": 25.040962997531498,
    "24": 5.031910960672655,
    "25": 15.225902776386084,
    "26": 13.446280391156591,
    "27": 22.715269349167723,
    "28": 10.60176924318528,
    "29": 20.63420208685448,
    "30": 18.558219235670187,
    "31": 28.03457270726331
  },
  "bundle_prices_selected": {
    "0": 0.0,
    "1": 10.42579096385972,
    "2": 8.414369430483935,
    "4": 6.008000965129122,
    "5": 16.285230566605335,
    "6": 14.324467584570321,
    "9": 13.436171460507314,
    "11": 21.44503711840468,
    "12": 9.654344613539754,
    "13": 19.215466474431064,
    "14": 17.327998512911655,
    "15": 27.08191672184373,
    "19": 19.87198147568895,
    "22": 14.952053280576907,
    "23": 25.040962997531498,
    "24": 5.031910960672655,
    "27": 22.715269349167723,
    "28": 10.60176924318528,
    "29": 20.63420208685448,
    "30": 18.558219235670187,
    "31": 28.03457270726331
  },
  "chosen_bundle_idx_by_customer": [
    13,
    9,
    0,
    31,
    0,
    0,
    4,
    0,
    23,
    0,
    1,
    31,
    0,
    31,
    28,
    23,
    1,
    0,
    31,
    31,
    23,
    22,
    13,
    31,
    22,
    15,
    6,
    12,
    24,
    23,
    9,
    22,
    0,
    31,
    29,
    0,
    4,
    31,
    15,
    11,
    27,
    31,
    30,
    13,
    14,
    19,
    0,
    2,
    5,
    15
  ],
  "chosen_product_matrix": [
    [
      0,
      1,
      1,
      0,
      1
    ],
    [
      0,
      1,
      0,
      0,
      1
    ],
    [
      0,
      0,
      0,
      0,
      0
    ],
    [
      1,
      1,
      1,
      1,
      1
    ],
    [
      0,
      0,
      0,
      0,
      0
    ],
    [
      0,
      0,
      0,
      0,
      0
    ],
    [
      0,
      0,
      1,
      0,
      0
    ],
    [
      0,
      0,
      0,
      0,
      0
    ],
    [
      1,
      0,
      1,
      1,
      1
    ],
    [
      0,
      0,
      0,
      0,
      0
    ],
    [
      0,
      0,
      0,
      0,
      1
    ],
    [
      1,
      1,
      1,
      1,
      1
    ],
    [
      0,
      0,
      0,
      0,
      0
    ],
    [
      1,
      1,
      1,
      1,
      1
    ],
    [
      1,
      1,
      1,
      0,
      0
    ],
    [
      1,
      0,
      1,
      1,
      1
    ],
    [
      0,
      0,
      0,
      0,
      1
    ],
    [
      0,
      0,
      0,
      0,
      0
    ],
    [
      1,
      1,
      1,
      1,
      1
    ],
    [
      1,
      1,
      1,
      1,
      1
    ],
    [
      1,
      0,
      1,
      1,
      1
    ],
    [
      1,
      0,
      1,
      1,
      0
    ],
    [
      0,
      1,
      1,
      0,
      1
    ],
    [
      1,
      1,
      1,
      1,
      1
    ],
    [
      1,
      0,
      1,
      1,
      0
    ],
    [
      0,
      1,
      1,
      1,
      1
    ],
    [
      0,
      0,
      1,
      1,
      0
    ],
    [
      0,
      1,
      1,
      0,
      0
    ],
    [
      1,
      1,
      0,
      0,
      0
    ],
    [
      1,
      0,
      1,
      1,
      1
    ],
    [
      0,
      1,
      0,
      0,
      1
    ],
    [
      1,
      0,
      1,
      1,
      0
    ],
    [
      0,
      0,
      0,
      0,
      0
    ],
    [
      1,
      1,
      1,
      1,
      1
    ],
    [
      1,
      1,
      1,
      0,
      1
    ],
    [
      0,
      0,
      0,
      0,
      0
    ],
    [
      0,
      0,
      1,
      0,
      0
    ],
    [
      1,
      1,
      1,
      1,
      1
    ],
    [
      0,
      1,
      1,
      1,
      1
    ],
    [
      0,
      1,
      0,
      1,
      1
    ],
    [
      1,
      1,
      0,
      1,
      1
    ],
    [
      1,
      1,
      1,
      1,
      1
    ],
    [
      1,
      1,
      1,
      1,
      0
    ],
    [
      0,
      1,
      1,
      0,
      1
    ],
    [
      0,
      1,
      1,
      1,
      0
    ],
    [
      1,
      0,
      0,
      1,
      1
    ],
    [
      0,
      0,
      0,
      0,
      0
    ],
    [
      0,
      0,
      0,
      1,
      0
    ],
    [
      0,
      0,
      1,
      0,
      1
    ],
    [
      0,
      1,
      1,
      1,
      1
    ]
  ],
  "assortments": [
    [
      0,
      0,
      0,
      0,
      0
    ],
    [
      0,
      0,
      0,
      0,
      1
    ],
    [
      0,
      0,
      0,
      1,
      0
    ],
    [
      0,
      0,
      0,
      1,
      1
    ],
    [
      0,
      0,
      1,
      0,
      0
    ],
    [
      0,
      0,
      1,
      0,
      1
    ],
    [
      0,
      0,
      1,
      1,
      0
    ],
    [
      0,
      0,
      1,
      1,
      1
    ],
    [
      0,
      1,
      0,
      0,
      0
    ],
    [
      0,
      1,
      0,
      0,
      1
    ],
    [
      0,
      1,
      0,
      1,
      0
    ],
    [
      0,
      1,
      0,
      1,
      1
    ],
    [
      0,
      1,
      1,
      0,
      0
    ],
    [
      0,
      1,
      1,
      0,
      1
    ],
    [
      0,
      1,
      1,
      1,
      0
    ],
    [
      0,
      1,
      1,
      1,
      1
    ],
    [
      1,
      0,
      0,
      0,
      0
    ],
    [
      1,
      0,
      0,
      0,
      1
    ],
    [
      1,
      0,
      0,
      1,
      0
    ],
    [
      1,
      0,
      0,
      1,
      1
    ],
    [
      1,
      0,
      1,
      0,
      0
    ],
    [
      1,
      0,
      1,
      0,
      1
    ],
    [
      1,
      0,
      1,
      1,
      0
    ],
    [
      1,
      0,
      1,
      1,
      1
    ],
    [
      1,
      1,
      0,
      0,
      0
    ],
    [
      1,
      1,
      0,
      0,
      1
    ],
    [
      1,
      1,
      0,
      1,
      0
    ],
    [
      1,
      1,
      0,
      1,
      1
    ],
    [
      1,
      1,
      1,
      0,
      0
    ],
    [
      1,
      1,
      1,
      0,
      1
    ],
    [
      1,
      1,
      1,
      1,
      0
    ],
    [
      1,
      1,
      1,
      1,
      1
    ]
  ]
}