{
  "solver_status": 2,
  "feasible": true,
  "mb_formulation_version": 5,
  "runtime": 76.94577598571777,
  "wall_time": 76.94754815101624,
  "mip_gap": 0.009776699455307642,
  "objective": 1.6538418638264583,
  "bundle_space_size": 32,
  "policy_scope": "full_bundle_prices",
  "bundle_prices": {
    "0": 0.0,
    "3": 18.019557527482757,
    "4": 5.82854983551503,
    "5": 16.268083035051887,
    "6": 13.575206717375426,
    "7": 23.593794758433045,
    "11": 21.23244088378159,
    "13": 20.0019296156311,
    "15": 26.96043838868093,
    "16": 1.501610599472005,
    "17": 11.688949473950071,
    "18": 9.113711236814114,
    "19": 19.174139324422246,
    "21": 17.517499309465187,
    "22": 14.674275928332648,
    "23": 24.862856443278087,
    "25": 15.251412378174836,
    "26": 12.448192195788902,
    "27": 22.506773897176586,
    "28": 10.607705442088434,
    "29": 20.666806711540577,
    "31": 27.982752943889647
  },
  "bundle_prices_full": {
    "0": 0.0,
    "1": 28.810224677625705,
    "2": 7.973088285021483,
    "3": 18.019557527482757,
    "4": 5.82854983551503,
    "5": 16.268083035051887,
    "6": 13.575206717375426,
    "7": 23.593794758433045,
    "8": 24.33354970103709,
    "9": 22.263834989376136,
    "10": 11.450256038029588,
    "11": 21.23244088378159,
    "12": 29.666306388300253,
    "13": 20.0019296156311,
    "14": 16.948172743396125,
    "15": 26.96043838868093,
    "16": 1.501610599472005,
    "17": 11.688949473950071,
    "18": 9.113711236814114,
    "19": 19.174139324422246,
    "20": 7.191462827953487,
    "21": 17.517499309465187,
    "22": 14.674275928332648,
    "23": 24.862856443278087,
    "24": 5.196882346479725,
    "25": 15.251412378174836,
    "26": 12.448192195788902,
    "27": 22.506773897176586,
    "28": 10.607705442088434,
    "29": 20.666806711540577,
    "30": 18.124945521063037,
    "31": 27.982752943889647
  },
  "bundle_prices_selected": {
    "0": 0.0,
    "3": 18.019557527482757,
    "4": 5.82854983551503,
    "5": 16.268083035051887,
    "6": 13.575206717375426,
    "7": 23.593794758433045,
    "11": 21.23244088378159,
    "13": 20.0019296156311,
    "15": 26.96043838868093,
    "16": 1.501610599472005,
    "17": 11.688949473950071,
    "18": 9.113711236814114,
    "19": 19.174139324422246,
    "21": 17.517499309465187,
    "22": 14.674275928332648,
    "23": 24.862856443278087,
    "25": 15.251412378174836,
    "26": 12.448192195788902,
    "27": 22.506773897176586,
    "28": 10.607705442088434,
    "29": 20.666806711540577,
    "31": 27.982752943889647
  },
  "chosen_bundle_idx_by_customer": [
    19,
    31,
    15,
    0,
    27,
    4,
    17,
    18,
    11,
    26,
    19,
    18,
    29,
    7,
    11,
    31,
    25,
    28,
    0,
    16,
    5,
    28,
    18,
    6,
    27,
    31,
    31,
    17,
    7,
    27,
    27,
    18,
    0,
    22,
    26,
    31,
    31,
    4,
    15,
    3,
    26,
    18,
    23,
    4,
    26,
    31,
    15,
    19,
    13,
    21
  ],
  "chosen_product_matrix": [
    [
      1,
      0,
      0,
      1,
      1
    ],
    [
      1,
      1,
      1,
      1,
      1
    ],
    [
      0,
      1,
      1,
      1,
      1
    ],
    [
      0,
      0,
      0,
      0,
      0
    ],
    [
      1,
      1,
      0,
      1,
      1
    ],
    [
      0,
      0,
      1,
      0,
      0
    ],
    [
      1,
      0,
      0,
      0,
      1
    ],
    [
      1,
      0,
      0,
      1,
      0
    ],
    [
      0,
      1,
      0,
      1,
      1
    ],
    [
      1,
      1,
      0,
      1,
      0
    ],
    [
      1,
      0,
      0,
      1,
      1
    ],
    [
      1,
      0,
      0,
      1,
      0
    ],
    [
      1,
      1,
      1,
      0,
      1
    ],
    [
      0,
      0,
      1,
      1,
      1
    ],
    [
      0,
      1,
      0,
      1,
      1
    ],
    [
      1,
      1,
      1,
      1,
      1
    ],
    [
      1,
      1,
      0,
      0,
      1
    ],
    [
      1,
      1,
      1,
      0,
      0
    ],
    [
      0,
      0,
      0,
      0,
      0
    ],
    [
      1,
      0,
      0,
      0,
      0
    ],
    [
      0,
      0,
      1,
      0,
      1
    ],
    [
      1,
      1,
      1,
      0,
      0
    ],
    [
      1,
      0,
      0,
      1,
      0
    ],
    [
      0,
      0,
      1,
      1,
      0
    ],
    [
      1,
      1,
      0,
      1,
      1
    ],
    [
      1,
      1,
      1,
      1,
      1
    ],
    [
      1,
      1,
      1,
      1,
      1
    ],
    [
      1,
      0,
      0,
      0,
      1
    ],
    [
      0,
      0,
      1,
      1,
      1
    ],
    [
      1,
      1,
      0,
      1,
      1
    ],
    [
      1,
      1,
      0,
      1,
      1
    ],
    [
      1,
      0,
      0,
      1,
      0
    ],
    [
      0,
      0,
      0,
      0,
      0
    ],
    [
      1,
      0,
      1,
      1,
      0
    ],
    [
      1,
      1,
      0,
      1,
      0
    ],
    [
      1,
      1,
      1,
      1,
      1
    ],
    [
      1,
      1,
      1,
      1,
      1
    ],
    [
      0,
      0,
      1,
      0,
      0
    ],
    [
      0,
      1,
      1,
      1,
      1
    ],
    [
      0,
      0,
      0,
      1,
      1
    ],
    [
      1,
      1,
      0,
      1,
      0
    ],
    [
      1,
      0,
      0,
      1,
      0
    ],
    [
      1,
      0,
      1,
      1,
      1
    ],
    [
      0,
      0,
      1,
      0,
      0
    ],
    [
      1,
      1,
      0,
      1,
      0
    ],
    [
      1,
      1,
      1,
      1,
      1
    ],
    [
      0,
      1,
      1,
      1,
      1
    ],
    [
      1,
      0,
      0,
      1,
      1
    ],
    [
      0,
      1,
      1,
      0,
      1
    ],
    [
      1,
      0,
      1,
      0,
      1
    ]
  ],
  "assortments": [
    [
      0,
      0,
      0,
      0,
      0
    ],
    [
      0,
      0,
      0,
      0,
      1
    ],
    [
      0,
      0,
      0,
      1,
      0
    ],
    [
      0,
      0,
      0,
      1,
      1
    ],
    [
      0,
      0,
      1,
      0,
      0
    ],
    [
      0,
      0,
      1,
      0,
      1
    ],
    [
      0,
      0,
      1,
      1,
      0
    ],
    [
      0,
      0,
      1,
      1,
      1
    ],
    [
      0,
      1,
      0,
      0,
      0
    ],
    [
      0,
      1,
      0,
      0,
      1
    ],
    [
      0,
      1,
      0,
      1,
      0
    ],
    [
      0,
      1,
      0,
      1,
      1
    ],
    [
      0,
      1,
      1,
      0,
      0
    ],
    [
      0,
      1,
      1,
      0,
      1
    ],
    [
      0,
      1,
      1,
      1,
      0
    ],
    [
      0,
      1,
      1,
      1,
      1
    ],
    [
      1,
      0,
      0,
      0,
      0
    ],
    [
      1,
      0,
      0,
      0,
      1
    ],
    [
      1,
      0,
      0,
      1,
      0
    ],
    [
      1,
      0,
      0,
      1,
      1
    ],
    [
      1,
      0,
      1,
      0,
      0
    ],
    [
      1,
      0,
      1,
      0,
      1
    ],
    [
      1,
      0,
      1,
      1,
      0
    ],
    [
      1,
      0,
      1,
      1,
      1
    ],
    [
      1,
      1,
      0,
      0,
      0
    ],
    [
      1,
      1,
      0,
      0,
      1
    ],
    [
      1,
      1,
      0,
      1,
      0
    ],
    [
      1,
      1,
      0,
      1,
      1
    ],
    [
      1,
      1,
      1,
      0,
      0
    ],
    [
      1,
      1,
      1,
      0,
      1
    ],
    [
      1,
      1,
      1,
      1,
      0
    ],
    [
      1,
      1,
      1,
      1,
      1
    ]
  ]
}