{
  "solver_status": 2,
  "feasible": true,
  "mb_formulation_version": 5,
  "runtime": 60.64610505104065,
  "wall_time": 60.64786624908447,
  "mip_gap": 0.009681790424121263,
  "objective": 1.8142663104793255,
  "bundle_space_size": 32,
  "policy_scope": "full_bundle_prices",
  "bundle_prices": {
    "0": 0.0,
    "7": 23.893003089145196,
    "9": 14.189792162689786,
    "11": 22.26444203668968,
    "12": 9.120144111686674,
    "13": 19.602845855700036,
    "15": 27.32867946420563,
    "16": 1.4709062413850083,
    "18": 9.273285867088974,
    "21": 17.946373627812143,
    "22": 15.259841876246819,
    "23": 25.062981902052726,
    "25": 15.088332294544504,
    "26": 12.942830991880745,
    "27": 22.96029587425198,
    "29": 20.627065259423166,
    "30": 18.189986879168732,
    "31": 28.242098229341615
  },
  "bundle_prices_full": {
    "0": 0.0,
    "1": 29.32224865666077,
    "2": 29.32224865666078,
    "3": 26.052289135947426,
    "4": 29.32224865666078,
    "5": 17.17582405324887,
    "6": 29.322248656660776,
    "7": 23.893003089145196,
    "8": 12.418337110321536,
    "9": 14.189792162689786,
    "10": 26.247658234046124,
    "11": 22.26444203668968,
    "12": 9.120144111686674,
    "13": 19.602845855700036,
    "14": 17.868935103889363,
    "15": 27.32867946420563,
    "16": 1.4709062413850083,
    "17": 26.052289135947422,
    "18": 9.273285867088974,
    "19": 26.052289135947422,
    "20": 24.544723095656423,
    "21": 17.946373627812143,
    "22": 15.259841876246819,
    "23": 25.062981902052726,
    "24": 4.823262457281711,
    "25": 15.088332294544504,
    "26": 12.942830991880745,
    "27": 22.96029587425198,
    "28": 10.464833158019161,
    "29": 20.627065259423166,
    "30": 18.189986879168732,
    "31": 28.242098229341615
  },
  "bundle_prices_selected": {
    "0": 0.0,
    "7": 23.893003089145196,
    "9": 14.189792162689786,
    "11": 22.26444203668968,
    "12": 9.120144111686674,
    "13": 19.602845855700036,
    "15": 27.32867946420563,
    "16": 1.4709062413850083,
    "18": 9.273285867088974,
    "21": 17.946373627812143,
    "22": 15.259841876246819,
    "23": 25.062981902052726,
    "25": 15.088332294544504,
    "26": 12.942830991880745,
    "27": 22.96029587425198,
    "29": 20.627065259423166,
    "30": 18.189986879168732,
    "31": 28.242098229341615
  },
  "chosen_bundle_idx_by_customer": [
    31,
    18,
    7,
    16,
    7,
    12,
    23,
    30,
    18,
    12,
    21,
    22,
    7,
    29,
    7,
    0,
    27,
    7,
    0,
    12,
    12,
    23,
    15,
    0,
    7,
    31,
    0,
    15,
    11,
    7,
    15,
    15,
    26,
    25,
    9,
    13,
    15,
    29,
    30,
    23,
    12,
    26,
    0,
    31,
    31,
    0,
    15,
    7,
    0,
    30
  ],
  "chosen_product_matrix": [
    [
      1,
      1,
      1,
      1,
      1
    ],
    [
      1,
      0,
      0,
      1,
      0
    ],
    [
      0,
      0,
      1,
      1,
      1
    ],
    [
      1,
      0,
      0,
      0,
      0
    ],
    [
      0,
      0,
      1,
      1,
      1
    ],
    [
      0,
      1,
      1,
      0,
      0
    ],
    [
      1,
      0,
      1,
      1,
      1
    ],
    [
      1,
      1,
      1,
      1,
      0
    ],
    [
      1,
      0,
      0,
      1,
      0
    ],
    [
      0,
      1,
      1,
      0,
      0
    ],
    [
      1,
      0,
      1,
      0,
      1
    ],
    [
      1,
      0,
      1,
      1,
      0
    ],
    [
      0,
      0,
      1,
      1,
      1
    ],
    [
      1,
      1,
      1,
      0,
      1
    ],
    [
      0,
      0,
      1,
      1,
      1
    ],
    [
      0,
      0,
      0,
      0,
      0
    ],
    [
      1,
      1,
      0,
      1,
      1
    ],
    [
      0,
      0,
      1,
      1,
      1
    ],
    [
      0,
      0,
      0,
      0,
      0
    ],
    [
      0,
      1,
      1,
      0,
      0
    ],
    [
      0,
      1,
      1,
      0,
      0
    ],
    [
      1,
      0,
      1,
      1,
      1
    ],
    [
      0,
      1,
      1,
      1,
      1
    ],
    [
      0,
      0,
      0,
      0,
      0
    ],
    [
      0,
      0,
      1,
      1,
      1
    ],
    [
      1,
      1,
      1,
      1,
      1
    ],
    [
      0,
      0,
      0,
      0,
      0
    ],
    [
      0,
      1,
      1,
      1,
      1
    ],
    [
      0,
      1,
      0,
      1,
      1
    ],
    [
      0,
      0,
      1,
      1,
      1
    ],
    [
      0,
      1,
      1,
      1,
      1
    ],
    [
      0,
      1,
      1,
      1,
      1
    ],
    [
      1,
      1,
      0,
      1,
      0
    ],
    [
      1,
      1,
      0,
      0,
      1
    ],
    [
      0,
      1,
      0,
      0,
      1
    ],
    [
      0,
      1,
      1,
      0,
      1
    ],
    [
      0,
      1,
      1,
      1,
      1
    ],
    [
      1,
      1,
      1,
      0,
      1
    ],
    [
      1,
      1,
      1,
      1,
      0
    ],
    [
      1,
      0,
      1,
      1,
      1
    ],
    [
      0,
      1,
      1,
      0,
      0
    ],
    [
      1,
      1,
      0,
      1,
      0
    ],
    [
      0,
      0,
      0,
      0,
      0
    ],
    [
      1,
      1,
      1,
      1,
      1
    ],
    [
      1,
      1,
      1,
      1,
      1
    ],
    [
      0,
      0,
      0,
      0,
      0
    ],
    [
      0,
      1,
      1,
      1,
      1
    ],
    [
      0,
      0,
      1,
      1,
      1
    ],
    [
      0,
      0,
      0,
      0,
      0
    ],
    [
      1,
      1,
      1,
      1,
      0
    ]
  ],
  "assortments": [
    [
      0,
      0,
      0,
      0,
      0
    ],
    [
      0,
      0,
      0,
      0,
      1
    ],
    [
      0,
      0,
      0,
      1,
      0
    ],
    [
      0,
      0,
      0,
      1,
      1
    ],
    [
      0,
      0,
      1,
      0,
      0
    ],
    [
      0,
      0,
      1,
      0,
      1
    ],
    [
      0,
      0,
      1,
      1,
      0
    ],
    [
      0,
      0,
      1,
      1,
      1
    ],
    [
      0,
      1,
      0,
      0,
      0
    ],
    [
      0,
      1,
      0,
      0,
      1
    ],
    [
      0,
      1,
      0,
      1,
      0
    ],
    [
      0,
      1,
      0,
      1,
      1
    ],
    [
      0,
      1,
      1,
      0,
      0
    ],
    [
      0,
      1,
      1,
      0,
      1
    ],
    [
      0,
      1,
      1,
      1,
      0
    ],
    [
      0,
      1,
      1,
      1,
      1
    ],
    [
      1,
      0,
      0,
      0,
      0
    ],
    [
      1,
      0,
      0,
      0,
      1
    ],
    [
      1,
      0,
      0,
      1,
      0
    ],
    [
      1,
      0,
      0,
      1,
      1
    ],
    [
      1,
      0,
      1,
      0,
      0
    ],
    [
      1,
      0,
      1,
      0,
      1
    ],
    [
      1,
      0,
      1,
      1,
      0
    ],
    [
      1,
      0,
      1,
      1,
      1
    ],
    [
      1,
      1,
      0,
      0,
      0
    ],
    [
      1,
      1,
      0,
      0,
      1
    ],
    [
      1,
      1,
      0,
      1,
      0
    ],
    [
      1,
      1,
      0,
      1,
      1
    ],
    [
      1,
      1,
      1,
      0,
      0
    ],
    [
      1,
      1,
      1,
      0,
      1
    ],
    [
      1,
      1,
      1,
      1,
      0
    ],
    [
      1,
      1,
      1,
      1,
      1
    ]
  ]
}