{
  "solver_status": 2,
  "feasible": true,
  "mb_formulation_version": 5,
  "runtime": 50.810322999954224,
  "wall_time": 50.81214690208435,
  "mip_gap": 0.009283178030104283,
  "objective": 1.6799792524940191,
  "bundle_space_size": 32,
  "policy_scope": "full_bundle_prices",
  "bundle_prices": {
    "0": 0.0,
    "1": 10.363067666301216,
    "2": 8.257455933823637,
    "6": 13.893550691645345,
    "7": 23.80959113012974,
    "9": 13.754532422870401,
    "11": 21.861420045833675,
    "13": 19.12516527735888,
    "14": 17.407147078063858,
    "15": 27.20639666366046,
    "16": 1.5173382988313635,
    "17": 11.680446381418395,
    "18": 9.524512877389425,
    "22": 14.874063978847593,
    "23": 24.780790690601506,
    "27": 22.366728656551565,
    "29": 20.148645738435825,
    "30": 18.254530094489173,
    "31": 28.02562075260189
  },
  "bundle_prices_full": {
    "0": 0.0,
    "1": 10.363067666301216,
    "2": 8.257455933823637,
    "3": 18.620523600124855,
    "4": 6.206825728769918,
    "5": 16.36993381135695,
    "6": 13.893550691645345,
    "7": 23.80959113012974,
    "8": 19.350528906750352,
    "9": 13.754532422870401,
    "10": 27.60798484057399,
    "11": 21.861420045833675,
    "12": 25.55735463552027,
    "13": 19.12516527735888,
    "14": 17.407147078063858,
    "15": 27.20639666366046,
    "16": 1.5173382988313635,
    "17": 11.680446381418395,
    "18": 9.524512877389425,
    "19": 19.887580543690543,
    "20": 7.724164027601281,
    "21": 17.887272110188313,
    "22": 14.874063978847593,
    "23": 24.780790690601506,
    "24": 13.44722156518086,
    "25": 15.271870721701765,
    "26": 21.704677499004497,
    "27": 22.366728656551565,
    "28": 10.549901884032934,
    "29": 20.148645738435825,
    "30": 18.254530094489173,
    "31": 28.02562075260189
  },
  "bundle_prices_selected": {
    "0": 0.0,
    "1": 10.363067666301216,
    "2": 8.257455933823637,
    "6": 13.893550691645345,
    "7": 23.80959113012974,
    "9": 13.754532422870401,
    "11": 21.861420045833675,
    "13": 19.12516527735888,
    "14": 17.407147078063858,
    "15": 27.20639666366046,
    "16": 1.5173382988313635,
    "17": 11.680446381418395,
    "18": 9.524512877389425,
    "22": 14.874063978847593,
    "23": 24.780790690601506,
    "27": 22.366728656551565,
    "29": 20.148645738435825,
    "30": 18.254530094489173,
    "31": 28.02562075260189
  },
  "chosen_bundle_idx_by_customer": [
    13,
    30,
    22,
    0,
    14,
    27,
    6,
    30,
    29,
    0,
    23,
    2,
    6,
    13,
    17,
    31,
    31,
    15,
    11,
    23,
    7,
    23,
    16,
    23,
    7,
    9,
    29,
    23,
    23,
    29,
    22,
    0,
    14,
    18,
    0,
    30,
    27,
    1,
    27,
    13,
    15,
    29,
    0,
    22,
    0,
    14,
    0,
    15,
    31,
    31
  ],
  "chosen_product_matrix": [
    [
      0,
      1,
      1,
      0,
      1
    ],
    [
      1,
      1,
      1,
      1,
      0
    ],
    [
      1,
      0,
      1,
      1,
      0
    ],
    [
      0,
      0,
      0,
      0,
      0
    ],
    [
      0,
      1,
      1,
      1,
      0
    ],
    [
      1,
      1,
      0,
      1,
      1
    ],
    [
      0,
      0,
      1,
      1,
      0
    ],
    [
      1,
      1,
      1,
      1,
      0
    ],
    [
      1,
      1,
      1,
      0,
      1
    ],
    [
      0,
      0,
      0,
      0,
      0
    ],
    [
      1,
      0,
      1,
      1,
      1
    ],
    [
      0,
      0,
      0,
      1,
      0
    ],
    [
      0,
      0,
      1,
      1,
      0
    ],
    [
      0,
      1,
      1,
      0,
      1
    ],
    [
      1,
      0,
      0,
      0,
      1
    ],
    [
      1,
      1,
      1,
      1,
      1
    ],
    [
      1,
      1,
      1,
      1,
      1
    ],
    [
      0,
      1,
      1,
      1,
      1
    ],
    [
      0,
      1,
      0,
      1,
      1
    ],
    [
      1,
      0,
      1,
      1,
      1
    ],
    [
      0,
      0,
      1,
      1,
      1
    ],
    [
      1,
      0,
      1,
      1,
      1
    ],
    [
      1,
      0,
      0,
      0,
      0
    ],
    [
      1,
      0,
      1,
      1,
      1
    ],
    [
      0,
      0,
      1,
      1,
      1
    ],
    [
      0,
      1,
      0,
      0,
      1
    ],
    [
      1,
      1,
      1,
      0,
      1
    ],
    [
      1,
      0,
      1,
      1,
      1
    ],
    [
      1,
      0,
      1,
      1,
      1
    ],
    [
      1,
      1,
      1,
      0,
      1
    ],
    [
      1,
      0,
      1,
      1,
      0
    ],
    [
      0,
      0,
      0,
      0,
      0
    ],
    [
      0,
      1,
      1,
      1,
      0
    ],
    [
      1,
      0,
      0,
      1,
      0
    ],
    [
      0,
      0,
      0,
      0,
      0
    ],
    [
      1,
      1,
      1,
      1,
      0
    ],
    [
      1,
      1,
      0,
      1,
      1
    ],
    [
      0,
      0,
      0,
      0,
      1
    ],
    [
      1,
      1,
      0,
      1,
      1
    ],
    [
      0,
      1,
      1,
      0,
      1
    ],
    [
      0,
      1,
      1,
      1,
      1
    ],
    [
      1,
      1,
      1,
      0,
      1
    ],
    [
      0,
      0,
      0,
      0,
      0
    ],
    [
      1,
      0,
      1,
      1,
      0
    ],
    [
      0,
      0,
      0,
      0,
      0
    ],
    [
      0,
      1,
      1,
      1,
      0
    ],
    [
      0,
      0,
      0,
      0,
      0
    ],
    [
      0,
      1,
      1,
      1,
      1
    ],
    [
      1,
      1,
      1,
      1,
      1
    ],
    [
      1,
      1,
      1,
      1,
      1
    ]
  ],
  "assortments": [
    [
      0,
      0,
      0,
      0,
      0
    ],
    [
      0,
      0,
      0,
      0,
      1
    ],
    [
      0,
      0,
      0,
      1,
      0
    ],
    [
      0,
      0,
      0,
      1,
      1
    ],
    [
      0,
      0,
      1,
      0,
      0
    ],
    [
      0,
      0,
      1,
      0,
      1
    ],
    [
      0,
      0,
      1,
      1,
      0
    ],
    [
      0,
      0,
      1,
      1,
      1
    ],
    [
      0,
      1,
      0,
      0,
      0
    ],
    [
      0,
      1,
      0,
      0,
      1
    ],
    [
      0,
      1,
      0,
      1,
      0
    ],
    [
      0,
      1,
      0,
      1,
      1
    ],
    [
      0,
      1,
      1,
      0,
      0
    ],
    [
      0,
      1,
      1,
      0,
      1
    ],
    [
      0,
      1,
      1,
      1,
      0
    ],
    [
      0,
      1,
      1,
      1,
      1
    ],
    [
      1,
      0,
      0,
      0,
      0
    ],
    [
      1,
      0,
      0,
      0,
      1
    ],
    [
      1,
      0,
      0,
      1,
      0
    ],
    [
      1,
      0,
      0,
      1,
      1
    ],
    [
      1,
      0,
      1,
      0,
      0
    ],
    [
      1,
      0,
      1,
      0,
      1
    ],
    [
      1,
      0,
      1,
      1,
      0
    ],
    [
      1,
      0,
      1,
      1,
      1
    ],
    [
      1,
      1,
      0,
      0,
      0
    ],
    [
      1,
      1,
      0,
      0,
      1
    ],
    [
      1,
      1,
      0,
      1,
      0
    ],
    [
      1,
      1,
      0,
      1,
      1
    ],
    [
      1,
      1,
      1,
      0,
      0
    ],
    [
      1,
      1,
      1,
      0,
      1
    ],
    [
      1,
      1,
      1,
      1,
      0
    ],
    [
      1,
      1,
      1,
      1,
      1
    ]
  ]
}