{
  "solver_status": 2,
  "feasible": true,
  "mb_formulation_version": 5,
  "runtime": 58.49334716796875,
  "wall_time": 58.495129108428955,
  "mip_gap": 0.0099113898427248,
  "objective": 1.622493214229268,
  "bundle_space_size": 32,
  "policy_scope": "full_bundle_prices",
  "bundle_prices": {
    "0": 0.0,
    "3": 18.182163018998132,
    "6": 13.503678475946572,
    "7": 23.696122103807312,
    "9": 13.888521438155362,
    "11": 21.353488572136204,
    "12": 9.734258463445347,
    "13": 19.674731972207415,
    "14": 17.350865673013928,
    "15": 26.641625911924717,
    "17": 11.443256943581334,
    "18": 9.414665224158888,
    "19": 18.857454358273248,
    "21": 16.73175546996346,
    "23": 24.7823743368113,
    "26": 13.324002933026794,
    "27": 22.651589185574576,
    "30": 18.5507797203812,
    "31": 27.848241981088464
  },
  "bundle_prices_full": {
    "0": 0.0,
    "1": 29.376129037640965,
    "2": 23.14789411703501,
    "3": 18.182163018998132,
    "4": 29.376129037640965,
    "5": 29.37612903764096,
    "6": 13.503678475946572,
    "7": 23.696122103807312,
    "8": 27.323600740261384,
    "9": 13.888521438155362,
    "10": 27.32360074026138,
    "11": 21.353488572136204,
    "12": 9.734258463445347,
    "13": 19.674731972207415,
    "14": 17.350865673013928,
    "15": 26.641625911924717,
    "16": 20.134076644926818,
    "17": 11.443256943581334,
    "18": 9.414665224158888,
    "19": 18.857454358273248,
    "20": 24.936704730946023,
    "21": 16.73175546996346,
    "22": 22.89660122483495,
    "23": 24.7823743368113,
    "24": 22.884176433566438,
    "25": 22.884176433566427,
    "26": 13.324002933026794,
    "27": 22.651589185574576,
    "28": 18.457176918140007,
    "29": 21.177515407026682,
    "30": 18.5507797203812,
    "31": 27.848241981088464
  },
  "bundle_prices_selected": {
    "0": 0.0,
    "3": 18.182163018998132,
    "6": 13.503678475946572,
    "7": 23.696122103807312,
    "9": 13.888521438155362,
    "11": 21.353488572136204,
    "12": 9.734258463445347,
    "13": 19.674731972207415,
    "14": 17.350865673013928,
    "15": 26.641625911924717,
    "17": 11.443256943581334,
    "18": 9.414665224158888,
    "19": 18.857454358273248,
    "21": 16.73175546996346,
    "23": 24.7823743368113,
    "26": 13.324002933026794,
    "27": 22.651589185574576,
    "30": 18.5507797203812,
    "31": 27.848241981088464
  },
  "chosen_bundle_idx_by_customer": [
    31,
    31,
    0,
    0,
    19,
    12,
    15,
    21,
    17,
    19,
    21,
    19,
    19,
    15,
    21,
    3,
    21,
    15,
    15,
    0,
    31,
    7,
    6,
    6,
    18,
    31,
    26,
    31,
    6,
    11,
    15,
    11,
    15,
    6,
    31,
    19,
    21,
    9,
    15,
    14,
    27,
    21,
    0,
    13,
    30,
    31,
    19,
    15,
    6,
    23
  ],
  "chosen_product_matrix": [
    [
      1,
      1,
      1,
      1,
      1
    ],
    [
      1,
      1,
      1,
      1,
      1
    ],
    [
      0,
      0,
      0,
      0,
      0
    ],
    [
      0,
      0,
      0,
      0,
      0
    ],
    [
      1,
      0,
      0,
      1,
      1
    ],
    [
      0,
      1,
      1,
      0,
      0
    ],
    [
      0,
      1,
      1,
      1,
      1
    ],
    [
      1,
      0,
      1,
      0,
      1
    ],
    [
      1,
      0,
      0,
      0,
      1
    ],
    [
      1,
      0,
      0,
      1,
      1
    ],
    [
      1,
      0,
      1,
      0,
      1
    ],
    [
      1,
      0,
      0,
      1,
      1
    ],
    [
      1,
      0,
      0,
      1,
      1
    ],
    [
      0,
      1,
      1,
      1,
      1
    ],
    [
      1,
      0,
      1,
      0,
      1
    ],
    [
      0,
      0,
      0,
      1,
      1
    ],
    [
      1,
      0,
      1,
      0,
      1
    ],
    [
      0,
      1,
      1,
      1,
      1
    ],
    [
      0,
      1,
      1,
      1,
      1
    ],
    [
      0,
      0,
      0,
      0,
      0
    ],
    [
      1,
      1,
      1,
      1,
      1
    ],
    [
      0,
      0,
      1,
      1,
      1
    ],
    [
      0,
      0,
      1,
      1,
      0
    ],
    [
      0,
      0,
      1,
      1,
      0
    ],
    [
      1,
      0,
      0,
      1,
      0
    ],
    [
      1,
      1,
      1,
      1,
      1
    ],
    [
      1,
      1,
      0,
      1,
      0
    ],
    [
      1,
      1,
      1,
      1,
      1
    ],
    [
      0,
      0,
      1,
      1,
      0
    ],
    [
      0,
      1,
      0,
      1,
      1
    ],
    [
      0,
      1,
      1,
      1,
      1
    ],
    [
      0,
      1,
      0,
      1,
      1
    ],
    [
      0,
      1,
      1,
      1,
      1
    ],
    [
      0,
      0,
      1,
      1,
      0
    ],
    [
      1,
      1,
      1,
      1,
      1
    ],
    [
      1,
      0,
      0,
      1,
      1
    ],
    [
      1,
      0,
      1,
      0,
      1
    ],
    [
      0,
      1,
      0,
      0,
      1
    ],
    [
      0,
      1,
      1,
      1,
      1
    ],
    [
      0,
      1,
      1,
      1,
      0
    ],
    [
      1,
      1,
      0,
      1,
      1
    ],
    [
      1,
      0,
      1,
      0,
      1
    ],
    [
      0,
      0,
      0,
      0,
      0
    ],
    [
      0,
      1,
      1,
      0,
      1
    ],
    [
      1,
      1,
      1,
      1,
      0
    ],
    [
      1,
      1,
      1,
      1,
      1
    ],
    [
      1,
      0,
      0,
      1,
      1
    ],
    [
      0,
      1,
      1,
      1,
      1
    ],
    [
      0,
      0,
      1,
      1,
      0
    ],
    [
      1,
      0,
      1,
      1,
      1
    ]
  ],
  "assortments": [
    [
      0,
      0,
      0,
      0,
      0
    ],
    [
      0,
      0,
      0,
      0,
      1
    ],
    [
      0,
      0,
      0,
      1,
      0
    ],
    [
      0,
      0,
      0,
      1,
      1
    ],
    [
      0,
      0,
      1,
      0,
      0
    ],
    [
      0,
      0,
      1,
      0,
      1
    ],
    [
      0,
      0,
      1,
      1,
      0
    ],
    [
      0,
      0,
      1,
      1,
      1
    ],
    [
      0,
      1,
      0,
      0,
      0
    ],
    [
      0,
      1,
      0,
      0,
      1
    ],
    [
      0,
      1,
      0,
      1,
      0
    ],
    [
      0,
      1,
      0,
      1,
      1
    ],
    [
      0,
      1,
      1,
      0,
      0
    ],
    [
      0,
      1,
      1,
      0,
      1
    ],
    [
      0,
      1,
      1,
      1,
      0
    ],
    [
      0,
      1,
      1,
      1,
      1
    ],
    [
      1,
      0,
      0,
      0,
      0
    ],
    [
      1,
      0,
      0,
      0,
      1
    ],
    [
      1,
      0,
      0,
      1,
      0
    ],
    [
      1,
      0,
      0,
      1,
      1
    ],
    [
      1,
      0,
      1,
      0,
      0
    ],
    [
      1,
      0,
      1,
      0,
      1
    ],
    [
      1,
      0,
      1,
      1,
      0
    ],
    [
      1,
      0,
      1,
      1,
      1
    ],
    [
      1,
      1,
      0,
      0,
      0
    ],
    [
      1,
      1,
      0,
      0,
      1
    ],
    [
      1,
      1,
      0,
      1,
      0
    ],
    [
      1,
      1,
      0,
      1,
      1
    ],
    [
      1,
      1,
      1,
      0,
      0
    ],
    [
      1,
      1,
      1,
      0,
      1
    ],
    [
      1,
      1,
      1,
      1,
      0
    ],
    [
      1,
      1,
      1,
      1,
      1
    ]
  ]
}