{
  "solver_status": 2,
  "feasible": true,
  "mb_formulation_version": 5,
  "runtime": 68.49041700363159,
  "wall_time": 68.4922502040863,
  "mip_gap": 0.009623429594943573,
  "objective": 1.6459691892401962,
  "bundle_space_size": 32,
  "policy_scope": "full_bundle_prices",
  "bundle_prices": {
    "0": 0.0,
    "1": 10.481600449445148,
    "5": 15.821064469402536,
    "7": 23.508309020399622,
    "9": 14.03974432143433,
    "10": 11.904108678011092,
    "11": 21.992046252046464,
    "12": 8.91099700924358,
    "14": 16.90568470908011,
    "15": 26.597403339903583,
    "17": 11.562380791174803,
    "20": 7.166009196392555,
    "21": 17.325401408913155,
    "23": 25.257026928220128,
    "25": 15.376315929772046,
    "27": 22.946683501947664,
    "29": 20.133602970875824,
    "30": 18.4614175682058,
    "31": 27.966002698096005
  },
  "bundle_prices_full": {
    "0": 0.0,
    "1": 10.481600449445148,
    "2": 22.167463075991567,
    "3": 18.928186931725627,
    "4": 17.431439765163308,
    "5": 15.821064469402536,
    "6": 24.859012569450307,
    "7": 23.508309020399622,
    "8": 5.567242073496891,
    "9": 14.03974432143433,
    "10": 11.904108678011092,
    "11": 21.992046252046464,
    "12": 8.91099700924358,
    "13": 19.31021847298627,
    "14": 16.90568470908011,
    "15": 26.597403339903583,
    "16": 12.988375043548968,
    "17": 11.562380791174803,
    "18": 9.61682450800058,
    "19": 19.85270605070146,
    "20": 7.166009196392555,
    "21": 17.325401408913155,
    "22": 15.228774888014708,
    "23": 25.257026928220128,
    "24": 6.502469820552491,
    "25": 15.376315929772046,
    "26": 13.172217591202799,
    "27": 22.946683501947664,
    "28": 11.259756861656259,
    "29": 20.133602970875824,
    "30": 18.4614175682058,
    "31": 27.966002698096005
  },
  "bundle_prices_selected": {
    "0": 0.0,
    "1": 10.481600449445148,
    "5": 15.821064469402536,
    "7": 23.508309020399622,
    "9": 14.03974432143433,
    "10": 11.904108678011092,
    "11": 21.992046252046464,
    "12": 8.91099700924358,
    "14": 16.90568470908011,
    "15": 26.597403339903583,
    "17": 11.562380791174803,
    "20": 7.166009196392555,
    "21": 17.325401408913155,
    "23": 25.257026928220128,
    "25": 15.376315929772046,
    "27": 22.946683501947664,
    "29": 20.133602970875824,
    "30": 18.4614175682058,
    "31": 27.966002698096005
  },
  "chosen_bundle_idx_by_customer": [
    31,
    15,
    20,
    23,
    5,
    27,
    0,
    31,
    11,
    15,
    17,
    29,
    5,
    31,
    15,
    7,
    31,
    21,
    7,
    31,
    0,
    30,
    0,
    29,
    29,
    9,
    9,
    15,
    0,
    7,
    31,
    15,
    29,
    7,
    7,
    0,
    12,
    25,
    7,
    5,
    15,
    10,
    31,
    14,
    0,
    31,
    12,
    12,
    1,
    15
  ],
  "chosen_product_matrix": [
    [
      1,
      1,
      1,
      1,
      1
    ],
    [
      0,
      1,
      1,
      1,
      1
    ],
    [
      1,
      0,
      1,
      0,
      0
    ],
    [
      1,
      0,
      1,
      1,
      1
    ],
    [
      0,
      0,
      1,
      0,
      1
    ],
    [
      1,
      1,
      0,
      1,
      1
    ],
    [
      0,
      0,
      0,
      0,
      0
    ],
    [
      1,
      1,
      1,
      1,
      1
    ],
    [
      0,
      1,
      0,
      1,
      1
    ],
    [
      0,
      1,
      1,
      1,
      1
    ],
    [
      1,
      0,
      0,
      0,
      1
    ],
    [
      1,
      1,
      1,
      0,
      1
    ],
    [
      0,
      0,
      1,
      0,
      1
    ],
    [
      1,
      1,
      1,
      1,
      1
    ],
    [
      0,
      1,
      1,
      1,
      1
    ],
    [
      0,
      0,
      1,
      1,
      1
    ],
    [
      1,
      1,
      1,
      1,
      1
    ],
    [
      1,
      0,
      1,
      0,
      1
    ],
    [
      0,
      0,
      1,
      1,
      1
    ],
    [
      1,
      1,
      1,
      1,
      1
    ],
    [
      0,
      0,
      0,
      0,
      0
    ],
    [
      1,
      1,
      1,
      1,
      0
    ],
    [
      0,
      0,
      0,
      0,
      0
    ],
    [
      1,
      1,
      1,
      0,
      1
    ],
    [
      1,
      1,
      1,
      0,
      1
    ],
    [
      0,
      1,
      0,
      0,
      1
    ],
    [
      0,
      1,
      0,
      0,
      1
    ],
    [
      0,
      1,
      1,
      1,
      1
    ],
    [
      0,
      0,
      0,
      0,
      0
    ],
    [
      0,
      0,
      1,
      1,
      1
    ],
    [
      1,
      1,
      1,
      1,
      1
    ],
    [
      0,
      1,
      1,
      1,
      1
    ],
    [
      1,
      1,
      1,
      0,
      1
    ],
    [
      0,
      0,
      1,
      1,
      1
    ],
    [
      0,
      0,
      1,
      1,
      1
    ],
    [
      0,
      0,
      0,
      0,
      0
    ],
    [
      0,
      1,
      1,
      0,
      0
    ],
    [
      1,
      1,
      0,
      0,
      1
    ],
    [
      0,
      0,
      1,
      1,
      1
    ],
    [
      0,
      0,
      1,
      0,
      1
    ],
    [
      0,
      1,
      1,
      1,
      1
    ],
    [
      0,
      1,
      0,
      1,
      0
    ],
    [
      1,
      1,
      1,
      1,
      1
    ],
    [
      0,
      1,
      1,
      1,
      0
    ],
    [
      0,
      0,
      0,
      0,
      0
    ],
    [
      1,
      1,
      1,
      1,
      1
    ],
    [
      0,
      1,
      1,
      0,
      0
    ],
    [
      0,
      1,
      1,
      0,
      0
    ],
    [
      0,
      0,
      0,
      0,
      1
    ],
    [
      0,
      1,
      1,
      1,
      1
    ]
  ],
  "assortments": [
    [
      0,
      0,
      0,
      0,
      0
    ],
    [
      0,
      0,
      0,
      0,
      1
    ],
    [
      0,
      0,
      0,
      1,
      0
    ],
    [
      0,
      0,
      0,
      1,
      1
    ],
    [
      0,
      0,
      1,
      0,
      0
    ],
    [
      0,
      0,
      1,
      0,
      1
    ],
    [
      0,
      0,
      1,
      1,
      0
    ],
    [
      0,
      0,
      1,
      1,
      1
    ],
    [
      0,
      1,
      0,
      0,
      0
    ],
    [
      0,
      1,
      0,
      0,
      1
    ],
    [
      0,
      1,
      0,
      1,
      0
    ],
    [
      0,
      1,
      0,
      1,
      1
    ],
    [
      0,
      1,
      1,
      0,
      0
    ],
    [
      0,
      1,
      1,
      0,
      1
    ],
    [
      0,
      1,
      1,
      1,
      0
    ],
    [
      0,
      1,
      1,
      1,
      1
    ],
    [
      1,
      0,
      0,
      0,
      0
    ],
    [
      1,
      0,
      0,
      0,
      1
    ],
    [
      1,
      0,
      0,
      1,
      0
    ],
    [
      1,
      0,
      0,
      1,
      1
    ],
    [
      1,
      0,
      1,
      0,
      0
    ],
    [
      1,
      0,
      1,
      0,
      1
    ],
    [
      1,
      0,
      1,
      1,
      0
    ],
    [
      1,
      0,
      1,
      1,
      1
    ],
    [
      1,
      1,
      0,
      0,
      0
    ],
    [
      1,
      1,
      0,
      0,
      1
    ],
    [
      1,
      1,
      0,
      1,
      0
    ],
    [
      1,
      1,
      0,
      1,
      1
    ],
    [
      1,
      1,
      1,
      0,
      0
    ],
    [
      1,
      1,
      1,
      0,
      1
    ],
    [
      1,
      1,
      1,
      1,
      0
    ],
    [
      1,
      1,
      1,
      1,
      1
    ]
  ]
}