{
  "solver_status": 2,
  "feasible": true,
  "mb_formulation_version": 5,
  "runtime": 299.10391902923584,
  "wall_time": 299.10571122169495,
  "mip_gap": 0.009796532329590752,
  "objective": 1.5413385438969769,
  "bundle_space_size": 32,
  "policy_scope": "full_bundle_prices",
  "bundle_prices": {
    "0": 0.0,
    "1": 10.330556564134966,
    "3": 18.155662952547843,
    "5": 15.811270765595943,
    "9": 13.655721121794427,
    "11": 21.76671546766796,
    "14": 17.454841018914507,
    "15": 26.919975099221965,
    "16": 1.7518776922054937,
    "19": 19.591033925051036,
    "21": 16.748135359455162,
    "22": 15.757196250974918,
    "23": 24.83207718803652,
    "25": 14.514630949558892,
    "27": 22.566700616481064,
    "28": 10.106944095331317,
    "29": 19.91698183738559,
    "31": 27.711559357108907
  },
  "bundle_prices_full": {
    "0": 0.0,
    "1": 10.330556564134966,
    "2": 29.328211469072166,
    "3": 18.155662952547843,
    "4": 29.328211469072166,
    "5": 15.811270765595943,
    "6": 29.328211469072166,
    "7": 29.328211469072166,
    "8": 29.328211469072166,
    "9": 13.655721121794427,
    "10": 29.328211469072166,
    "11": 21.76671546766796,
    "12": 29.328211469072166,
    "13": 29.328211469072166,
    "14": 17.454841018914507,
    "15": 26.919975099221965,
    "16": 1.7518776922054937,
    "17": 12.08243425634046,
    "18": 29.328211469072166,
    "19": 19.591033925051036,
    "20": 29.328211469072166,
    "21": 16.748135359455162,
    "22": 15.757196250974918,
    "23": 24.83207718803652,
    "24": 29.328211469072166,
    "25": 14.514630949558892,
    "26": 29.328211469072166,
    "27": 22.566700616481064,
    "28": 10.106944095331317,
    "29": 19.91698183738559,
    "30": 19.20671871112,
    "31": 27.711559357108907
  },
  "bundle_prices_selected": {
    "0": 0.0,
    "1": 10.330556564134966,
    "3": 18.155662952547843,
    "5": 15.811270765595943,
    "9": 13.655721121794427,
    "11": 21.76671546766796,
    "14": 17.454841018914507,
    "15": 26.919975099221965,
    "16": 1.7518776922054937,
    "19": 19.591033925051036,
    "21": 16.748135359455162,
    "22": 15.757196250974918,
    "23": 24.83207718803652,
    "25": 14.514630949558892,
    "27": 22.566700616481064,
    "28": 10.106944095331317,
    "29": 19.91698183738559,
    "31": 27.711559357108907
  },
  "chosen_bundle_idx_by_customer": [
    29,
    1,
    5,
    0,
    29,
    21,
    27,
    23,
    3,
    0,
    27,
    15,
    3,
    29,
    9,
    21,
    11,
    15,
    23,
    25,
    25,
    5,
    21,
    0,
    15,
    15,
    0,
    31,
    14,
    28,
    31,
    25,
    0,
    15,
    25,
    9,
    22,
    15,
    0,
    28,
    21,
    23,
    25,
    27,
    3,
    28,
    19,
    15,
    29,
    16
  ],
  "chosen_product_matrix": [
    [
      1,
      1,
      1,
      0,
      1
    ],
    [
      0,
      0,
      0,
      0,
      1
    ],
    [
      0,
      0,
      1,
      0,
      1
    ],
    [
      0,
      0,
      0,
      0,
      0
    ],
    [
      1,
      1,
      1,
      0,
      1
    ],
    [
      1,
      0,
      1,
      0,
      1
    ],
    [
      1,
      1,
      0,
      1,
      1
    ],
    [
      1,
      0,
      1,
      1,
      1
    ],
    [
      0,
      0,
      0,
      1,
      1
    ],
    [
      0,
      0,
      0,
      0,
      0
    ],
    [
      1,
      1,
      0,
      1,
      1
    ],
    [
      0,
      1,
      1,
      1,
      1
    ],
    [
      0,
      0,
      0,
      1,
      1
    ],
    [
      1,
      1,
      1,
      0,
      1
    ],
    [
      0,
      1,
      0,
      0,
      1
    ],
    [
      1,
      0,
      1,
      0,
      1
    ],
    [
      0,
      1,
      0,
      1,
      1
    ],
    [
      0,
      1,
      1,
      1,
      1
    ],
    [
      1,
      0,
      1,
      1,
      1
    ],
    [
      1,
      1,
      0,
      0,
      1
    ],
    [
      1,
      1,
      0,
      0,
      1
    ],
    [
      0,
      0,
      1,
      0,
      1
    ],
    [
      1,
      0,
      1,
      0,
      1
    ],
    [
      0,
      0,
      0,
      0,
      0
    ],
    [
      0,
      1,
      1,
      1,
      1
    ],
    [
      0,
      1,
      1,
      1,
      1
    ],
    [
      0,
      0,
      0,
      0,
      0
    ],
    [
      1,
      1,
      1,
      1,
      1
    ],
    [
      0,
      1,
      1,
      1,
      0
    ],
    [
      1,
      1,
      1,
      0,
      0
    ],
    [
      1,
      1,
      1,
      1,
      1
    ],
    [
      1,
      1,
      0,
      0,
      1
    ],
    [
      0,
      0,
      0,
      0,
      0
    ],
    [
      0,
      1,
      1,
      1,
      1
    ],
    [
      1,
      1,
      0,
      0,
      1
    ],
    [
      0,
      1,
      0,
      0,
      1
    ],
    [
      1,
      0,
      1,
      1,
      0
    ],
    [
      0,
      1,
      1,
      1,
      1
    ],
    [
      0,
      0,
      0,
      0,
      0
    ],
    [
      1,
      1,
      1,
      0,
      0
    ],
    [
      1,
      0,
      1,
      0,
      1
    ],
    [
      1,
      0,
      1,
      1,
      1
    ],
    [
      1,
      1,
      0,
      0,
      1
    ],
    [
      1,
      1,
      0,
      1,
      1
    ],
    [
      0,
      0,
      0,
      1,
      1
    ],
    [
      1,
      1,
      1,
      0,
      0
    ],
    [
      1,
      0,
      0,
      1,
      1
    ],
    [
      0,
      1,
      1,
      1,
      1
    ],
    [
      1,
      1,
      1,
      0,
      1
    ],
    [
      1,
      0,
      0,
      0,
      0
    ]
  ],
  "assortments": [
    [
      0,
      0,
      0,
      0,
      0
    ],
    [
      0,
      0,
      0,
      0,
      1
    ],
    [
      0,
      0,
      0,
      1,
      0
    ],
    [
      0,
      0,
      0,
      1,
      1
    ],
    [
      0,
      0,
      1,
      0,
      0
    ],
    [
      0,
      0,
      1,
      0,
      1
    ],
    [
      0,
      0,
      1,
      1,
      0
    ],
    [
      0,
      0,
      1,
      1,
      1
    ],
    [
      0,
      1,
      0,
      0,
      0
    ],
    [
      0,
      1,
      0,
      0,
      1
    ],
    [
      0,
      1,
      0,
      1,
      0
    ],
    [
      0,
      1,
      0,
      1,
      1
    ],
    [
      0,
      1,
      1,
      0,
      0
    ],
    [
      0,
      1,
      1,
      0,
      1
    ],
    [
      0,
      1,
      1,
      1,
      0
    ],
    [
      0,
      1,
      1,
      1,
      1
    ],
    [
      1,
      0,
      0,
      0,
      0
    ],
    [
      1,
      0,
      0,
      0,
      1
    ],
    [
      1,
      0,
      0,
      1,
      0
    ],
    [
      1,
      0,
      0,
      1,
      1
    ],
    [
      1,
      0,
      1,
      0,
      0
    ],
    [
      1,
      0,
      1,
      0,
      1
    ],
    [
      1,
      0,
      1,
      1,
      0
    ],
    [
      1,
      0,
      1,
      1,
      1
    ],
    [
      1,
      1,
      0,
      0,
      0
    ],
    [
      1,
      1,
      0,
      0,
      1
    ],
    [
      1,
      1,
      0,
      1,
      0
    ],
    [
      1,
      1,
      0,
      1,
      1
    ],
    [
      1,
      1,
      1,
      0,
      0
    ],
    [
      1,
      1,
      1,
      0,
      1
    ],
    [
      1,
      1,
      1,
      1,
      0
    ],
    [
      1,
      1,
      1,
      1,
      1
    ]
  ]
}