{
  "solver_status": 9,
  "feasible": true,
  "mb_formulation_version": 5,
  "runtime": 300.0141360759735,
  "wall_time": 300.0159480571747,
  "mip_gap": 0.015152035468895642,
  "objective": 1.4405258024449588,
  "bundle_space_size": 32,
  "policy_scope": "full_bundle_prices",
  "bundle_prices": {
    "0": 0.0,
    "1": 10.770831186045653,
    "6": 13.847962855511843,
    "7": 23.72732500754557,
    "9": 13.854064357444072,
    "11": 22.091900435755825,
    "12": 9.414194310109314,
    "13": 19.484180389880954,
    "15": 27.108723867584978,
    "19": 20.20131284770971,
    "20": 7.784687773829106,
    "22": 14.953329525082086,
    "23": 25.090536012894475,
    "25": 14.705920634743839,
    "28": 10.677759275355465,
    "29": 21.0049594382523,
    "30": 18.7746898762529,
    "31": 28.29412572739775
  },
  "bundle_prices_full": {
    "0": 0.0,
    "1": 10.770831186045653,
    "2": 8.484860850902892,
    "3": 18.603852304663175,
    "4": 6.567477285907787,
    "5": 17.33830847195344,
    "6": 13.847962855511843,
    "7": 23.72732500754557,
    "8": 10.774463600906405,
    "9": 13.854064357444072,
    "10": 11.749626289647166,
    "11": 22.091900435755825,
    "12": 9.414194310109314,
    "13": 19.484180389880954,
    "14": 17.293334170235916,
    "15": 27.108723867584978,
    "16": 21.987739505025125,
    "17": 21.917086445252384,
    "18": 22.767644465688406,
    "19": 20.20131284770971,
    "20": 7.784687773829106,
    "21": 18.55551895987476,
    "22": 14.953329525082086,
    "23": 25.090536012894475,
    "24": 15.021912108703578,
    "25": 14.705920634743839,
    "26": 13.302831121343635,
    "27": 23.19078148564673,
    "28": 10.677759275355465,
    "29": 21.0049594382523,
    "30": 18.7746898762529,
    "31": 28.29412572739775
  },
  "bundle_prices_selected": {
    "0": 0.0,
    "1": 10.770831186045653,
    "6": 13.847962855511843,
    "7": 23.72732500754557,
    "9": 13.854064357444072,
    "11": 22.091900435755825,
    "12": 9.414194310109314,
    "13": 19.484180389880954,
    "15": 27.108723867584978,
    "19": 20.20131284770971,
    "20": 7.784687773829106,
    "22": 14.953329525082086,
    "23": 25.090536012894475,
    "25": 14.705920634743839,
    "28": 10.677759275355465,
    "29": 21.0049594382523,
    "30": 18.7746898762529,
    "31": 28.29412572739775
  },
  "chosen_bundle_idx_by_customer": [
    0,
    0,
    23,
    25,
    7,
    6,
    12,
    0,
    9,
    25,
    31,
    0,
    25,
    20,
    22,
    7,
    9,
    0,
    7,
    29,
    0,
    0,
    12,
    31,
    0,
    7,
    7,
    19,
    12,
    0,
    31,
    13,
    0,
    7,
    22,
    0,
    23,
    11,
    0,
    30,
    0,
    31,
    31,
    28,
    6,
    15,
    0,
    1,
    0,
    23
  ],
  "chosen_product_matrix": [
    [
      0,
      0,
      0,
      0,
      0
    ],
    [
      0,
      0,
      0,
      0,
      0
    ],
    [
      1,
      0,
      1,
      1,
      1
    ],
    [
      1,
      1,
      0,
      0,
      1
    ],
    [
      0,
      0,
      1,
      1,
      1
    ],
    [
      0,
      0,
      1,
      1,
      0
    ],
    [
      0,
      1,
      1,
      0,
      0
    ],
    [
      0,
      0,
      0,
      0,
      0
    ],
    [
      0,
      1,
      0,
      0,
      1
    ],
    [
      1,
      1,
      0,
      0,
      1
    ],
    [
      1,
      1,
      1,
      1,
      1
    ],
    [
      0,
      0,
      0,
      0,
      0
    ],
    [
      1,
      1,
      0,
      0,
      1
    ],
    [
      1,
      0,
      1,
      0,
      0
    ],
    [
      1,
      0,
      1,
      1,
      0
    ],
    [
      0,
      0,
      1,
      1,
      1
    ],
    [
      0,
      1,
      0,
      0,
      1
    ],
    [
      0,
      0,
      0,
      0,
      0
    ],
    [
      0,
      0,
      1,
      1,
      1
    ],
    [
      1,
      1,
      1,
      0,
      1
    ],
    [
      0,
      0,
      0,
      0,
      0
    ],
    [
      0,
      0,
      0,
      0,
      0
    ],
    [
      0,
      1,
      1,
      0,
      0
    ],
    [
      1,
      1,
      1,
      1,
      1
    ],
    [
      0,
      0,
      0,
      0,
      0
    ],
    [
      0,
      0,
      1,
      1,
      1
    ],
    [
      0,
      0,
      1,
      1,
      1
    ],
    [
      1,
      0,
      0,
      1,
      1
    ],
    [
      0,
      1,
      1,
      0,
      0
    ],
    [
      0,
      0,
      0,
      0,
      0
    ],
    [
      1,
      1,
      1,
      1,
      1
    ],
    [
      0,
      1,
      1,
      0,
      1
    ],
    [
      0,
      0,
      0,
      0,
      0
    ],
    [
      0,
      0,
      1,
      1,
      1
    ],
    [
      1,
      0,
      1,
      1,
      0
    ],
    [
      0,
      0,
      0,
      0,
      0
    ],
    [
      1,
      0,
      1,
      1,
      1
    ],
    [
      0,
      1,
      0,
      1,
      1
    ],
    [
      0,
      0,
      0,
      0,
      0
    ],
    [
      1,
      1,
      1,
      1,
      0
    ],
    [
      0,
      0,
      0,
      0,
      0
    ],
    [
      1,
      1,
      1,
      1,
      1
    ],
    [
      1,
      1,
      1,
      1,
      1
    ],
    [
      1,
      1,
      1,
      0,
      0
    ],
    [
      0,
      0,
      1,
      1,
      0
    ],
    [
      0,
      1,
      1,
      1,
      1
    ],
    [
      0,
      0,
      0,
      0,
      0
    ],
    [
      0,
      0,
      0,
      0,
      1
    ],
    [
      0,
      0,
      0,
      0,
      0
    ],
    [
      1,
      0,
      1,
      1,
      1
    ]
  ],
  "assortments": [
    [
      0,
      0,
      0,
      0,
      0
    ],
    [
      0,
      0,
      0,
      0,
      1
    ],
    [
      0,
      0,
      0,
      1,
      0
    ],
    [
      0,
      0,
      0,
      1,
      1
    ],
    [
      0,
      0,
      1,
      0,
      0
    ],
    [
      0,
      0,
      1,
      0,
      1
    ],
    [
      0,
      0,
      1,
      1,
      0
    ],
    [
      0,
      0,
      1,
      1,
      1
    ],
    [
      0,
      1,
      0,
      0,
      0
    ],
    [
      0,
      1,
      0,
      0,
      1
    ],
    [
      0,
      1,
      0,
      1,
      0
    ],
    [
      0,
      1,
      0,
      1,
      1
    ],
    [
      0,
      1,
      1,
      0,
      0
    ],
    [
      0,
      1,
      1,
      0,
      1
    ],
    [
      0,
      1,
      1,
      1,
      0
    ],
    [
      0,
      1,
      1,
      1,
      1
    ],
    [
      1,
      0,
      0,
      0,
      0
    ],
    [
      1,
      0,
      0,
      0,
      1
    ],
    [
      1,
      0,
      0,
      1,
      0
    ],
    [
      1,
      0,
      0,
      1,
      1
    ],
    [
      1,
      0,
      1,
      0,
      0
    ],
    [
      1,
      0,
      1,
      0,
      1
    ],
    [
      1,
      0,
      1,
      1,
      0
    ],
    [
      1,
      0,
      1,
      1,
      1
    ],
    [
      1,
      1,
      0,
      0,
      0
    ],
    [
      1,
      1,
      0,
      0,
      1
    ],
    [
      1,
      1,
      0,
      1,
      0
    ],
    [
      1,
      1,
      0,
      1,
      1
    ],
    [
      1,
      1,
      1,
      0,
      0
    ],
    [
      1,
      1,
      1,
      0,
      1
    ],
    [
      1,
      1,
      1,
      1,
      0
    ],
    [
      1,
      1,
      1,
      1,
      1
    ]
  ]
}