{
  "solver_status": 2,
  "feasible": true,
  "mb_formulation_version": 5,
  "runtime": 88.56059098243713,
  "wall_time": 88.56256103515625,
  "mip_gap": 0.009956337766913771,
  "objective": 1.4938837210519988,
  "bundle_space_size": 32,
  "policy_scope": "full_bundle_prices",
  "bundle_prices": {
    "0": 0.0,
    "3": 18.52581868103212,
    "6": 14.168381591490501,
    "10": 11.644347855767895,
    "11": 21.54978872333882,
    "13": 19.884368517013794,
    "14": 17.532428185027083,
    "15": 27.171786696408248,
    "18": 9.448459577268304,
    "21": 17.399604741620276,
    "23": 25.40207293579464,
    "25": 15.237829050283139,
    "26": 13.076399575894637,
    "27": 22.718349536903894,
    "29": 20.611520917592664,
    "30": 19.20471634860062,
    "31": 28.09234091565075
  },
  "bundle_prices_full": {
    "0": 0.0,
    "1": 30.20317259964138,
    "2": 15.38590424474114,
    "3": 18.52581868103212,
    "4": 30.20317259964139,
    "5": 30.203172599641377,
    "6": 14.168381591490501,
    "7": 24.45984000172831,
    "8": 24.163007318670243,
    "9": 30.20317259964139,
    "10": 11.644347855767895,
    "11": 21.54978872333882,
    "12": 29.153598840637336,
    "13": 19.884368517013794,
    "14": 17.532428185027083,
    "15": 27.171786696408248,
    "16": 13.572811689074268,
    "17": 30.203172599641377,
    "18": 9.448459577268304,
    "19": 30.203172599641377,
    "20": 29.153598840637336,
    "21": 17.399604741620276,
    "22": 15.792769795106928,
    "23": 25.40207293579464,
    "24": 20.5423698976702,
    "25": 15.237829050283139,
    "26": 13.076399575894637,
    "27": 22.718349536903894,
    "28": 25.532961419637314,
    "29": 20.611520917592664,
    "30": 19.20471634860062,
    "31": 28.09234091565075
  },
  "bundle_prices_selected": {
    "0": 0.0,
    "3": 18.52581868103212,
    "6": 14.168381591490501,
    "10": 11.644347855767895,
    "11": 21.54978872333882,
    "13": 19.884368517013794,
    "14": 17.532428185027083,
    "15": 27.171786696408248,
    "18": 9.448459577268304,
    "21": 17.399604741620276,
    "23": 25.40207293579464,
    "25": 15.237829050283139,
    "26": 13.076399575894637,
    "27": 22.718349536903894,
    "29": 20.611520917592664,
    "30": 19.20471634860062,
    "31": 28.09234091565075
  },
  "chosen_bundle_idx_by_customer": [
    0,
    25,
    0,
    21,
    0,
    0,
    18,
    26,
    0,
    31,
    0,
    18,
    15,
    0,
    31,
    13,
    0,
    15,
    0,
    11,
    31,
    0,
    0,
    0,
    31,
    0,
    0,
    6,
    10,
    14,
    31,
    27,
    0,
    29,
    3,
    27,
    11,
    23,
    23,
    30,
    31,
    31,
    0,
    31,
    18,
    15,
    0,
    27,
    18,
    23
  ],
  "chosen_product_matrix": [
    [
      0,
      0,
      0,
      0,
      0
    ],
    [
      1,
      1,
      0,
      0,
      1
    ],
    [
      0,
      0,
      0,
      0,
      0
    ],
    [
      1,
      0,
      1,
      0,
      1
    ],
    [
      0,
      0,
      0,
      0,
      0
    ],
    [
      0,
      0,
      0,
      0,
      0
    ],
    [
      1,
      0,
      0,
      1,
      0
    ],
    [
      1,
      1,
      0,
      1,
      0
    ],
    [
      0,
      0,
      0,
      0,
      0
    ],
    [
      1,
      1,
      1,
      1,
      1
    ],
    [
      0,
      0,
      0,
      0,
      0
    ],
    [
      1,
      0,
      0,
      1,
      0
    ],
    [
      0,
      1,
      1,
      1,
      1
    ],
    [
      0,
      0,
      0,
      0,
      0
    ],
    [
      1,
      1,
      1,
      1,
      1
    ],
    [
      0,
      1,
      1,
      0,
      1
    ],
    [
      0,
      0,
      0,
      0,
      0
    ],
    [
      0,
      1,
      1,
      1,
      1
    ],
    [
      0,
      0,
      0,
      0,
      0
    ],
    [
      0,
      1,
      0,
      1,
      1
    ],
    [
      1,
      1,
      1,
      1,
      1
    ],
    [
      0,
      0,
      0,
      0,
      0
    ],
    [
      0,
      0,
      0,
      0,
      0
    ],
    [
      0,
      0,
      0,
      0,
      0
    ],
    [
      1,
      1,
      1,
      1,
      1
    ],
    [
      0,
      0,
      0,
      0,
      0
    ],
    [
      0,
      0,
      0,
      0,
      0
    ],
    [
      0,
      0,
      1,
      1,
      0
    ],
    [
      0,
      1,
      0,
      1,
      0
    ],
    [
      0,
      1,
      1,
      1,
      0
    ],
    [
      1,
      1,
      1,
      1,
      1
    ],
    [
      1,
      1,
      0,
      1,
      1
    ],
    [
      0,
      0,
      0,
      0,
      0
    ],
    [
      1,
      1,
      1,
      0,
      1
    ],
    [
      0,
      0,
      0,
      1,
      1
    ],
    [
      1,
      1,
      0,
      1,
      1
    ],
    [
      0,
      1,
      0,
      1,
      1
    ],
    [
      1,
      0,
      1,
      1,
      1
    ],
    [
      1,
      0,
      1,
      1,
      1
    ],
    [
      1,
      1,
      1,
      1,
      0
    ],
    [
      1,
      1,
      1,
      1,
      1
    ],
    [
      1,
      1,
      1,
      1,
      1
    ],
    [
      0,
      0,
      0,
      0,
      0
    ],
    [
      1,
      1,
      1,
      1,
      1
    ],
    [
      1,
      0,
      0,
      1,
      0
    ],
    [
      0,
      1,
      1,
      1,
      1
    ],
    [
      0,
      0,
      0,
      0,
      0
    ],
    [
      1,
      1,
      0,
      1,
      1
    ],
    [
      1,
      0,
      0,
      1,
      0
    ],
    [
      1,
      0,
      1,
      1,
      1
    ]
  ],
  "assortments": [
    [
      0,
      0,
      0,
      0,
      0
    ],
    [
      0,
      0,
      0,
      0,
      1
    ],
    [
      0,
      0,
      0,
      1,
      0
    ],
    [
      0,
      0,
      0,
      1,
      1
    ],
    [
      0,
      0,
      1,
      0,
      0
    ],
    [
      0,
      0,
      1,
      0,
      1
    ],
    [
      0,
      0,
      1,
      1,
      0
    ],
    [
      0,
      0,
      1,
      1,
      1
    ],
    [
      0,
      1,
      0,
      0,
      0
    ],
    [
      0,
      1,
      0,
      0,
      1
    ],
    [
      0,
      1,
      0,
      1,
      0
    ],
    [
      0,
      1,
      0,
      1,
      1
    ],
    [
      0,
      1,
      1,
      0,
      0
    ],
    [
      0,
      1,
      1,
      0,
      1
    ],
    [
      0,
      1,
      1,
      1,
      0
    ],
    [
      0,
      1,
      1,
      1,
      1
    ],
    [
      1,
      0,
      0,
      0,
      0
    ],
    [
      1,
      0,
      0,
      0,
      1
    ],
    [
      1,
      0,
      0,
      1,
      0
    ],
    [
      1,
      0,
      0,
      1,
      1
    ],
    [
      1,
      0,
      1,
      0,
      0
    ],
    [
      1,
      0,
      1,
      0,
      1
    ],
    [
      1,
      0,
      1,
      1,
      0
    ],
    [
      1,
      0,
      1,
      1,
      1
    ],
    [
      1,
      1,
      0,
      0,
      0
    ],
    [
      1,
      1,
      0,
      0,
      1
    ],
    [
      1,
      1,
      0,
      1,
      0
    ],
    [
      1,
      1,
      0,
      1,
      1
    ],
    [
      1,
      1,
      1,
      0,
      0
    ],
    [
      1,
      1,
      1,
      0,
      1
    ],
    [
      1,
      1,
      1,
      1,
      0
    ],
    [
      1,
      1,
      1,
      1,
      1
    ]
  ]
}