{
  "solver_status": 2,
  "feasible": true,
  "mb_formulation_version": 5,
  "runtime": 93.44509696960449,
  "wall_time": 93.44705700874329,
  "mip_gap": 0.009778063335929153,
  "objective": 1.961949860842272,
  "bundle_space_size": 32,
  "policy_scope": "full_bundle_prices",
  "bundle_prices": {
    "0": 0.0,
    "2": 8.39055259432029,
    "5": 16.50690753109197,
    "6": 14.0823368026949,
    "7": 24.29392042115139,
    "9": 14.050902582845968,
    "10": 12.444076391494736,
    "11": 21.695710435396727,
    "13": 19.620252684996963,
    "14": 17.554765062898205,
    "15": 27.470188624221972,
    "18": 9.618107252546212,
    "23": 25.131163993631667,
    "25": 15.331117020852849,
    "27": 22.698909568253175,
    "29": 21.11596054468896,
    "30": 18.516137869902565,
    "31": 28.25105081389609
  },
  "bundle_prices_full": {
    "0": 0.0,
    "1": 30.275095072799907,
    "2": 8.39055259432029,
    "3": 18.78536342507551,
    "4": 30.275095072799907,
    "5": 16.50690753109197,
    "6": 14.0823368026949,
    "7": 24.29392042115139,
    "8": 22.71558508576292,
    "9": 14.050902582845968,
    "10": 12.444076391494736,
    "11": 21.695710435396727,
    "12": 30.27509507279992,
    "13": 19.620252684996963,
    "14": 17.554765062898205,
    "15": 27.470188624221972,
    "16": 1.939531909964971,
    "17": 30.275095072799907,
    "18": 9.618107252546212,
    "19": 19.461649573973297,
    "20": 26.286307804104645,
    "21": 17.988732991700825,
    "22": 15.174844177578073,
    "23": 25.131163993631667,
    "24": 20.307073637007832,
    "25": 15.331117020852849,
    "26": 13.09587558823628,
    "27": 22.698909568253175,
    "28": 29.636148891334585,
    "29": 21.11596054468896,
    "30": 18.516137869902565,
    "31": 28.25105081389609
  },
  "bundle_prices_selected": {
    "0": 0.0,
    "2": 8.39055259432029,
    "5": 16.50690753109197,
    "6": 14.0823368026949,
    "7": 24.29392042115139,
    "9": 14.050902582845968,
    "10": 12.444076391494736,
    "11": 21.695710435396727,
    "13": 19.620252684996963,
    "14": 17.554765062898205,
    "15": 27.470188624221972,
    "18": 9.618107252546212,
    "23": 25.131163993631667,
    "25": 15.331117020852849,
    "27": 22.698909568253175,
    "29": 21.11596054468896,
    "30": 18.516137869902565,
    "31": 28.25105081389609
  },
  "chosen_bundle_idx_by_customer": [
    13,
    13,
    7,
    31,
    25,
    15,
    31,
    15,
    13,
    15,
    27,
    27,
    0,
    30,
    18,
    31,
    31,
    31,
    27,
    11,
    0,
    31,
    31,
    0,
    0,
    0,
    0,
    6,
    31,
    29,
    11,
    27,
    31,
    10,
    30,
    23,
    15,
    15,
    0,
    9,
    2,
    14,
    30,
    0,
    31,
    15,
    9,
    0,
    5,
    27
  ],
  "chosen_product_matrix": [
    [
      0,
      1,
      1,
      0,
      1
    ],
    [
      0,
      1,
      1,
      0,
      1
    ],
    [
      0,
      0,
      1,
      1,
      1
    ],
    [
      1,
      1,
      1,
      1,
      1
    ],
    [
      1,
      1,
      0,
      0,
      1
    ],
    [
      0,
      1,
      1,
      1,
      1
    ],
    [
      1,
      1,
      1,
      1,
      1
    ],
    [
      0,
      1,
      1,
      1,
      1
    ],
    [
      0,
      1,
      1,
      0,
      1
    ],
    [
      0,
      1,
      1,
      1,
      1
    ],
    [
      1,
      1,
      0,
      1,
      1
    ],
    [
      1,
      1,
      0,
      1,
      1
    ],
    [
      0,
      0,
      0,
      0,
      0
    ],
    [
      1,
      1,
      1,
      1,
      0
    ],
    [
      1,
      0,
      0,
      1,
      0
    ],
    [
      1,
      1,
      1,
      1,
      1
    ],
    [
      1,
      1,
      1,
      1,
      1
    ],
    [
      1,
      1,
      1,
      1,
      1
    ],
    [
      1,
      1,
      0,
      1,
      1
    ],
    [
      0,
      1,
      0,
      1,
      1
    ],
    [
      0,
      0,
      0,
      0,
      0
    ],
    [
      1,
      1,
      1,
      1,
      1
    ],
    [
      1,
      1,
      1,
      1,
      1
    ],
    [
      0,
      0,
      0,
      0,
      0
    ],
    [
      0,
      0,
      0,
      0,
      0
    ],
    [
      0,
      0,
      0,
      0,
      0
    ],
    [
      0,
      0,
      0,
      0,
      0
    ],
    [
      0,
      0,
      1,
      1,
      0
    ],
    [
      1,
      1,
      1,
      1,
      1
    ],
    [
      1,
      1,
      1,
      0,
      1
    ],
    [
      0,
      1,
      0,
      1,
      1
    ],
    [
      1,
      1,
      0,
      1,
      1
    ],
    [
      1,
      1,
      1,
      1,
      1
    ],
    [
      0,
      1,
      0,
      1,
      0
    ],
    [
      1,
      1,
      1,
      1,
      0
    ],
    [
      1,
      0,
      1,
      1,
      1
    ],
    [
      0,
      1,
      1,
      1,
      1
    ],
    [
      0,
      1,
      1,
      1,
      1
    ],
    [
      0,
      0,
      0,
      0,
      0
    ],
    [
      0,
      1,
      0,
      0,
      1
    ],
    [
      0,
      0,
      0,
      1,
      0
    ],
    [
      0,
      1,
      1,
      1,
      0
    ],
    [
      1,
      1,
      1,
      1,
      0
    ],
    [
      0,
      0,
      0,
      0,
      0
    ],
    [
      1,
      1,
      1,
      1,
      1
    ],
    [
      0,
      1,
      1,
      1,
      1
    ],
    [
      0,
      1,
      0,
      0,
      1
    ],
    [
      0,
      0,
      0,
      0,
      0
    ],
    [
      0,
      0,
      1,
      0,
      1
    ],
    [
      1,
      1,
      0,
      1,
      1
    ]
  ],
  "assortments": [
    [
      0,
      0,
      0,
      0,
      0
    ],
    [
      0,
      0,
      0,
      0,
      1
    ],
    [
      0,
      0,
      0,
      1,
      0
    ],
    [
      0,
      0,
      0,
      1,
      1
    ],
    [
      0,
      0,
      1,
      0,
      0
    ],
    [
      0,
      0,
      1,
      0,
      1
    ],
    [
      0,
      0,
      1,
      1,
      0
    ],
    [
      0,
      0,
      1,
      1,
      1
    ],
    [
      0,
      1,
      0,
      0,
      0
    ],
    [
      0,
      1,
      0,
      0,
      1
    ],
    [
      0,
      1,
      0,
      1,
      0
    ],
    [
      0,
      1,
      0,
      1,
      1
    ],
    [
      0,
      1,
      1,
      0,
      0
    ],
    [
      0,
      1,
      1,
      0,
      1
    ],
    [
      0,
      1,
      1,
      1,
      0
    ],
    [
      0,
      1,
      1,
      1,
      1
    ],
    [
      1,
      0,
      0,
      0,
      0
    ],
    [
      1,
      0,
      0,
      0,
      1
    ],
    [
      1,
      0,
      0,
      1,
      0
    ],
    [
      1,
      0,
      0,
      1,
      1
    ],
    [
      1,
      0,
      1,
      0,
      0
    ],
    [
      1,
      0,
      1,
      0,
      1
    ],
    [
      1,
      0,
      1,
      1,
      0
    ],
    [
      1,
      0,
      1,
      1,
      1
    ],
    [
      1,
      1,
      0,
      0,
      0
    ],
    [
      1,
      1,
      0,
      0,
      1
    ],
    [
      1,
      1,
      0,
      1,
      0
    ],
    [
      1,
      1,
      0,
      1,
      1
    ],
    [
      1,
      1,
      1,
      0,
      0
    ],
    [
      1,
      1,
      1,
      0,
      1
    ],
    [
      1,
      1,
      1,
      1,
      0
    ],
    [
      1,
      1,
      1,
      1,
      1
    ]
  ]
}