{
  "solver_status": 2,
  "feasible": true,
  "mb_formulation_version": 5,
  "runtime": 106.74957585334778,
  "wall_time": 106.75134682655334,
  "mip_gap": 0.00980302061326712,
  "objective": 1.6105586355258459,
  "bundle_space_size": 32,
  "policy_scope": "full_bundle_prices",
  "bundle_prices": {
    "0": 0.0,
    "3": 18.099307731057173,
    "6": 13.473970284796781,
    "7": 23.398670662262386,
    "11": 21.55118079222202,
    "12": 9.334391280571337,
    "13": 19.31465677057674,
    "15": 26.45782469881424,
    "18": 9.34216215577256,
    "19": 19.74354590144814,
    "23": 25.023904263965186,
    "25": 15.3809747936367,
    "26": 13.179982214853958,
    "27": 22.7304821692851,
    "29": 20.28748088947522,
    "30": 18.17828348735357,
    "31": 27.75049041181398
  },
  "bundle_prices_full": {
    "0": 0.0,
    "1": 24.114797912657938,
    "2": 29.21479791265791,
    "3": 18.099307731057173,
    "4": 29.21479791255153,
    "5": 16.216690085401247,
    "6": 13.473970284796781,
    "7": 23.398670662262386,
    "8": 4.074000676269974,
    "9": 14.468978459486305,
    "10": 11.765025053674023,
    "11": 21.55118079222202,
    "12": 9.334391280571337,
    "13": 19.31465677057674,
    "14": 17.04722166091935,
    "15": 26.45782469881424,
    "16": 10.683778532675131,
    "17": 21.800468618076415,
    "18": 9.34216215577256,
    "19": 19.74354590144814,
    "20": 7.58590246778939,
    "21": 26.900468618076378,
    "22": 15.137570336662769,
    "23": 25.023904263965186,
    "24": 5.410013818933757,
    "25": 15.3809747936367,
    "26": 13.179982214853958,
    "27": 22.7304821692851,
    "28": 10.771945633265162,
    "29": 20.28748088947522,
    "30": 18.17828348735357,
    "31": 27.75049041181398
  },
  "bundle_prices_selected": {
    "0": 0.0,
    "3": 18.099307731057173,
    "6": 13.473970284796781,
    "7": 23.398670662262386,
    "11": 21.55118079222202,
    "12": 9.334391280571337,
    "13": 19.31465677057674,
    "15": 26.45782469881424,
    "18": 9.34216215577256,
    "19": 19.74354590144814,
    "23": 25.023904263965186,
    "25": 15.3809747936367,
    "26": 13.179982214853958,
    "27": 22.7304821692851,
    "29": 20.28748088947522,
    "30": 18.17828348735357,
    "31": 27.75049041181398
  },
  "chosen_bundle_idx_by_customer": [
    15,
    29,
    6,
    18,
    15,
    0,
    15,
    0,
    31,
    31,
    12,
    3,
    15,
    15,
    18,
    31,
    11,
    15,
    29,
    23,
    15,
    29,
    0,
    15,
    7,
    18,
    29,
    29,
    13,
    12,
    25,
    31,
    7,
    6,
    19,
    27,
    0,
    23,
    15,
    6,
    29,
    0,
    15,
    0,
    29,
    26,
    3,
    29,
    30,
    15
  ],
  "chosen_product_matrix": [
    [
      0,
      1,
      1,
      1,
      1
    ],
    [
      1,
      1,
      1,
      0,
      1
    ],
    [
      0,
      0,
      1,
      1,
      0
    ],
    [
      1,
      0,
      0,
      1,
      0
    ],
    [
      0,
      1,
      1,
      1,
      1
    ],
    [
      0,
      0,
      0,
      0,
      0
    ],
    [
      0,
      1,
      1,
      1,
      1
    ],
    [
      0,
      0,
      0,
      0,
      0
    ],
    [
      1,
      1,
      1,
      1,
      1
    ],
    [
      1,
      1,
      1,
      1,
      1
    ],
    [
      0,
      1,
      1,
      0,
      0
    ],
    [
      0,
      0,
      0,
      1,
      1
    ],
    [
      0,
      1,
      1,
      1,
      1
    ],
    [
      0,
      1,
      1,
      1,
      1
    ],
    [
      1,
      0,
      0,
      1,
      0
    ],
    [
      1,
      1,
      1,
      1,
      1
    ],
    [
      0,
      1,
      0,
      1,
      1
    ],
    [
      0,
      1,
      1,
      1,
      1
    ],
    [
      1,
      1,
      1,
      0,
      1
    ],
    [
      1,
      0,
      1,
      1,
      1
    ],
    [
      0,
      1,
      1,
      1,
      1
    ],
    [
      1,
      1,
      1,
      0,
      1
    ],
    [
      0,
      0,
      0,
      0,
      0
    ],
    [
      0,
      1,
      1,
      1,
      1
    ],
    [
      0,
      0,
      1,
      1,
      1
    ],
    [
      1,
      0,
      0,
      1,
      0
    ],
    [
      1,
      1,
      1,
      0,
      1
    ],
    [
      1,
      1,
      1,
      0,
      1
    ],
    [
      0,
      1,
      1,
      0,
      1
    ],
    [
      0,
      1,
      1,
      0,
      0
    ],
    [
      1,
      1,
      0,
      0,
      1
    ],
    [
      1,
      1,
      1,
      1,
      1
    ],
    [
      0,
      0,
      1,
      1,
      1
    ],
    [
      0,
      0,
      1,
      1,
      0
    ],
    [
      1,
      0,
      0,
      1,
      1
    ],
    [
      1,
      1,
      0,
      1,
      1
    ],
    [
      0,
      0,
      0,
      0,
      0
    ],
    [
      1,
      0,
      1,
      1,
      1
    ],
    [
      0,
      1,
      1,
      1,
      1
    ],
    [
      0,
      0,
      1,
      1,
      0
    ],
    [
      1,
      1,
      1,
      0,
      1
    ],
    [
      0,
      0,
      0,
      0,
      0
    ],
    [
      0,
      1,
      1,
      1,
      1
    ],
    [
      0,
      0,
      0,
      0,
      0
    ],
    [
      1,
      1,
      1,
      0,
      1
    ],
    [
      1,
      1,
      0,
      1,
      0
    ],
    [
      0,
      0,
      0,
      1,
      1
    ],
    [
      1,
      1,
      1,
      0,
      1
    ],
    [
      1,
      1,
      1,
      1,
      0
    ],
    [
      0,
      1,
      1,
      1,
      1
    ]
  ],
  "assortments": [
    [
      0,
      0,
      0,
      0,
      0
    ],
    [
      0,
      0,
      0,
      0,
      1
    ],
    [
      0,
      0,
      0,
      1,
      0
    ],
    [
      0,
      0,
      0,
      1,
      1
    ],
    [
      0,
      0,
      1,
      0,
      0
    ],
    [
      0,
      0,
      1,
      0,
      1
    ],
    [
      0,
      0,
      1,
      1,
      0
    ],
    [
      0,
      0,
      1,
      1,
      1
    ],
    [
      0,
      1,
      0,
      0,
      0
    ],
    [
      0,
      1,
      0,
      0,
      1
    ],
    [
      0,
      1,
      0,
      1,
      0
    ],
    [
      0,
      1,
      0,
      1,
      1
    ],
    [
      0,
      1,
      1,
      0,
      0
    ],
    [
      0,
      1,
      1,
      0,
      1
    ],
    [
      0,
      1,
      1,
      1,
      0
    ],
    [
      0,
      1,
      1,
      1,
      1
    ],
    [
      1,
      0,
      0,
      0,
      0
    ],
    [
      1,
      0,
      0,
      0,
      1
    ],
    [
      1,
      0,
      0,
      1,
      0
    ],
    [
      1,
      0,
      0,
      1,
      1
    ],
    [
      1,
      0,
      1,
      0,
      0
    ],
    [
      1,
      0,
      1,
      0,
      1
    ],
    [
      1,
      0,
      1,
      1,
      0
    ],
    [
      1,
      0,
      1,
      1,
      1
    ],
    [
      1,
      1,
      0,
      0,
      0
    ],
    [
      1,
      1,
      0,
      0,
      1
    ],
    [
      1,
      1,
      0,
      1,
      0
    ],
    [
      1,
      1,
      0,
      1,
      1
    ],
    [
      1,
      1,
      1,
      0,
      0
    ],
    [
      1,
      1,
      1,
      0,
      1
    ],
    [
      1,
      1,
      1,
      1,
      0
    ],
    [
      1,
      1,
      1,
      1,
      1
    ]
  ]
}