{
  "solver_status": 9,
  "feasible": true,
  "mb_formulation_version": 5,
  "runtime": 300.00906014442444,
  "wall_time": 300.0108230113983,
  "mip_gap": 0.013426215583082537,
  "objective": 1.7168299456119036,
  "bundle_space_size": 32,
  "policy_scope": "full_bundle_prices",
  "bundle_prices": {
    "0": 0.0,
    "1": 10.27907303163073,
    "2": 7.9869796094970456,
    "7": 23.837522665691857,
    "9": 13.975803633899119,
    "11": 21.456318782190507,
    "13": 19.351851266146657,
    "15": 26.972248922719082,
    "21": 17.20820775911807,
    "23": 24.817134205344065,
    "26": 12.962054309080305,
    "27": 22.63453916525462,
    "28": 10.6389558308755,
    "29": 20.099053347351365,
    "30": 18.625935440372658,
    "31": 27.96055936243223
  },
  "bundle_prices_full": {
    "0": 0.0,
    "1": 10.27907303163073,
    "2": 7.9869796094970456,
    "3": 18.25534738938395,
    "4": 21.878946287012464,
    "5": 29.594338630279694,
    "6": 29.594338630279708,
    "7": 23.837522665691857,
    "8": 28.37746214919998,
    "9": 13.975803633899119,
    "10": 28.377462149199985,
    "11": 21.456318782190507,
    "12": 25.72291085136129,
    "13": 19.351851266146657,
    "14": 17.556375453678427,
    "15": 26.972248922719082,
    "16": 24.91819071571312,
    "17": 28.00648522508991,
    "18": 18.537859043346838,
    "19": 28.00648522508991,
    "20": 15.61151782154963,
    "21": 17.20820775911807,
    "22": 15.280019659095048,
    "23": 24.817134205344065,
    "24": 15.060697089363392,
    "25": 14.919146821987145,
    "26": 12.962054309080305,
    "27": 22.63453916525462,
    "28": 10.6389558308755,
    "29": 20.099053347351365,
    "30": 18.625935440372658,
    "31": 27.96055936243223
  },
  "bundle_prices_selected": {
    "0": 0.0,
    "1": 10.27907303163073,
    "2": 7.9869796094970456,
    "7": 23.837522665691857,
    "9": 13.975803633899119,
    "11": 21.456318782190507,
    "13": 19.351851266146657,
    "15": 26.972248922719082,
    "21": 17.20820775911807,
    "23": 24.817134205344065,
    "26": 12.962054309080305,
    "27": 22.63453916525462,
    "28": 10.6389558308755,
    "29": 20.099053347351365,
    "30": 18.625935440372658,
    "31": 27.96055936243223
  },
  "chosen_bundle_idx_by_customer": [
    11,
    31,
    11,
    29,
    29,
    31,
    11,
    1,
    31,
    29,
    15,
    2,
    7,
    0,
    31,
    13,
    2,
    29,
    21,
    0,
    15,
    9,
    13,
    26,
    26,
    30,
    1,
    31,
    29,
    2,
    28,
    1,
    0,
    7,
    11,
    0,
    31,
    31,
    27,
    23,
    27,
    29,
    23,
    23,
    13,
    1,
    2,
    23,
    15,
    9
  ],
  "chosen_product_matrix": [
    [
      0,
      1,
      0,
      1,
      1
    ],
    [
      1,
      1,
      1,
      1,
      1
    ],
    [
      0,
      1,
      0,
      1,
      1
    ],
    [
      1,
      1,
      1,
      0,
      1
    ],
    [
      1,
      1,
      1,
      0,
      1
    ],
    [
      1,
      1,
      1,
      1,
      1
    ],
    [
      0,
      1,
      0,
      1,
      1
    ],
    [
      0,
      0,
      0,
      0,
      1
    ],
    [
      1,
      1,
      1,
      1,
      1
    ],
    [
      1,
      1,
      1,
      0,
      1
    ],
    [
      0,
      1,
      1,
      1,
      1
    ],
    [
      0,
      0,
      0,
      1,
      0
    ],
    [
      0,
      0,
      1,
      1,
      1
    ],
    [
      0,
      0,
      0,
      0,
      0
    ],
    [
      1,
      1,
      1,
      1,
      1
    ],
    [
      0,
      1,
      1,
      0,
      1
    ],
    [
      0,
      0,
      0,
      1,
      0
    ],
    [
      1,
      1,
      1,
      0,
      1
    ],
    [
      1,
      0,
      1,
      0,
      1
    ],
    [
      0,
      0,
      0,
      0,
      0
    ],
    [
      0,
      1,
      1,
      1,
      1
    ],
    [
      0,
      1,
      0,
      0,
      1
    ],
    [
      0,
      1,
      1,
      0,
      1
    ],
    [
      1,
      1,
      0,
      1,
      0
    ],
    [
      1,
      1,
      0,
      1,
      0
    ],
    [
      1,
      1,
      1,
      1,
      0
    ],
    [
      0,
      0,
      0,
      0,
      1
    ],
    [
      1,
      1,
      1,
      1,
      1
    ],
    [
      1,
      1,
      1,
      0,
      1
    ],
    [
      0,
      0,
      0,
      1,
      0
    ],
    [
      1,
      1,
      1,
      0,
      0
    ],
    [
      0,
      0,
      0,
      0,
      1
    ],
    [
      0,
      0,
      0,
      0,
      0
    ],
    [
      0,
      0,
      1,
      1,
      1
    ],
    [
      0,
      1,
      0,
      1,
      1
    ],
    [
      0,
      0,
      0,
      0,
      0
    ],
    [
      1,
      1,
      1,
      1,
      1
    ],
    [
      1,
      1,
      1,
      1,
      1
    ],
    [
      1,
      1,
      0,
      1,
      1
    ],
    [
      1,
      0,
      1,
      1,
      1
    ],
    [
      1,
      1,
      0,
      1,
      1
    ],
    [
      1,
      1,
      1,
      0,
      1
    ],
    [
      1,
      0,
      1,
      1,
      1
    ],
    [
      1,
      0,
      1,
      1,
      1
    ],
    [
      0,
      1,
      1,
      0,
      1
    ],
    [
      0,
      0,
      0,
      0,
      1
    ],
    [
      0,
      0,
      0,
      1,
      0
    ],
    [
      1,
      0,
      1,
      1,
      1
    ],
    [
      0,
      1,
      1,
      1,
      1
    ],
    [
      0,
      1,
      0,
      0,
      1
    ]
  ],
  "assortments": [
    [
      0,
      0,
      0,
      0,
      0
    ],
    [
      0,
      0,
      0,
      0,
      1
    ],
    [
      0,
      0,
      0,
      1,
      0
    ],
    [
      0,
      0,
      0,
      1,
      1
    ],
    [
      0,
      0,
      1,
      0,
      0
    ],
    [
      0,
      0,
      1,
      0,
      1
    ],
    [
      0,
      0,
      1,
      1,
      0
    ],
    [
      0,
      0,
      1,
      1,
      1
    ],
    [
      0,
      1,
      0,
      0,
      0
    ],
    [
      0,
      1,
      0,
      0,
      1
    ],
    [
      0,
      1,
      0,
      1,
      0
    ],
    [
      0,
      1,
      0,
      1,
      1
    ],
    [
      0,
      1,
      1,
      0,
      0
    ],
    [
      0,
      1,
      1,
      0,
      1
    ],
    [
      0,
      1,
      1,
      1,
      0
    ],
    [
      0,
      1,
      1,
      1,
      1
    ],
    [
      1,
      0,
      0,
      0,
      0
    ],
    [
      1,
      0,
      0,
      0,
      1
    ],
    [
      1,
      0,
      0,
      1,
      0
    ],
    [
      1,
      0,
      0,
      1,
      1
    ],
    [
      1,
      0,
      1,
      0,
      0
    ],
    [
      1,
      0,
      1,
      0,
      1
    ],
    [
      1,
      0,
      1,
      1,
      0
    ],
    [
      1,
      0,
      1,
      1,
      1
    ],
    [
      1,
      1,
      0,
      0,
      0
    ],
    [
      1,
      1,
      0,
      0,
      1
    ],
    [
      1,
      1,
      0,
      1,
      0
    ],
    [
      1,
      1,
      0,
      1,
      1
    ],
    [
      1,
      1,
      1,
      0,
      0
    ],
    [
      1,
      1,
      1,
      0,
      1
    ],
    [
      1,
      1,
      1,
      1,
      0
    ],
    [
      1,
      1,
      1,
      1,
      1
    ]
  ]
}