{
  "solver_status": 9,
  "feasible": true,
  "mb_formulation_version": 5,
  "runtime": 300.00889897346497,
  "wall_time": 300.0106587409973,
  "mip_gap": 0.011656708060219984,
  "objective": 1.5056585485676264,
  "bundle_space_size": 32,
  "policy_scope": "full_bundle_prices",
  "bundle_prices": {
    "0": 0.0,
    "1": 10.11816754216385,
    "3": 17.916459777604828,
    "5": 15.824253194137055,
    "7": 23.898205642129344,
    "9": 13.409532619949802,
    "11": 21.59193959671108,
    "15": 27.401673385711796,
    "17": 11.257433079462325,
    "18": 9.17831583505382,
    "21": 16.78928182984044,
    "22": 14.899676804364796,
    "23": 24.723476429451935,
    "24": 4.487997206334725,
    "25": 14.563124646324663,
    "27": 22.404456983939554,
    "28": 10.470329682480838,
    "29": 20.215816026512595,
    "30": 18.327925279201107,
    "31": 27.623518653390825
  },
  "bundle_prices_full": {
    "0": 0.0,
    "1": 10.11816754216385,
    "2": 8.424737169145805,
    "3": 17.916459777604828,
    "4": 19.581252948322618,
    "5": 15.824253194137055,
    "6": 14.406483033670302,
    "7": 23.898205642129344,
    "8": 20.255046272664828,
    "9": 13.409532619949802,
    "10": 21.48004546193621,
    "11": 21.59193959671108,
    "12": 10.088466858063583,
    "13": 19.868426827158874,
    "14": 17.621713416616505,
    "15": 27.401673385711796,
    "16": 18.511893889389974,
    "17": 11.257433079462325,
    "18": 9.17831583505382,
    "19": 19.231124435933406,
    "20": 6.891259781957064,
    "21": 16.78928182984044,
    "22": 14.899676804364796,
    "23": 24.723476429451935,
    "24": 4.487997206334725,
    "25": 14.563124646324663,
    "26": 12.446149248833184,
    "27": 22.404456983939554,
    "28": 10.470329682480838,
    "29": 20.215816026512595,
    "30": 18.327925279201107,
    "31": 27.623518653390825
  },
  "bundle_prices_selected": {
    "0": 0.0,
    "1": 10.11816754216385,
    "3": 17.916459777604828,
    "5": 15.824253194137055,
    "7": 23.898205642129344,
    "9": 13.409532619949802,
    "11": 21.59193959671108,
    "15": 27.401673385711796,
    "17": 11.257433079462325,
    "18": 9.17831583505382,
    "21": 16.78928182984044,
    "22": 14.899676804364796,
    "23": 24.723476429451935,
    "24": 4.487997206334725,
    "25": 14.563124646324663,
    "27": 22.404456983939554,
    "28": 10.470329682480838,
    "29": 20.215816026512595,
    "30": 18.327925279201107,
    "31": 27.623518653390825
  },
  "chosen_bundle_idx_by_customer": [
    17,
    0,
    28,
    31,
    31,
    17,
    31,
    24,
    24,
    31,
    31,
    7,
    28,
    25,
    22,
    30,
    27,
    0,
    3,
    21,
    31,
    29,
    15,
    17,
    31,
    0,
    31,
    31,
    0,
    21,
    9,
    31,
    0,
    9,
    5,
    21,
    17,
    11,
    15,
    23,
    31,
    31,
    1,
    0,
    17,
    31,
    31,
    31,
    18,
    5
  ],
  "chosen_product_matrix": [
    [
      1,
      0,
      0,
      0,
      1
    ],
    [
      0,
      0,
      0,
      0,
      0
    ],
    [
      1,
      1,
      1,
      0,
      0
    ],
    [
      1,
      1,
      1,
      1,
      1
    ],
    [
      1,
      1,
      1,
      1,
      1
    ],
    [
      1,
      0,
      0,
      0,
      1
    ],
    [
      1,
      1,
      1,
      1,
      1
    ],
    [
      1,
      1,
      0,
      0,
      0
    ],
    [
      1,
      1,
      0,
      0,
      0
    ],
    [
      1,
      1,
      1,
      1,
      1
    ],
    [
      1,
      1,
      1,
      1,
      1
    ],
    [
      0,
      0,
      1,
      1,
      1
    ],
    [
      1,
      1,
      1,
      0,
      0
    ],
    [
      1,
      1,
      0,
      0,
      1
    ],
    [
      1,
      0,
      1,
      1,
      0
    ],
    [
      1,
      1,
      1,
      1,
      0
    ],
    [
      1,
      1,
      0,
      1,
      1
    ],
    [
      0,
      0,
      0,
      0,
      0
    ],
    [
      0,
      0,
      0,
      1,
      1
    ],
    [
      1,
      0,
      1,
      0,
      1
    ],
    [
      1,
      1,
      1,
      1,
      1
    ],
    [
      1,
      1,
      1,
      0,
      1
    ],
    [
      0,
      1,
      1,
      1,
      1
    ],
    [
      1,
      0,
      0,
      0,
      1
    ],
    [
      1,
      1,
      1,
      1,
      1
    ],
    [
      0,
      0,
      0,
      0,
      0
    ],
    [
      1,
      1,
      1,
      1,
      1
    ],
    [
      1,
      1,
      1,
      1,
      1
    ],
    [
      0,
      0,
      0,
      0,
      0
    ],
    [
      1,
      0,
      1,
      0,
      1
    ],
    [
      0,
      1,
      0,
      0,
      1
    ],
    [
      1,
      1,
      1,
      1,
      1
    ],
    [
      0,
      0,
      0,
      0,
      0
    ],
    [
      0,
      1,
      0,
      0,
      1
    ],
    [
      0,
      0,
      1,
      0,
      1
    ],
    [
      1,
      0,
      1,
      0,
      1
    ],
    [
      1,
      0,
      0,
      0,
      1
    ],
    [
      0,
      1,
      0,
      1,
      1
    ],
    [
      0,
      1,
      1,
      1,
      1
    ],
    [
      1,
      0,
      1,
      1,
      1
    ],
    [
      1,
      1,
      1,
      1,
      1
    ],
    [
      1,
      1,
      1,
      1,
      1
    ],
    [
      0,
      0,
      0,
      0,
      1
    ],
    [
      0,
      0,
      0,
      0,
      0
    ],
    [
      1,
      0,
      0,
      0,
      1
    ],
    [
      1,
      1,
      1,
      1,
      1
    ],
    [
      1,
      1,
      1,
      1,
      1
    ],
    [
      1,
      1,
      1,
      1,
      1
    ],
    [
      1,
      0,
      0,
      1,
      0
    ],
    [
      0,
      0,
      1,
      0,
      1
    ]
  ],
  "assortments": [
    [
      0,
      0,
      0,
      0,
      0
    ],
    [
      0,
      0,
      0,
      0,
      1
    ],
    [
      0,
      0,
      0,
      1,
      0
    ],
    [
      0,
      0,
      0,
      1,
      1
    ],
    [
      0,
      0,
      1,
      0,
      0
    ],
    [
      0,
      0,
      1,
      0,
      1
    ],
    [
      0,
      0,
      1,
      1,
      0
    ],
    [
      0,
      0,
      1,
      1,
      1
    ],
    [
      0,
      1,
      0,
      0,
      0
    ],
    [
      0,
      1,
      0,
      0,
      1
    ],
    [
      0,
      1,
      0,
      1,
      0
    ],
    [
      0,
      1,
      0,
      1,
      1
    ],
    [
      0,
      1,
      1,
      0,
      0
    ],
    [
      0,
      1,
      1,
      0,
      1
    ],
    [
      0,
      1,
      1,
      1,
      0
    ],
    [
      0,
      1,
      1,
      1,
      1
    ],
    [
      1,
      0,
      0,
      0,
      0
    ],
    [
      1,
      0,
      0,
      0,
      1
    ],
    [
      1,
      0,
      0,
      1,
      0
    ],
    [
      1,
      0,
      0,
      1,
      1
    ],
    [
      1,
      0,
      1,
      0,
      0
    ],
    [
      1,
      0,
      1,
      0,
      1
    ],
    [
      1,
      0,
      1,
      1,
      0
    ],
    [
      1,
      0,
      1,
      1,
      1
    ],
    [
      1,
      1,
      0,
      0,
      0
    ],
    [
      1,
      1,
      0,
      0,
      1
    ],
    [
      1,
      1,
      0,
      1,
      0
    ],
    [
      1,
      1,
      0,
      1,
      1
    ],
    [
      1,
      1,
      1,
      0,
      0
    ],
    [
      1,
      1,
      1,
      0,
      1
    ],
    [
      1,
      1,
      1,
      1,
      0
    ],
    [
      1,
      1,
      1,
      1,
      1
    ]
  ]
}