{
  "solver_status": 2,
  "feasible": true,
  "mb_formulation_version": 5,
  "runtime": 19.578521013259888,
  "wall_time": 19.580302953720093,
  "mip_gap": 0.009496207315695853,
  "objective": 1.7012123795177791,
  "bundle_space_size": 32,
  "policy_scope": "full_bundle_prices",
  "bundle_prices": {
    "0": 0.0,
    "2": 8.198702678671658,
    "3": 18.207798060200243,
    "5": 16.480754564948953,
    "6": 14.200180162224372,
    "7": 23.761299649267194,
    "11": 22.01593590033142,
    "13": 19.199283590074135,
    "14": 17.973337926027785,
    "15": 26.814271158511733,
    "19": 19.174351629415888,
    "21": 17.290178935700073,
    "23": 24.495708465194873,
    "27": 22.83722715328586,
    "29": 20.589126846743717,
    "30": 18.99995568150353,
    "31": 27.97631771476186
  },
  "bundle_prices_full": {
    "0": 0.0,
    "1": 27.320620134645107,
    "2": 8.198702678671658,
    "3": 18.207798060200243,
    "4": 9.466856855936422,
    "5": 16.480754564948953,
    "6": 14.200180162224372,
    "7": 23.761299649267194,
    "8": 3.9934136161267038,
    "9": 25.1962581586908,
    "10": 12.191673078669922,
    "11": 22.01593590033142,
    "12": 13.460270472063126,
    "13": 19.199283590074135,
    "14": 17.973337926027785,
    "15": 26.814271158511733,
    "16": 15.465836317816073,
    "17": 14.133314115966744,
    "18": 17.56049610909168,
    "19": 19.174351629415888,
    "20": 11.487871267615454,
    "21": 17.290178935700073,
    "22": 15.018810472201489,
    "23": 24.495708465194873,
    "24": 9.157055492585771,
    "25": 17.461383109518003,
    "26": 13.592450275984374,
    "27": 22.83722715328586,
    "28": 11.018974289371764,
    "29": 20.589126846743717,
    "30": 18.99995568150353,
    "31": 27.97631771476186
  },
  "bundle_prices_selected": {
    "0": 0.0,
    "2": 8.198702678671658,
    "3": 18.207798060200243,
    "5": 16.480754564948953,
    "6": 14.200180162224372,
    "7": 23.761299649267194,
    "11": 22.01593590033142,
    "13": 19.199283590074135,
    "14": 17.973337926027785,
    "15": 26.814271158511733,
    "19": 19.174351629415888,
    "21": 17.290178935700073,
    "23": 24.495708465194873,
    "27": 22.83722715328586,
    "29": 20.589126846743717,
    "30": 18.99995568150353,
    "31": 27.97631771476186
  },
  "chosen_bundle_idx_by_customer": [
    15,
    31,
    23,
    29,
    15,
    7,
    14,
    0,
    6,
    3,
    15,
    0,
    31,
    0,
    15,
    15,
    13,
    31,
    15,
    0,
    5,
    23,
    2,
    11,
    2,
    31,
    2,
    21,
    19,
    27,
    29,
    15,
    13,
    0,
    15,
    0,
    23,
    31,
    31,
    30,
    23,
    0,
    31,
    7,
    15,
    31,
    0,
    13,
    0,
    15
  ],
  "chosen_product_matrix": [
    [
      0,
      1,
      1,
      1,
      1
    ],
    [
      1,
      1,
      1,
      1,
      1
    ],
    [
      1,
      0,
      1,
      1,
      1
    ],
    [
      1,
      1,
      1,
      0,
      1
    ],
    [
      0,
      1,
      1,
      1,
      1
    ],
    [
      0,
      0,
      1,
      1,
      1
    ],
    [
      0,
      1,
      1,
      1,
      0
    ],
    [
      0,
      0,
      0,
      0,
      0
    ],
    [
      0,
      0,
      1,
      1,
      0
    ],
    [
      0,
      0,
      0,
      1,
      1
    ],
    [
      0,
      1,
      1,
      1,
      1
    ],
    [
      0,
      0,
      0,
      0,
      0
    ],
    [
      1,
      1,
      1,
      1,
      1
    ],
    [
      0,
      0,
      0,
      0,
      0
    ],
    [
      0,
      1,
      1,
      1,
      1
    ],
    [
      0,
      1,
      1,
      1,
      1
    ],
    [
      0,
      1,
      1,
      0,
      1
    ],
    [
      1,
      1,
      1,
      1,
      1
    ],
    [
      0,
      1,
      1,
      1,
      1
    ],
    [
      0,
      0,
      0,
      0,
      0
    ],
    [
      0,
      0,
      1,
      0,
      1
    ],
    [
      1,
      0,
      1,
      1,
      1
    ],
    [
      0,
      0,
      0,
      1,
      0
    ],
    [
      0,
      1,
      0,
      1,
      1
    ],
    [
      0,
      0,
      0,
      1,
      0
    ],
    [
      1,
      1,
      1,
      1,
      1
    ],
    [
      0,
      0,
      0,
      1,
      0
    ],
    [
      1,
      0,
      1,
      0,
      1
    ],
    [
      1,
      0,
      0,
      1,
      1
    ],
    [
      1,
      1,
      0,
      1,
      1
    ],
    [
      1,
      1,
      1,
      0,
      1
    ],
    [
      0,
      1,
      1,
      1,
      1
    ],
    [
      0,
      1,
      1,
      0,
      1
    ],
    [
      0,
      0,
      0,
      0,
      0
    ],
    [
      0,
      1,
      1,
      1,
      1
    ],
    [
      0,
      0,
      0,
      0,
      0
    ],
    [
      1,
      0,
      1,
      1,
      1
    ],
    [
      1,
      1,
      1,
      1,
      1
    ],
    [
      1,
      1,
      1,
      1,
      1
    ],
    [
      1,
      1,
      1,
      1,
      0
    ],
    [
      1,
      0,
      1,
      1,
      1
    ],
    [
      0,
      0,
      0,
      0,
      0
    ],
    [
      1,
      1,
      1,
      1,
      1
    ],
    [
      0,
      0,
      1,
      1,
      1
    ],
    [
      0,
      1,
      1,
      1,
      1
    ],
    [
      1,
      1,
      1,
      1,
      1
    ],
    [
      0,
      0,
      0,
      0,
      0
    ],
    [
      0,
      1,
      1,
      0,
      1
    ],
    [
      0,
      0,
      0,
      0,
      0
    ],
    [
      0,
      1,
      1,
      1,
      1
    ]
  ],
  "assortments": [
    [
      0,
      0,
      0,
      0,
      0
    ],
    [
      0,
      0,
      0,
      0,
      1
    ],
    [
      0,
      0,
      0,
      1,
      0
    ],
    [
      0,
      0,
      0,
      1,
      1
    ],
    [
      0,
      0,
      1,
      0,
      0
    ],
    [
      0,
      0,
      1,
      0,
      1
    ],
    [
      0,
      0,
      1,
      1,
      0
    ],
    [
      0,
      0,
      1,
      1,
      1
    ],
    [
      0,
      1,
      0,
      0,
      0
    ],
    [
      0,
      1,
      0,
      0,
      1
    ],
    [
      0,
      1,
      0,
      1,
      0
    ],
    [
      0,
      1,
      0,
      1,
      1
    ],
    [
      0,
      1,
      1,
      0,
      0
    ],
    [
      0,
      1,
      1,
      0,
      1
    ],
    [
      0,
      1,
      1,
      1,
      0
    ],
    [
      0,
      1,
      1,
      1,
      1
    ],
    [
      1,
      0,
      0,
      0,
      0
    ],
    [
      1,
      0,
      0,
      0,
      1
    ],
    [
      1,
      0,
      0,
      1,
      0
    ],
    [
      1,
      0,
      0,
      1,
      1
    ],
    [
      1,
      0,
      1,
      0,
      0
    ],
    [
      1,
      0,
      1,
      0,
      1
    ],
    [
      1,
      0,
      1,
      1,
      0
    ],
    [
      1,
      0,
      1,
      1,
      1
    ],
    [
      1,
      1,
      0,
      0,
      0
    ],
    [
      1,
      1,
      0,
      0,
      1
    ],
    [
      1,
      1,
      0,
      1,
      0
    ],
    [
      1,
      1,
      0,
      1,
      1
    ],
    [
      1,
      1,
      1,
      0,
      0
    ],
    [
      1,
      1,
      1,
      0,
      1
    ],
    [
      1,
      1,
      1,
      1,
      0
    ],
    [
      1,
      1,
      1,
      1,
      1
    ]
  ]
}