{
  "solver_status": 9,
  "feasible": true,
  "mb_formulation_version": 5,
  "runtime": 300.0157570838928,
  "wall_time": 300.0175778865814,
  "mip_gap": 0.012572068412630527,
  "objective": 1.6833331338393802,
  "bundle_space_size": 32,
  "policy_scope": "full_bundle_prices",
  "bundle_prices": {
    "0": 0.0,
    "3": 18.44671827667399,
    "4": 5.7737447125060815,
    "10": 11.869407539165241,
    "11": 22.297585403058324,
    "12": 9.31416106417377,
    "13": 19.58290951482839,
    "14": 17.527983268252328,
    "15": 27.163802108162873,
    "17": 11.360535493063471,
    "20": 7.558679710174487,
    "21": 17.018585118342962,
    "22": 14.864260443430672,
    "23": 25.275640799190583,
    "27": 22.887001979847092,
    "29": 20.50485686795147,
    "31": 28.118636899177755
  },
  "bundle_prices_full": {
    "0": 0.0,
    "1": 28.94364205565993,
    "2": 13.80738414290728,
    "3": 18.44671827667399,
    "4": 5.7737447125060815,
    "5": 16.23427711157715,
    "6": 19.58112885541336,
    "7": 24.0979238801014,
    "8": 3.878004950814855,
    "9": 27.06579319366014,
    "10": 11.869407539165241,
    "11": 22.297585403058324,
    "12": 9.31416106417377,
    "13": 19.58290951482839,
    "14": 17.527983268252328,
    "15": 27.163802108162873,
    "16": 2.1225235968155722,
    "17": 11.360535493063471,
    "18": 9.520529275138305,
    "19": 19.694396077637798,
    "20": 7.558679710174487,
    "21": 17.018585118342962,
    "22": 14.864260443430672,
    "23": 25.275640799190583,
    "24": 6.000528547630427,
    "25": 15.238540443878327,
    "26": 13.125092193451545,
    "27": 22.887001979847092,
    "28": 11.436684660989343,
    "29": 20.50485686795147,
    "30": 18.525304144989878,
    "31": 28.118636899177755
  },
  "bundle_prices_selected": {
    "0": 0.0,
    "3": 18.44671827667399,
    "4": 5.7737447125060815,
    "10": 11.869407539165241,
    "11": 22.297585403058324,
    "12": 9.31416106417377,
    "13": 19.58290951482839,
    "14": 17.527983268252328,
    "15": 27.163802108162873,
    "17": 11.360535493063471,
    "20": 7.558679710174487,
    "21": 17.018585118342962,
    "22": 14.864260443430672,
    "23": 25.275640799190583,
    "27": 22.887001979847092,
    "29": 20.50485686795147,
    "31": 28.118636899177755
  },
  "chosen_bundle_idx_by_customer": [
    10,
    21,
    17,
    17,
    27,
    14,
    20,
    15,
    15,
    17,
    3,
    0,
    22,
    22,
    11,
    0,
    0,
    13,
    29,
    15,
    31,
    12,
    13,
    21,
    15,
    15,
    22,
    31,
    4,
    0,
    15,
    0,
    0,
    15,
    15,
    29,
    21,
    23,
    29,
    0,
    0,
    0,
    31,
    12,
    31,
    17,
    31,
    27,
    22,
    23
  ],
  "chosen_product_matrix": [
    [
      0,
      1,
      0,
      1,
      0
    ],
    [
      1,
      0,
      1,
      0,
      1
    ],
    [
      1,
      0,
      0,
      0,
      1
    ],
    [
      1,
      0,
      0,
      0,
      1
    ],
    [
      1,
      1,
      0,
      1,
      1
    ],
    [
      0,
      1,
      1,
      1,
      0
    ],
    [
      1,
      0,
      1,
      0,
      0
    ],
    [
      0,
      1,
      1,
      1,
      1
    ],
    [
      0,
      1,
      1,
      1,
      1
    ],
    [
      1,
      0,
      0,
      0,
      1
    ],
    [
      0,
      0,
      0,
      1,
      1
    ],
    [
      0,
      0,
      0,
      0,
      0
    ],
    [
      1,
      0,
      1,
      1,
      0
    ],
    [
      1,
      0,
      1,
      1,
      0
    ],
    [
      0,
      1,
      0,
      1,
      1
    ],
    [
      0,
      0,
      0,
      0,
      0
    ],
    [
      0,
      0,
      0,
      0,
      0
    ],
    [
      0,
      1,
      1,
      0,
      1
    ],
    [
      1,
      1,
      1,
      0,
      1
    ],
    [
      0,
      1,
      1,
      1,
      1
    ],
    [
      1,
      1,
      1,
      1,
      1
    ],
    [
      0,
      1,
      1,
      0,
      0
    ],
    [
      0,
      1,
      1,
      0,
      1
    ],
    [
      1,
      0,
      1,
      0,
      1
    ],
    [
      0,
      1,
      1,
      1,
      1
    ],
    [
      0,
      1,
      1,
      1,
      1
    ],
    [
      1,
      0,
      1,
      1,
      0
    ],
    [
      1,
      1,
      1,
      1,
      1
    ],
    [
      0,
      0,
      1,
      0,
      0
    ],
    [
      0,
      0,
      0,
      0,
      0
    ],
    [
      0,
      1,
      1,
      1,
      1
    ],
    [
      0,
      0,
      0,
      0,
      0
    ],
    [
      0,
      0,
      0,
      0,
      0
    ],
    [
      0,
      1,
      1,
      1,
      1
    ],
    [
      0,
      1,
      1,
      1,
      1
    ],
    [
      1,
      1,
      1,
      0,
      1
    ],
    [
      1,
      0,
      1,
      0,
      1
    ],
    [
      1,
      0,
      1,
      1,
      1
    ],
    [
      1,
      1,
      1,
      0,
      1
    ],
    [
      0,
      0,
      0,
      0,
      0
    ],
    [
      0,
      0,
      0,
      0,
      0
    ],
    [
      0,
      0,
      0,
      0,
      0
    ],
    [
      1,
      1,
      1,
      1,
      1
    ],
    [
      0,
      1,
      1,
      0,
      0
    ],
    [
      1,
      1,
      1,
      1,
      1
    ],
    [
      1,
      0,
      0,
      0,
      1
    ],
    [
      1,
      1,
      1,
      1,
      1
    ],
    [
      1,
      1,
      0,
      1,
      1
    ],
    [
      1,
      0,
      1,
      1,
      0
    ],
    [
      1,
      0,
      1,
      1,
      1
    ]
  ],
  "assortments": [
    [
      0,
      0,
      0,
      0,
      0
    ],
    [
      0,
      0,
      0,
      0,
      1
    ],
    [
      0,
      0,
      0,
      1,
      0
    ],
    [
      0,
      0,
      0,
      1,
      1
    ],
    [
      0,
      0,
      1,
      0,
      0
    ],
    [
      0,
      0,
      1,
      0,
      1
    ],
    [
      0,
      0,
      1,
      1,
      0
    ],
    [
      0,
      0,
      1,
      1,
      1
    ],
    [
      0,
      1,
      0,
      0,
      0
    ],
    [
      0,
      1,
      0,
      0,
      1
    ],
    [
      0,
      1,
      0,
      1,
      0
    ],
    [
      0,
      1,
      0,
      1,
      1
    ],
    [
      0,
      1,
      1,
      0,
      0
    ],
    [
      0,
      1,
      1,
      0,
      1
    ],
    [
      0,
      1,
      1,
      1,
      0
    ],
    [
      0,
      1,
      1,
      1,
      1
    ],
    [
      1,
      0,
      0,
      0,
      0
    ],
    [
      1,
      0,
      0,
      0,
      1
    ],
    [
      1,
      0,
      0,
      1,
      0
    ],
    [
      1,
      0,
      0,
      1,
      1
    ],
    [
      1,
      0,
      1,
      0,
      0
    ],
    [
      1,
      0,
      1,
      0,
      1
    ],
    [
      1,
      0,
      1,
      1,
      0
    ],
    [
      1,
      0,
      1,
      1,
      1
    ],
    [
      1,
      1,
      0,
      0,
      0
    ],
    [
      1,
      1,
      0,
      0,
      1
    ],
    [
      1,
      1,
      0,
      1,
      0
    ],
    [
      1,
      1,
      0,
      1,
      1
    ],
    [
      1,
      1,
      1,
      0,
      0
    ],
    [
      1,
      1,
      1,
      0,
      1
    ],
    [
      1,
      1,
      1,
      1,
      0
    ],
    [
      1,
      1,
      1,
      1,
      1
    ]
  ]
}