n,dist_family,rho,heterogeneity,cost_scenario,instances,status_counts,runtime_mean,drop_mean,drop_median,ratio_mean,ratio_median
5,normal,0.0,full,hvhm,1,{'TIME_LIMIT': 1},5.005331039428711,0.26063765938834005,0.26063765938834005,0.73936234061166,0.73936234061166
5,normal,0.0,full,zero,1,{'OPTIMAL': 1},0.7619287967681885,0.03670162300468249,0.03670162300468249,0.9632983769953175,0.9632983769953175
