{
  "solver_status": 9,
  "feasible": true,
  "mb_formulation_version": 5,
  "runtime": 300.01025390625,
  "wall_time": 300.01205372810364,
  "mip_gap": 0.02644080716847674,
  "objective": 1.5089282948444749,
  "bundle_space_size": 32,
  "policy_scope": "full_bundle_prices",
  "bundle_prices": {
    "0": 0.0,
    "1": 10.41212918728475,
    "4": 5.884495191269747,
    "5": 15.720595404846673,
    "7": 24.04357873243925,
    "14": 17.66410396457153,
    "15": 27.19008745955095,
    "16": 1.541117564636676,
    "19": 19.576981347632863,
    "20": 7.386702102749515,
    "21": 17.261712969483394,
    "22": 14.944262675073501,
    "23": 25.219537653230987,
    "26": 12.82523024439715,
    "27": 23.209710286552998,
    "29": 20.891597065271142,
    "30": 18.36716280570691,
    "31": 28.02682185078639
  },
  "bundle_prices_full": {
    "0": 0.0,
    "1": 10.41212918728475,
    "2": 26.26392009840514,
    "3": 29.235432900723904,
    "4": 5.884495191269747,
    "5": 15.720595404846673,
    "6": 19.484854038858522,
    "7": 24.04357873243925,
    "8": 17.75588736016265,
    "9": 27.506466222028024,
    "10": 12.209329034238817,
    "11": 22.20138853101599,
    "12": 17.352106263721616,
    "13": 25.377501867904186,
    "14": 17.66410396457153,
    "15": 27.19008745955095,
    "16": 1.541117564636676,
    "17": 11.953246751921784,
    "18": 26.751785445578577,
    "19": 19.576981347632863,
    "20": 7.386702102749515,
    "21": 17.261712969483394,
    "22": 14.944262675073501,
    "23": 25.219537653230987,
    "24": 13.143275550893485,
    "25": 22.893854412758877,
    "26": 12.82523024439715,
    "27": 23.209710286552998,
    "28": 18.29306761734689,
    "29": 20.891597065271142,
    "30": 18.36716280570691,
    "31": 28.02682185078639
  },
  "bundle_prices_selected": {
    "0": 0.0,
    "1": 10.41212918728475,
    "4": 5.884495191269747,
    "5": 15.720595404846673,
    "7": 24.04357873243925,
    "14": 17.66410396457153,
    "15": 27.19008745955095,
    "16": 1.541117564636676,
    "19": 19.576981347632863,
    "20": 7.386702102749515,
    "21": 17.261712969483394,
    "22": 14.944262675073501,
    "23": 25.219537653230987,
    "26": 12.82523024439715,
    "27": 23.209710286552998,
    "29": 20.891597065271142,
    "30": 18.36716280570691,
    "31": 28.02682185078639
  },
  "chosen_bundle_idx_by_customer": [
    14,
    0,
    21,
    31,
    29,
    31,
    5,
    15,
    0,
    15,
    15,
    31,
    31,
    22,
    7,
    22,
    26,
    31,
    22,
    1,
    31,
    1,
    30,
    31,
    0,
    0,
    4,
    19,
    20,
    27,
    31,
    0,
    5,
    19,
    0,
    31,
    26,
    1,
    31,
    0,
    5,
    5,
    0,
    0,
    16,
    16,
    23,
    16,
    0,
    0
  ],
  "chosen_product_matrix": [
    [
      0,
      1,
      1,
      1,
      0
    ],
    [
      0,
      0,
      0,
      0,
      0
    ],
    [
      1,
      0,
      1,
      0,
      1
    ],
    [
      1,
      1,
      1,
      1,
      1
    ],
    [
      1,
      1,
      1,
      0,
      1
    ],
    [
      1,
      1,
      1,
      1,
      1
    ],
    [
      0,
      0,
      1,
      0,
      1
    ],
    [
      0,
      1,
      1,
      1,
      1
    ],
    [
      0,
      0,
      0,
      0,
      0
    ],
    [
      0,
      1,
      1,
      1,
      1
    ],
    [
      0,
      1,
      1,
      1,
      1
    ],
    [
      1,
      1,
      1,
      1,
      1
    ],
    [
      1,
      1,
      1,
      1,
      1
    ],
    [
      1,
      0,
      1,
      1,
      0
    ],
    [
      0,
      0,
      1,
      1,
      1
    ],
    [
      1,
      0,
      1,
      1,
      0
    ],
    [
      1,
      1,
      0,
      1,
      0
    ],
    [
      1,
      1,
      1,
      1,
      1
    ],
    [
      1,
      0,
      1,
      1,
      0
    ],
    [
      0,
      0,
      0,
      0,
      1
    ],
    [
      1,
      1,
      1,
      1,
      1
    ],
    [
      0,
      0,
      0,
      0,
      1
    ],
    [
      1,
      1,
      1,
      1,
      0
    ],
    [
      1,
      1,
      1,
      1,
      1
    ],
    [
      0,
      0,
      0,
      0,
      0
    ],
    [
      0,
      0,
      0,
      0,
      0
    ],
    [
      0,
      0,
      1,
      0,
      0
    ],
    [
      1,
      0,
      0,
      1,
      1
    ],
    [
      1,
      0,
      1,
      0,
      0
    ],
    [
      1,
      1,
      0,
      1,
      1
    ],
    [
      1,
      1,
      1,
      1,
      1
    ],
    [
      0,
      0,
      0,
      0,
      0
    ],
    [
      0,
      0,
      1,
      0,
      1
    ],
    [
      1,
      0,
      0,
      1,
      1
    ],
    [
      0,
      0,
      0,
      0,
      0
    ],
    [
      1,
      1,
      1,
      1,
      1
    ],
    [
      1,
      1,
      0,
      1,
      0
    ],
    [
      0,
      0,
      0,
      0,
      1
    ],
    [
      1,
      1,
      1,
      1,
      1
    ],
    [
      0,
      0,
      0,
      0,
      0
    ],
    [
      0,
      0,
      1,
      0,
      1
    ],
    [
      0,
      0,
      1,
      0,
      1
    ],
    [
      0,
      0,
      0,
      0,
      0
    ],
    [
      0,
      0,
      0,
      0,
      0
    ],
    [
      1,
      0,
      0,
      0,
      0
    ],
    [
      1,
      0,
      0,
      0,
      0
    ],
    [
      1,
      0,
      1,
      1,
      1
    ],
    [
      1,
      0,
      0,
      0,
      0
    ],
    [
      0,
      0,
      0,
      0,
      0
    ],
    [
      0,
      0,
      0,
      0,
      0
    ]
  ],
  "assortments": [
    [
      0,
      0,
      0,
      0,
      0
    ],
    [
      0,
      0,
      0,
      0,
      1
    ],
    [
      0,
      0,
      0,
      1,
      0
    ],
    [
      0,
      0,
      0,
      1,
      1
    ],
    [
      0,
      0,
      1,
      0,
      0
    ],
    [
      0,
      0,
      1,
      0,
      1
    ],
    [
      0,
      0,
      1,
      1,
      0
    ],
    [
      0,
      0,
      1,
      1,
      1
    ],
    [
      0,
      1,
      0,
      0,
      0
    ],
    [
      0,
      1,
      0,
      0,
      1
    ],
    [
      0,
      1,
      0,
      1,
      0
    ],
    [
      0,
      1,
      0,
      1,
      1
    ],
    [
      0,
      1,
      1,
      0,
      0
    ],
    [
      0,
      1,
      1,
      0,
      1
    ],
    [
      0,
      1,
      1,
      1,
      0
    ],
    [
      0,
      1,
      1,
      1,
      1
    ],
    [
      1,
      0,
      0,
      0,
      0
    ],
    [
      1,
      0,
      0,
      0,
      1
    ],
    [
      1,
      0,
      0,
      1,
      0
    ],
    [
      1,
      0,
      0,
      1,
      1
    ],
    [
      1,
      0,
      1,
      0,
      0
    ],
    [
      1,
      0,
      1,
      0,
      1
    ],
    [
      1,
      0,
      1,
      1,
      0
    ],
    [
      1,
      0,
      1,
      1,
      1
    ],
    [
      1,
      1,
      0,
      0,
      0
    ],
    [
      1,
      1,
      0,
      0,
      1
    ],
    [
      1,
      1,
      0,
      1,
      0
    ],
    [
      1,
      1,
      0,
      1,
      1
    ],
    [
      1,
      1,
      1,
      0,
      0
    ],
    [
      1,
      1,
      1,
      0,
      1
    ],
    [
      1,
      1,
      1,
      1,
      0
    ],
    [
      1,
      1,
      1,
      1,
      1
    ]
  ]
}