{
  "solver_status": 2,
  "feasible": true,
  "mb_formulation_version": 5,
  "runtime": 48.03873300552368,
  "wall_time": 48.04053711891174,
  "mip_gap": 0.009074349468224061,
  "objective": 1.5250456137386021,
  "bundle_space_size": 32,
  "policy_scope": "full_bundle_prices",
  "bundle_prices": {
    "0": 0.0,
    "3": 18.047526942023307,
    "6": 13.811737425372492,
    "7": 23.274761302309344,
    "9": 13.728224214623907,
    "14": 17.43291356391369,
    "15": 26.808615644649144,
    "19": 19.38840949569856,
    "22": 15.037472656279508,
    "23": 24.613867665933647,
    "24": 5.408060064103049,
    "27": 22.53790298744309,
    "28": 11.436115543675871,
    "29": 20.563227019286305,
    "30": 18.515681847906173,
    "31": 27.784101338766053
  },
  "bundle_prices_full": {
    "0": 0.0,
    "1": 19.823938703974164,
    "2": 24.73817855675497,
    "3": 18.047526942023307,
    "4": 20.753622384229278,
    "5": 22.290588704139626,
    "6": 13.811737425372492,
    "7": 23.274761302309344,
    "8": 20.68827552176282,
    "9": 13.728224214623907,
    "10": 11.750302558372272,
    "11": 24.738178556751276,
    "12": 16.46429923509287,
    "13": 22.29058870413683,
    "14": 17.43291356391369,
    "15": 26.808615644649144,
    "16": 9.422442502647783,
    "17": 18.295705191154056,
    "18": 16.51931875709945,
    "19": 19.38840949569856,
    "20": 14.071728904484111,
    "21": 19.89801837352807,
    "22": 15.037472656279508,
    "23": 24.613867665933647,
    "24": 5.408060064103049,
    "25": 18.295705191150365,
    "26": 13.075264070577678,
    "27": 22.53790298744309,
    "28": 11.436115543675871,
    "29": 20.563227019286305,
    "30": 18.515681847906173,
    "31": 27.784101338766053
  },
  "bundle_prices_selected": {
    "0": 0.0,
    "3": 18.047526942023307,
    "6": 13.811737425372492,
    "7": 23.274761302309344,
    "9": 13.728224214623907,
    "14": 17.43291356391369,
    "15": 26.808615644649144,
    "19": 19.38840949569856,
    "22": 15.037472656279508,
    "23": 24.613867665933647,
    "24": 5.408060064103049,
    "27": 22.53790298744309,
    "28": 11.436115543675871,
    "29": 20.563227019286305,
    "30": 18.515681847906173,
    "31": 27.784101338766053
  },
  "chosen_bundle_idx_by_customer": [
    0,
    29,
    3,
    31,
    7,
    6,
    31,
    9,
    3,
    23,
    27,
    0,
    7,
    22,
    7,
    31,
    0,
    24,
    29,
    27,
    14,
    31,
    19,
    15,
    30,
    7,
    0,
    0,
    0,
    29,
    0,
    31,
    28,
    0,
    7,
    9,
    27,
    29,
    7,
    23,
    31,
    7,
    0,
    31,
    15,
    0,
    7,
    27,
    31,
    0
  ],
  "chosen_product_matrix": [
    [
      0,
      0,
      0,
      0,
      0
    ],
    [
      1,
      1,
      1,
      0,
      1
    ],
    [
      0,
      0,
      0,
      1,
      1
    ],
    [
      1,
      1,
      1,
      1,
      1
    ],
    [
      0,
      0,
      1,
      1,
      1
    ],
    [
      0,
      0,
      1,
      1,
      0
    ],
    [
      1,
      1,
      1,
      1,
      1
    ],
    [
      0,
      1,
      0,
      0,
      1
    ],
    [
      0,
      0,
      0,
      1,
      1
    ],
    [
      1,
      0,
      1,
      1,
      1
    ],
    [
      1,
      1,
      0,
      1,
      1
    ],
    [
      0,
      0,
      0,
      0,
      0
    ],
    [
      0,
      0,
      1,
      1,
      1
    ],
    [
      1,
      0,
      1,
      1,
      0
    ],
    [
      0,
      0,
      1,
      1,
      1
    ],
    [
      1,
      1,
      1,
      1,
      1
    ],
    [
      0,
      0,
      0,
      0,
      0
    ],
    [
      1,
      1,
      0,
      0,
      0
    ],
    [
      1,
      1,
      1,
      0,
      1
    ],
    [
      1,
      1,
      0,
      1,
      1
    ],
    [
      0,
      1,
      1,
      1,
      0
    ],
    [
      1,
      1,
      1,
      1,
      1
    ],
    [
      1,
      0,
      0,
      1,
      1
    ],
    [
      0,
      1,
      1,
      1,
      1
    ],
    [
      1,
      1,
      1,
      1,
      0
    ],
    [
      0,
      0,
      1,
      1,
      1
    ],
    [
      0,
      0,
      0,
      0,
      0
    ],
    [
      0,
      0,
      0,
      0,
      0
    ],
    [
      0,
      0,
      0,
      0,
      0
    ],
    [
      1,
      1,
      1,
      0,
      1
    ],
    [
      0,
      0,
      0,
      0,
      0
    ],
    [
      1,
      1,
      1,
      1,
      1
    ],
    [
      1,
      1,
      1,
      0,
      0
    ],
    [
      0,
      0,
      0,
      0,
      0
    ],
    [
      0,
      0,
      1,
      1,
      1
    ],
    [
      0,
      1,
      0,
      0,
      1
    ],
    [
      1,
      1,
      0,
      1,
      1
    ],
    [
      1,
      1,
      1,
      0,
      1
    ],
    [
      0,
      0,
      1,
      1,
      1
    ],
    [
      1,
      0,
      1,
      1,
      1
    ],
    [
      1,
      1,
      1,
      1,
      1
    ],
    [
      0,
      0,
      1,
      1,
      1
    ],
    [
      0,
      0,
      0,
      0,
      0
    ],
    [
      1,
      1,
      1,
      1,
      1
    ],
    [
      0,
      1,
      1,
      1,
      1
    ],
    [
      0,
      0,
      0,
      0,
      0
    ],
    [
      0,
      0,
      1,
      1,
      1
    ],
    [
      1,
      1,
      0,
      1,
      1
    ],
    [
      1,
      1,
      1,
      1,
      1
    ],
    [
      0,
      0,
      0,
      0,
      0
    ]
  ],
  "assortments": [
    [
      0,
      0,
      0,
      0,
      0
    ],
    [
      0,
      0,
      0,
      0,
      1
    ],
    [
      0,
      0,
      0,
      1,
      0
    ],
    [
      0,
      0,
      0,
      1,
      1
    ],
    [
      0,
      0,
      1,
      0,
      0
    ],
    [
      0,
      0,
      1,
      0,
      1
    ],
    [
      0,
      0,
      1,
      1,
      0
    ],
    [
      0,
      0,
      1,
      1,
      1
    ],
    [
      0,
      1,
      0,
      0,
      0
    ],
    [
      0,
      1,
      0,
      0,
      1
    ],
    [
      0,
      1,
      0,
      1,
      0
    ],
    [
      0,
      1,
      0,
      1,
      1
    ],
    [
      0,
      1,
      1,
      0,
      0
    ],
    [
      0,
      1,
      1,
      0,
      1
    ],
    [
      0,
      1,
      1,
      1,
      0
    ],
    [
      0,
      1,
      1,
      1,
      1
    ],
    [
      1,
      0,
      0,
      0,
      0
    ],
    [
      1,
      0,
      0,
      0,
      1
    ],
    [
      1,
      0,
      0,
      1,
      0
    ],
    [
      1,
      0,
      0,
      1,
      1
    ],
    [
      1,
      0,
      1,
      0,
      0
    ],
    [
      1,
      0,
      1,
      0,
      1
    ],
    [
      1,
      0,
      1,
      1,
      0
    ],
    [
      1,
      0,
      1,
      1,
      1
    ],
    [
      1,
      1,
      0,
      0,
      0
    ],
    [
      1,
      1,
      0,
      0,
      1
    ],
    [
      1,
      1,
      0,
      1,
      0
    ],
    [
      1,
      1,
      0,
      1,
      1
    ],
    [
      1,
      1,
      1,
      0,
      0
    ],
    [
      1,
      1,
      1,
      0,
      1
    ],
    [
      1,
      1,
      1,
      1,
      0
    ],
    [
      1,
      1,
      1,
      1,
      1
    ]
  ]
}