{
  "solver_status": 2,
  "feasible": true,
  "mb_formulation_version": 5,
  "runtime": 56.47694802284241,
  "wall_time": 56.47874212265015,
  "mip_gap": 0.00995378264593805,
  "objective": 1.5835870194360158,
  "bundle_space_size": 32,
  "policy_scope": "full_bundle_prices",
  "bundle_prices": {
    "0": 0.0,
    "1": 10.462637631741563,
    "4": 6.381357821090635,
    "7": 23.81706348306166,
    "13": 19.611843623725225,
    "14": 17.201836919058888,
    "15": 27.14360281976736,
    "17": 11.484075362616359,
    "18": 9.412743419061044,
    "19": 19.17035044850062,
    "22": 14.978330445954406,
    "23": 24.867154651618712,
    "24": 5.35439022045869,
    "27": 22.780178329566144,
    "29": 20.742188502773214,
    "30": 18.444447471024944,
    "31": 27.959182357634667
  },
  "bundle_prices_full": {
    "0": 0.0,
    "1": 10.462637631741563,
    "2": 8.487748254247304,
    "3": 18.61516373964204,
    "4": 6.381357821090635,
    "5": 16.843995452832196,
    "6": 13.920842861875098,
    "7": 23.81706348306166,
    "8": 19.678319550524503,
    "9": 22.046213958439147,
    "10": 12.070230250840092,
    "11": 21.802845818915124,
    "12": 24.413026623009607,
    "13": 19.611843623725225,
    "14": 17.201836919058888,
    "15": 27.14360281976736,
    "16": 16.670319303490956,
    "17": 11.484075362616359,
    "18": 9.412743419061044,
    "19": 19.17035044850062,
    "20": 7.488478979362845,
    "21": 17.865433183706994,
    "22": 14.978330445954406,
    "23": 24.867154651618712,
    "24": 5.35439022045869,
    "25": 15.04449721635074,
    "26": 13.336162930014162,
    "27": 22.780178329566144,
    "28": 10.730533734946528,
    "29": 20.742188502773214,
    "30": 18.444447471024944,
    "31": 27.959182357634667
  },
  "bundle_prices_selected": {
    "0": 0.0,
    "1": 10.462637631741563,
    "4": 6.381357821090635,
    "7": 23.81706348306166,
    "13": 19.611843623725225,
    "14": 17.201836919058888,
    "15": 27.14360281976736,
    "17": 11.484075362616359,
    "18": 9.412743419061044,
    "19": 19.17035044850062,
    "22": 14.978330445954406,
    "23": 24.867154651618712,
    "24": 5.35439022045869,
    "27": 22.780178329566144,
    "29": 20.742188502773214,
    "30": 18.444447471024944,
    "31": 27.959182357634667
  },
  "chosen_bundle_idx_by_customer": [
    0,
    19,
    23,
    0,
    4,
    31,
    23,
    7,
    0,
    13,
    0,
    19,
    27,
    31,
    22,
    17,
    0,
    15,
    0,
    27,
    18,
    14,
    31,
    0,
    27,
    31,
    23,
    7,
    31,
    24,
    17,
    22,
    0,
    19,
    17,
    30,
    1,
    31,
    15,
    14,
    0,
    7,
    0,
    31,
    0,
    29,
    31,
    18,
    31,
    19
  ],
  "chosen_product_matrix": [
    [
      0,
      0,
      0,
      0,
      0
    ],
    [
      1,
      0,
      0,
      1,
      1
    ],
    [
      1,
      0,
      1,
      1,
      1
    ],
    [
      0,
      0,
      0,
      0,
      0
    ],
    [
      0,
      0,
      1,
      0,
      0
    ],
    [
      1,
      1,
      1,
      1,
      1
    ],
    [
      1,
      0,
      1,
      1,
      1
    ],
    [
      0,
      0,
      1,
      1,
      1
    ],
    [
      0,
      0,
      0,
      0,
      0
    ],
    [
      0,
      1,
      1,
      0,
      1
    ],
    [
      0,
      0,
      0,
      0,
      0
    ],
    [
      1,
      0,
      0,
      1,
      1
    ],
    [
      1,
      1,
      0,
      1,
      1
    ],
    [
      1,
      1,
      1,
      1,
      1
    ],
    [
      1,
      0,
      1,
      1,
      0
    ],
    [
      1,
      0,
      0,
      0,
      1
    ],
    [
      0,
      0,
      0,
      0,
      0
    ],
    [
      0,
      1,
      1,
      1,
      1
    ],
    [
      0,
      0,
      0,
      0,
      0
    ],
    [
      1,
      1,
      0,
      1,
      1
    ],
    [
      1,
      0,
      0,
      1,
      0
    ],
    [
      0,
      1,
      1,
      1,
      0
    ],
    [
      1,
      1,
      1,
      1,
      1
    ],
    [
      0,
      0,
      0,
      0,
      0
    ],
    [
      1,
      1,
      0,
      1,
      1
    ],
    [
      1,
      1,
      1,
      1,
      1
    ],
    [
      1,
      0,
      1,
      1,
      1
    ],
    [
      0,
      0,
      1,
      1,
      1
    ],
    [
      1,
      1,
      1,
      1,
      1
    ],
    [
      1,
      1,
      0,
      0,
      0
    ],
    [
      1,
      0,
      0,
      0,
      1
    ],
    [
      1,
      0,
      1,
      1,
      0
    ],
    [
      0,
      0,
      0,
      0,
      0
    ],
    [
      1,
      0,
      0,
      1,
      1
    ],
    [
      1,
      0,
      0,
      0,
      1
    ],
    [
      1,
      1,
      1,
      1,
      0
    ],
    [
      0,
      0,
      0,
      0,
      1
    ],
    [
      1,
      1,
      1,
      1,
      1
    ],
    [
      0,
      1,
      1,
      1,
      1
    ],
    [
      0,
      1,
      1,
      1,
      0
    ],
    [
      0,
      0,
      0,
      0,
      0
    ],
    [
      0,
      0,
      1,
      1,
      1
    ],
    [
      0,
      0,
      0,
      0,
      0
    ],
    [
      1,
      1,
      1,
      1,
      1
    ],
    [
      0,
      0,
      0,
      0,
      0
    ],
    [
      1,
      1,
      1,
      0,
      1
    ],
    [
      1,
      1,
      1,
      1,
      1
    ],
    [
      1,
      0,
      0,
      1,
      0
    ],
    [
      1,
      1,
      1,
      1,
      1
    ],
    [
      1,
      0,
      0,
      1,
      1
    ]
  ],
  "assortments": [
    [
      0,
      0,
      0,
      0,
      0
    ],
    [
      0,
      0,
      0,
      0,
      1
    ],
    [
      0,
      0,
      0,
      1,
      0
    ],
    [
      0,
      0,
      0,
      1,
      1
    ],
    [
      0,
      0,
      1,
      0,
      0
    ],
    [
      0,
      0,
      1,
      0,
      1
    ],
    [
      0,
      0,
      1,
      1,
      0
    ],
    [
      0,
      0,
      1,
      1,
      1
    ],
    [
      0,
      1,
      0,
      0,
      0
    ],
    [
      0,
      1,
      0,
      0,
      1
    ],
    [
      0,
      1,
      0,
      1,
      0
    ],
    [
      0,
      1,
      0,
      1,
      1
    ],
    [
      0,
      1,
      1,
      0,
      0
    ],
    [
      0,
      1,
      1,
      0,
      1
    ],
    [
      0,
      1,
      1,
      1,
      0
    ],
    [
      0,
      1,
      1,
      1,
      1
    ],
    [
      1,
      0,
      0,
      0,
      0
    ],
    [
      1,
      0,
      0,
      0,
      1
    ],
    [
      1,
      0,
      0,
      1,
      0
    ],
    [
      1,
      0,
      0,
      1,
      1
    ],
    [
      1,
      0,
      1,
      0,
      0
    ],
    [
      1,
      0,
      1,
      0,
      1
    ],
    [
      1,
      0,
      1,
      1,
      0
    ],
    [
      1,
      0,
      1,
      1,
      1
    ],
    [
      1,
      1,
      0,
      0,
      0
    ],
    [
      1,
      1,
      0,
      0,
      1
    ],
    [
      1,
      1,
      0,
      1,
      0
    ],
    [
      1,
      1,
      0,
      1,
      1
    ],
    [
      1,
      1,
      1,
      0,
      0
    ],
    [
      1,
      1,
      1,
      0,
      1
    ],
    [
      1,
      1,
      1,
      1,
      0
    ],
    [
      1,
      1,
      1,
      1,
      1
    ]
  ]
}