{
  "solver_status": 2,
  "feasible": true,
  "mb_formulation_version": 5,
  "runtime": 60.03969597816467,
  "wall_time": 60.041481018066406,
  "mip_gap": 0.00972095563185057,
  "objective": 1.6133096061866319,
  "bundle_space_size": 32,
  "policy_scope": "full_bundle_prices",
  "bundle_prices": {
    "0": 0.0,
    "2": 7.954310363550482,
    "3": 18.521858302103062,
    "4": 5.9841137415863255,
    "6": 13.615430818177906,
    "7": 23.75673889705704,
    "9": 13.897901796828904,
    "11": 21.53071669371091,
    "12": 9.363700367503077,
    "13": 19.494202520330084,
    "14": 17.245190204935582,
    "15": 27.236110254580414,
    "19": 19.85804425284274,
    "20": 7.063042114268987,
    "23": 25.477491290797328,
    "25": 15.295930879734902,
    "26": 13.112995934858048,
    "27": 23.107847994965084,
    "28": 10.758240653358818,
    "29": 20.509840338992912,
    "30": 18.176978979764815,
    "31": 28.4048472756277
  },
  "bundle_prices_full": {
    "0": 0.0,
    "1": 29.786308258939663,
    "2": 7.954310363550482,
    "3": 18.521858302103062,
    "4": 5.9841137415863255,
    "5": 29.78630825893965,
    "6": 13.615430818177906,
    "7": 23.75673889705704,
    "8": 28.893161746622255,
    "9": 13.897901796828904,
    "10": 28.893161746622255,
    "11": 21.53071669371091,
    "12": 9.363700367503077,
    "13": 19.494202520330084,
    "14": 17.245190204935582,
    "15": 27.236110254580414,
    "16": 10.836753206240802,
    "17": 20.800831849847714,
    "18": 18.21514622361134,
    "19": 19.85804425284274,
    "20": 7.063042114268987,
    "21": 17.63912944419053,
    "22": 15.017352477819468,
    "23": 25.477491290797328,
    "24": 14.052562625972698,
    "25": 15.295930879734902,
    "26": 13.112995934858048,
    "27": 23.107847994965084,
    "28": 10.758240653358818,
    "29": 20.509840338992912,
    "30": 18.176978979764815,
    "31": 28.4048472756277
  },
  "bundle_prices_selected": {
    "0": 0.0,
    "2": 7.954310363550482,
    "3": 18.521858302103062,
    "4": 5.9841137415863255,
    "6": 13.615430818177906,
    "7": 23.75673889705704,
    "9": 13.897901796828904,
    "11": 21.53071669371091,
    "12": 9.363700367503077,
    "13": 19.494202520330084,
    "14": 17.245190204935582,
    "15": 27.236110254580414,
    "19": 19.85804425284274,
    "20": 7.063042114268987,
    "23": 25.477491290797328,
    "25": 15.295930879734902,
    "26": 13.112995934858048,
    "27": 23.107847994965084,
    "28": 10.758240653358818,
    "29": 20.509840338992912,
    "30": 18.176978979764815,
    "31": 28.4048472756277
  },
  "chosen_bundle_idx_by_customer": [
    0,
    6,
    11,
    25,
    11,
    20,
    7,
    30,
    6,
    31,
    0,
    26,
    3,
    31,
    7,
    0,
    20,
    13,
    20,
    30,
    2,
    4,
    6,
    27,
    0,
    29,
    11,
    0,
    14,
    29,
    28,
    0,
    19,
    12,
    27,
    9,
    14,
    29,
    27,
    19,
    7,
    15,
    2,
    30,
    23,
    2,
    29,
    9,
    0,
    2
  ],
  "chosen_product_matrix": [
    [
      0,
      0,
      0,
      0,
      0
    ],
    [
      0,
      0,
      1,
      1,
      0
    ],
    [
      0,
      1,
      0,
      1,
      1
    ],
    [
      1,
      1,
      0,
      0,
      1
    ],
    [
      0,
      1,
      0,
      1,
      1
    ],
    [
      1,
      0,
      1,
      0,
      0
    ],
    [
      0,
      0,
      1,
      1,
      1
    ],
    [
      1,
      1,
      1,
      1,
      0
    ],
    [
      0,
      0,
      1,
      1,
      0
    ],
    [
      1,
      1,
      1,
      1,
      1
    ],
    [
      0,
      0,
      0,
      0,
      0
    ],
    [
      1,
      1,
      0,
      1,
      0
    ],
    [
      0,
      0,
      0,
      1,
      1
    ],
    [
      1,
      1,
      1,
      1,
      1
    ],
    [
      0,
      0,
      1,
      1,
      1
    ],
    [
      0,
      0,
      0,
      0,
      0
    ],
    [
      1,
      0,
      1,
      0,
      0
    ],
    [
      0,
      1,
      1,
      0,
      1
    ],
    [
      1,
      0,
      1,
      0,
      0
    ],
    [
      1,
      1,
      1,
      1,
      0
    ],
    [
      0,
      0,
      0,
      1,
      0
    ],
    [
      0,
      0,
      1,
      0,
      0
    ],
    [
      0,
      0,
      1,
      1,
      0
    ],
    [
      1,
      1,
      0,
      1,
      1
    ],
    [
      0,
      0,
      0,
      0,
      0
    ],
    [
      1,
      1,
      1,
      0,
      1
    ],
    [
      0,
      1,
      0,
      1,
      1
    ],
    [
      0,
      0,
      0,
      0,
      0
    ],
    [
      0,
      1,
      1,
      1,
      0
    ],
    [
      1,
      1,
      1,
      0,
      1
    ],
    [
      1,
      1,
      1,
      0,
      0
    ],
    [
      0,
      0,
      0,
      0,
      0
    ],
    [
      1,
      0,
      0,
      1,
      1
    ],
    [
      0,
      1,
      1,
      0,
      0
    ],
    [
      1,
      1,
      0,
      1,
      1
    ],
    [
      0,
      1,
      0,
      0,
      1
    ],
    [
      0,
      1,
      1,
      1,
      0
    ],
    [
      1,
      1,
      1,
      0,
      1
    ],
    [
      1,
      1,
      0,
      1,
      1
    ],
    [
      1,
      0,
      0,
      1,
      1
    ],
    [
      0,
      0,
      1,
      1,
      1
    ],
    [
      0,
      1,
      1,
      1,
      1
    ],
    [
      0,
      0,
      0,
      1,
      0
    ],
    [
      1,
      1,
      1,
      1,
      0
    ],
    [
      1,
      0,
      1,
      1,
      1
    ],
    [
      0,
      0,
      0,
      1,
      0
    ],
    [
      1,
      1,
      1,
      0,
      1
    ],
    [
      0,
      1,
      0,
      0,
      1
    ],
    [
      0,
      0,
      0,
      0,
      0
    ],
    [
      0,
      0,
      0,
      1,
      0
    ]
  ],
  "assortments": [
    [
      0,
      0,
      0,
      0,
      0
    ],
    [
      0,
      0,
      0,
      0,
      1
    ],
    [
      0,
      0,
      0,
      1,
      0
    ],
    [
      0,
      0,
      0,
      1,
      1
    ],
    [
      0,
      0,
      1,
      0,
      0
    ],
    [
      0,
      0,
      1,
      0,
      1
    ],
    [
      0,
      0,
      1,
      1,
      0
    ],
    [
      0,
      0,
      1,
      1,
      1
    ],
    [
      0,
      1,
      0,
      0,
      0
    ],
    [
      0,
      1,
      0,
      0,
      1
    ],
    [
      0,
      1,
      0,
      1,
      0
    ],
    [
      0,
      1,
      0,
      1,
      1
    ],
    [
      0,
      1,
      1,
      0,
      0
    ],
    [
      0,
      1,
      1,
      0,
      1
    ],
    [
      0,
      1,
      1,
      1,
      0
    ],
    [
      0,
      1,
      1,
      1,
      1
    ],
    [
      1,
      0,
      0,
      0,
      0
    ],
    [
      1,
      0,
      0,
      0,
      1
    ],
    [
      1,
      0,
      0,
      1,
      0
    ],
    [
      1,
      0,
      0,
      1,
      1
    ],
    [
      1,
      0,
      1,
      0,
      0
    ],
    [
      1,
      0,
      1,
      0,
      1
    ],
    [
      1,
      0,
      1,
      1,
      0
    ],
    [
      1,
      0,
      1,
      1,
      1
    ],
    [
      1,
      1,
      0,
      0,
      0
    ],
    [
      1,
      1,
      0,
      0,
      1
    ],
    [
      1,
      1,
      0,
      1,
      0
    ],
    [
      1,
      1,
      0,
      1,
      1
    ],
    [
      1,
      1,
      1,
      0,
      0
    ],
    [
      1,
      1,
      1,
      0,
      1
    ],
    [
      1,
      1,
      1,
      1,
      0
    ],
    [
      1,
      1,
      1,
      1,
      1
    ]
  ]
}