{
  "solver_status": 2,
  "feasible": true,
  "mb_formulation_version": 5,
  "runtime": 166.75701594352722,
  "wall_time": 166.7590730190277,
  "mip_gap": 0.009721740423367424,
  "objective": 1.6794136543652616,
  "bundle_space_size": 32,
  "policy_scope": "full_bundle_prices",
  "bundle_prices": {
    "0": 0.0,
    "3": 18.720802311052115,
    "7": 23.491821365790553,
    "9": 14.35406561799906,
    "13": 19.6378115657431,
    "15": 27.295394085492532,
    "19": 19.726368472675464,
    "23": 24.72109903526996,
    "27": 22.745669135184777,
    "29": 20.83475881553278,
    "30": 18.405167444296477,
    "31": 28.19611950739316
  },
  "bundle_prices_full": {
    "0": 0.0,
    "1": 29.700503594022848,
    "2": 29.700503594022848,
    "3": 18.720802311052115,
    "4": 29.700503594022848,
    "5": 29.700503594022848,
    "6": 29.700503594022848,
    "7": 23.491821365790553,
    "8": 29.700503594022848,
    "9": 14.35406561799906,
    "10": 29.700503594022848,
    "11": 29.700503594022848,
    "12": 29.700503594022848,
    "13": 19.6378115657431,
    "14": 29.700503594022848,
    "15": 27.295394085492532,
    "16": 29.700503594022848,
    "17": 29.700503594022848,
    "18": 29.700503594022848,
    "19": 19.726368472675464,
    "20": 29.700503594022848,
    "21": 29.700503594022848,
    "22": 29.700503594022848,
    "23": 24.72109903526996,
    "24": 29.700503594022848,
    "25": 29.700503594022848,
    "26": 29.700503594022848,
    "27": 22.745669135184777,
    "28": 29.700503594022848,
    "29": 20.83475881553278,
    "30": 18.405167444296477,
    "31": 28.19611950739316
  },
  "bundle_prices_selected": {
    "0": 0.0,
    "3": 18.720802311052115,
    "7": 23.491821365790553,
    "9": 14.35406561799906,
    "13": 19.6378115657431,
    "15": 27.295394085492532,
    "19": 19.726368472675464,
    "23": 24.72109903526996,
    "27": 22.745669135184777,
    "29": 20.83475881553278,
    "30": 18.405167444296477,
    "31": 28.19611950739316
  },
  "chosen_bundle_idx_by_customer": [
    15,
    31,
    7,
    7,
    15,
    15,
    13,
    23,
    27,
    19,
    0,
    23,
    0,
    9,
    29,
    31,
    7,
    30,
    3,
    7,
    0,
    19,
    7,
    27,
    27,
    7,
    27,
    7,
    0,
    27,
    7,
    0,
    0,
    0,
    0,
    31,
    27,
    23,
    31,
    7,
    0,
    23,
    7,
    30,
    0,
    23,
    0,
    0,
    27,
    31
  ],
  "chosen_product_matrix": [
    [
      0,
      1,
      1,
      1,
      1
    ],
    [
      1,
      1,
      1,
      1,
      1
    ],
    [
      0,
      0,
      1,
      1,
      1
    ],
    [
      0,
      0,
      1,
      1,
      1
    ],
    [
      0,
      1,
      1,
      1,
      1
    ],
    [
      0,
      1,
      1,
      1,
      1
    ],
    [
      0,
      1,
      1,
      0,
      1
    ],
    [
      1,
      0,
      1,
      1,
      1
    ],
    [
      1,
      1,
      0,
      1,
      1
    ],
    [
      1,
      0,
      0,
      1,
      1
    ],
    [
      0,
      0,
      0,
      0,
      0
    ],
    [
      1,
      0,
      1,
      1,
      1
    ],
    [
      0,
      0,
      0,
      0,
      0
    ],
    [
      0,
      1,
      0,
      0,
      1
    ],
    [
      1,
      1,
      1,
      0,
      1
    ],
    [
      1,
      1,
      1,
      1,
      1
    ],
    [
      0,
      0,
      1,
      1,
      1
    ],
    [
      1,
      1,
      1,
      1,
      0
    ],
    [
      0,
      0,
      0,
      1,
      1
    ],
    [
      0,
      0,
      1,
      1,
      1
    ],
    [
      0,
      0,
      0,
      0,
      0
    ],
    [
      1,
      0,
      0,
      1,
      1
    ],
    [
      0,
      0,
      1,
      1,
      1
    ],
    [
      1,
      1,
      0,
      1,
      1
    ],
    [
      1,
      1,
      0,
      1,
      1
    ],
    [
      0,
      0,
      1,
      1,
      1
    ],
    [
      1,
      1,
      0,
      1,
      1
    ],
    [
      0,
      0,
      1,
      1,
      1
    ],
    [
      0,
      0,
      0,
      0,
      0
    ],
    [
      1,
      1,
      0,
      1,
      1
    ],
    [
      0,
      0,
      1,
      1,
      1
    ],
    [
      0,
      0,
      0,
      0,
      0
    ],
    [
      0,
      0,
      0,
      0,
      0
    ],
    [
      0,
      0,
      0,
      0,
      0
    ],
    [
      0,
      0,
      0,
      0,
      0
    ],
    [
      1,
      1,
      1,
      1,
      1
    ],
    [
      1,
      1,
      0,
      1,
      1
    ],
    [
      1,
      0,
      1,
      1,
      1
    ],
    [
      1,
      1,
      1,
      1,
      1
    ],
    [
      0,
      0,
      1,
      1,
      1
    ],
    [
      0,
      0,
      0,
      0,
      0
    ],
    [
      1,
      0,
      1,
      1,
      1
    ],
    [
      0,
      0,
      1,
      1,
      1
    ],
    [
      1,
      1,
      1,
      1,
      0
    ],
    [
      0,
      0,
      0,
      0,
      0
    ],
    [
      1,
      0,
      1,
      1,
      1
    ],
    [
      0,
      0,
      0,
      0,
      0
    ],
    [
      0,
      0,
      0,
      0,
      0
    ],
    [
      1,
      1,
      0,
      1,
      1
    ],
    [
      1,
      1,
      1,
      1,
      1
    ]
  ],
  "assortments": [
    [
      0,
      0,
      0,
      0,
      0
    ],
    [
      0,
      0,
      0,
      0,
      1
    ],
    [
      0,
      0,
      0,
      1,
      0
    ],
    [
      0,
      0,
      0,
      1,
      1
    ],
    [
      0,
      0,
      1,
      0,
      0
    ],
    [
      0,
      0,
      1,
      0,
      1
    ],
    [
      0,
      0,
      1,
      1,
      0
    ],
    [
      0,
      0,
      1,
      1,
      1
    ],
    [
      0,
      1,
      0,
      0,
      0
    ],
    [
      0,
      1,
      0,
      0,
      1
    ],
    [
      0,
      1,
      0,
      1,
      0
    ],
    [
      0,
      1,
      0,
      1,
      1
    ],
    [
      0,
      1,
      1,
      0,
      0
    ],
    [
      0,
      1,
      1,
      0,
      1
    ],
    [
      0,
      1,
      1,
      1,
      0
    ],
    [
      0,
      1,
      1,
      1,
      1
    ],
    [
      1,
      0,
      0,
      0,
      0
    ],
    [
      1,
      0,
      0,
      0,
      1
    ],
    [
      1,
      0,
      0,
      1,
      0
    ],
    [
      1,
      0,
      0,
      1,
      1
    ],
    [
      1,
      0,
      1,
      0,
      0
    ],
    [
      1,
      0,
      1,
      0,
      1
    ],
    [
      1,
      0,
      1,
      1,
      0
    ],
    [
      1,
      0,
      1,
      1,
      1
    ],
    [
      1,
      1,
      0,
      0,
      0
    ],
    [
      1,
      1,
      0,
      0,
      1
    ],
    [
      1,
      1,
      0,
      1,
      0
    ],
    [
      1,
      1,
      0,
      1,
      1
    ],
    [
      1,
      1,
      1,
      0,
      0
    ],
    [
      1,
      1,
      1,
      0,
      1
    ],
    [
      1,
      1,
      1,
      1,
      0
    ],
    [
      1,
      1,
      1,
      1,
      1
    ]
  ]
}