{
  "solver_status": 9,
  "feasible": true,
  "mb_formulation_version": 5,
  "runtime": 300.0095031261444,
  "wall_time": 300.01128911972046,
  "mip_gap": 0.011783694887652584,
  "objective": 1.6151240224912644,
  "bundle_space_size": 32,
  "policy_scope": "full_bundle_prices",
  "bundle_prices": {
    "0": 0.0,
    "3": 18.53921005860318,
    "5": 16.138464701331486,
    "6": 13.73795049654564,
    "7": 24.154531914546972,
    "10": 11.788693320679748,
    "11": 21.88395624371274,
    "12": 9.868201187819771,
    "15": 27.620630282782443,
    "19": 19.631845706382553,
    "20": 7.077999606479384,
    "21": 17.34424070738367,
    "23": 24.874745178555937,
    "24": 4.7295831427737625,
    "25": 14.937950951987354,
    "26": 12.712083185278155,
    "27": 22.888832740003846,
    "30": 18.16751235462315,
    "31": 28.113388426541874
  },
  "bundle_prices_full": {
    "0": 0.0,
    "1": 29.212550406199888,
    "2": 29.212550406199888,
    "3": 18.53921005860318,
    "4": 29.212550406199885,
    "5": 16.138464701331486,
    "6": 13.73795049654564,
    "7": 24.154531914546972,
    "8": 28.561595330905543,
    "9": 28.56159533090553,
    "10": 11.788693320679748,
    "11": 21.88395624371274,
    "12": 9.868201187819771,
    "13": 27.07246243720376,
    "14": 24.724938657418157,
    "15": 27.620630282782443,
    "16": 1.5944133867910786,
    "17": 12.253596183456008,
    "18": 28.561595330905543,
    "19": 19.631845706382553,
    "20": 7.077999606479384,
    "21": 17.34424070738367,
    "22": 14.913991304313896,
    "23": 24.874745178555937,
    "24": 4.7295831427737625,
    "25": 14.937950951987354,
    "26": 12.712083185278155,
    "27": 22.888832740003846,
    "28": 10.372871512341023,
    "29": 20.86804784410525,
    "30": 18.16751235462315,
    "31": 28.113388426541874
  },
  "bundle_prices_selected": {
    "0": 0.0,
    "3": 18.53921005860318,
    "5": 16.138464701331486,
    "6": 13.73795049654564,
    "7": 24.154531914546972,
    "10": 11.788693320679748,
    "11": 21.88395624371274,
    "12": 9.868201187819771,
    "15": 27.620630282782443,
    "19": 19.631845706382553,
    "20": 7.077999606479384,
    "21": 17.34424070738367,
    "23": 24.874745178555937,
    "24": 4.7295831427737625,
    "25": 14.937950951987354,
    "26": 12.712083185278155,
    "27": 22.888832740003846,
    "30": 18.16751235462315,
    "31": 28.113388426541874
  },
  "chosen_bundle_idx_by_customer": [
    0,
    19,
    7,
    31,
    6,
    0,
    23,
    0,
    27,
    31,
    25,
    0,
    3,
    11,
    11,
    31,
    15,
    0,
    0,
    15,
    7,
    3,
    0,
    26,
    31,
    23,
    6,
    31,
    0,
    30,
    24,
    12,
    25,
    0,
    15,
    20,
    0,
    21,
    3,
    11,
    19,
    0,
    31,
    30,
    19,
    0,
    30,
    5,
    10,
    25
  ],
  "chosen_product_matrix": [
    [
      0,
      0,
      0,
      0,
      0
    ],
    [
      1,
      0,
      0,
      1,
      1
    ],
    [
      0,
      0,
      1,
      1,
      1
    ],
    [
      1,
      1,
      1,
      1,
      1
    ],
    [
      0,
      0,
      1,
      1,
      0
    ],
    [
      0,
      0,
      0,
      0,
      0
    ],
    [
      1,
      0,
      1,
      1,
      1
    ],
    [
      0,
      0,
      0,
      0,
      0
    ],
    [
      1,
      1,
      0,
      1,
      1
    ],
    [
      1,
      1,
      1,
      1,
      1
    ],
    [
      1,
      1,
      0,
      0,
      1
    ],
    [
      0,
      0,
      0,
      0,
      0
    ],
    [
      0,
      0,
      0,
      1,
      1
    ],
    [
      0,
      1,
      0,
      1,
      1
    ],
    [
      0,
      1,
      0,
      1,
      1
    ],
    [
      1,
      1,
      1,
      1,
      1
    ],
    [
      0,
      1,
      1,
      1,
      1
    ],
    [
      0,
      0,
      0,
      0,
      0
    ],
    [
      0,
      0,
      0,
      0,
      0
    ],
    [
      0,
      1,
      1,
      1,
      1
    ],
    [
      0,
      0,
      1,
      1,
      1
    ],
    [
      0,
      0,
      0,
      1,
      1
    ],
    [
      0,
      0,
      0,
      0,
      0
    ],
    [
      1,
      1,
      0,
      1,
      0
    ],
    [
      1,
      1,
      1,
      1,
      1
    ],
    [
      1,
      0,
      1,
      1,
      1
    ],
    [
      0,
      0,
      1,
      1,
      0
    ],
    [
      1,
      1,
      1,
      1,
      1
    ],
    [
      0,
      0,
      0,
      0,
      0
    ],
    [
      1,
      1,
      1,
      1,
      0
    ],
    [
      1,
      1,
      0,
      0,
      0
    ],
    [
      0,
      1,
      1,
      0,
      0
    ],
    [
      1,
      1,
      0,
      0,
      1
    ],
    [
      0,
      0,
      0,
      0,
      0
    ],
    [
      0,
      1,
      1,
      1,
      1
    ],
    [
      1,
      0,
      1,
      0,
      0
    ],
    [
      0,
      0,
      0,
      0,
      0
    ],
    [
      1,
      0,
      1,
      0,
      1
    ],
    [
      0,
      0,
      0,
      1,
      1
    ],
    [
      0,
      1,
      0,
      1,
      1
    ],
    [
      1,
      0,
      0,
      1,
      1
    ],
    [
      0,
      0,
      0,
      0,
      0
    ],
    [
      1,
      1,
      1,
      1,
      1
    ],
    [
      1,
      1,
      1,
      1,
      0
    ],
    [
      1,
      0,
      0,
      1,
      1
    ],
    [
      0,
      0,
      0,
      0,
      0
    ],
    [
      1,
      1,
      1,
      1,
      0
    ],
    [
      0,
      0,
      1,
      0,
      1
    ],
    [
      0,
      1,
      0,
      1,
      0
    ],
    [
      1,
      1,
      0,
      0,
      1
    ]
  ],
  "assortments": [
    [
      0,
      0,
      0,
      0,
      0
    ],
    [
      0,
      0,
      0,
      0,
      1
    ],
    [
      0,
      0,
      0,
      1,
      0
    ],
    [
      0,
      0,
      0,
      1,
      1
    ],
    [
      0,
      0,
      1,
      0,
      0
    ],
    [
      0,
      0,
      1,
      0,
      1
    ],
    [
      0,
      0,
      1,
      1,
      0
    ],
    [
      0,
      0,
      1,
      1,
      1
    ],
    [
      0,
      1,
      0,
      0,
      0
    ],
    [
      0,
      1,
      0,
      0,
      1
    ],
    [
      0,
      1,
      0,
      1,
      0
    ],
    [
      0,
      1,
      0,
      1,
      1
    ],
    [
      0,
      1,
      1,
      0,
      0
    ],
    [
      0,
      1,
      1,
      0,
      1
    ],
    [
      0,
      1,
      1,
      1,
      0
    ],
    [
      0,
      1,
      1,
      1,
      1
    ],
    [
      1,
      0,
      0,
      0,
      0
    ],
    [
      1,
      0,
      0,
      0,
      1
    ],
    [
      1,
      0,
      0,
      1,
      0
    ],
    [
      1,
      0,
      0,
      1,
      1
    ],
    [
      1,
      0,
      1,
      0,
      0
    ],
    [
      1,
      0,
      1,
      0,
      1
    ],
    [
      1,
      0,
      1,
      1,
      0
    ],
    [
      1,
      0,
      1,
      1,
      1
    ],
    [
      1,
      1,
      0,
      0,
      0
    ],
    [
      1,
      1,
      0,
      0,
      1
    ],
    [
      1,
      1,
      0,
      1,
      0
    ],
    [
      1,
      1,
      0,
      1,
      1
    ],
    [
      1,
      1,
      1,
      0,
      0
    ],
    [
      1,
      1,
      1,
      0,
      1
    ],
    [
      1,
      1,
      1,
      1,
      0
    ],
    [
      1,
      1,
      1,
      1,
      1
    ]
  ]
}