{
  "solver_status": 2,
  "feasible": true,
  "mb_formulation_version": 5,
  "runtime": 96.42805004119873,
  "wall_time": 96.43639397621155,
  "mip_gap": 0.009653809616572698,
  "objective": 1.7497669009605619,
  "bundle_space_size": 32,
  "policy_scope": "full_bundle_prices",
  "bundle_prices": {
    "0": 0.0,
    "1": 10.302380697404171,
    "6": 13.628009559756194,
    "7": 23.828038991349572,
    "8": 3.872847404142341,
    "9": 13.832026980826521,
    "11": 21.840886548882175,
    "14": 17.308551462858013,
    "15": 26.94612217328178,
    "17": 11.320889063032999,
    "19": 19.626090241405713,
    "21": 17.146544782980133,
    "22": 15.396553201045228,
    "23": 24.799772293204477,
    "27": 22.384575257266867,
    "29": 20.630672738975232,
    "30": 18.568079441837423,
    "31": 28.089909661889088
  },
  "bundle_prices_full": {
    "0": 0.0,
    "1": 10.302380697404171,
    "2": 29.259252769659422,
    "3": 29.25925276965942,
    "4": 6.45060540399166,
    "5": 16.211898533730633,
    "6": 13.628009559756194,
    "7": 23.828038991349572,
    "8": 3.872847404142341,
    "9": 13.832026980826521,
    "10": 28.393167491438387,
    "11": 21.840886548882175,
    "12": 10.323452808134,
    "13": 19.803973325382795,
    "14": 17.308551462858013,
    "15": 26.94612217328178,
    "16": 2.521804120206019,
    "17": 11.320889063032999,
    "18": 10.133048543255017,
    "19": 19.626090241405713,
    "20": 7.785308777996233,
    "21": 17.146544782980133,
    "22": 15.396553201045228,
    "23": 24.799772293204477,
    "24": 5.024426995978403,
    "25": 14.99821191935936,
    "26": 13.48279939957997,
    "27": 22.384575257266867,
    "28": 11.475032399970063,
    "29": 20.630672738975232,
    "30": 18.568079441837423,
    "31": 28.089909661889088
  },
  "bundle_prices_selected": {
    "0": 0.0,
    "1": 10.302380697404171,
    "6": 13.628009559756194,
    "7": 23.828038991349572,
    "8": 3.872847404142341,
    "9": 13.832026980826521,
    "11": 21.840886548882175,
    "14": 17.308551462858013,
    "15": 26.94612217328178,
    "17": 11.320889063032999,
    "19": 19.626090241405713,
    "21": 17.146544782980133,
    "22": 15.396553201045228,
    "23": 24.799772293204477,
    "27": 22.384575257266867,
    "29": 20.630672738975232,
    "30": 18.568079441837423,
    "31": 28.089909661889088
  },
  "chosen_bundle_idx_by_customer": [
    31,
    30,
    15,
    11,
    31,
    7,
    19,
    15,
    31,
    15,
    22,
    23,
    15,
    27,
    8,
    7,
    31,
    0,
    6,
    14,
    27,
    17,
    21,
    17,
    19,
    0,
    0,
    7,
    17,
    31,
    15,
    1,
    27,
    6,
    15,
    17,
    0,
    6,
    23,
    29,
    15,
    23,
    23,
    17,
    17,
    23,
    27,
    27,
    9,
    0
  ],
  "chosen_product_matrix": [
    [
      1,
      1,
      1,
      1,
      1
    ],
    [
      1,
      1,
      1,
      1,
      0
    ],
    [
      0,
      1,
      1,
      1,
      1
    ],
    [
      0,
      1,
      0,
      1,
      1
    ],
    [
      1,
      1,
      1,
      1,
      1
    ],
    [
      0,
      0,
      1,
      1,
      1
    ],
    [
      1,
      0,
      0,
      1,
      1
    ],
    [
      0,
      1,
      1,
      1,
      1
    ],
    [
      1,
      1,
      1,
      1,
      1
    ],
    [
      0,
      1,
      1,
      1,
      1
    ],
    [
      1,
      0,
      1,
      1,
      0
    ],
    [
      1,
      0,
      1,
      1,
      1
    ],
    [
      0,
      1,
      1,
      1,
      1
    ],
    [
      1,
      1,
      0,
      1,
      1
    ],
    [
      0,
      1,
      0,
      0,
      0
    ],
    [
      0,
      0,
      1,
      1,
      1
    ],
    [
      1,
      1,
      1,
      1,
      1
    ],
    [
      0,
      0,
      0,
      0,
      0
    ],
    [
      0,
      0,
      1,
      1,
      0
    ],
    [
      0,
      1,
      1,
      1,
      0
    ],
    [
      1,
      1,
      0,
      1,
      1
    ],
    [
      1,
      0,
      0,
      0,
      1
    ],
    [
      1,
      0,
      1,
      0,
      1
    ],
    [
      1,
      0,
      0,
      0,
      1
    ],
    [
      1,
      0,
      0,
      1,
      1
    ],
    [
      0,
      0,
      0,
      0,
      0
    ],
    [
      0,
      0,
      0,
      0,
      0
    ],
    [
      0,
      0,
      1,
      1,
      1
    ],
    [
      1,
      0,
      0,
      0,
      1
    ],
    [
      1,
      1,
      1,
      1,
      1
    ],
    [
      0,
      1,
      1,
      1,
      1
    ],
    [
      0,
      0,
      0,
      0,
      1
    ],
    [
      1,
      1,
      0,
      1,
      1
    ],
    [
      0,
      0,
      1,
      1,
      0
    ],
    [
      0,
      1,
      1,
      1,
      1
    ],
    [
      1,
      0,
      0,
      0,
      1
    ],
    [
      0,
      0,
      0,
      0,
      0
    ],
    [
      0,
      0,
      1,
      1,
      0
    ],
    [
      1,
      0,
      1,
      1,
      1
    ],
    [
      1,
      1,
      1,
      0,
      1
    ],
    [
      0,
      1,
      1,
      1,
      1
    ],
    [
      1,
      0,
      1,
      1,
      1
    ],
    [
      1,
      0,
      1,
      1,
      1
    ],
    [
      1,
      0,
      0,
      0,
      1
    ],
    [
      1,
      0,
      0,
      0,
      1
    ],
    [
      1,
      0,
      1,
      1,
      1
    ],
    [
      1,
      1,
      0,
      1,
      1
    ],
    [
      1,
      1,
      0,
      1,
      1
    ],
    [
      0,
      1,
      0,
      0,
      1
    ],
    [
      0,
      0,
      0,
      0,
      0
    ]
  ],
  "assortments": [
    [
      0,
      0,
      0,
      0,
      0
    ],
    [
      0,
      0,
      0,
      0,
      1
    ],
    [
      0,
      0,
      0,
      1,
      0
    ],
    [
      0,
      0,
      0,
      1,
      1
    ],
    [
      0,
      0,
      1,
      0,
      0
    ],
    [
      0,
      0,
      1,
      0,
      1
    ],
    [
      0,
      0,
      1,
      1,
      0
    ],
    [
      0,
      0,
      1,
      1,
      1
    ],
    [
      0,
      1,
      0,
      0,
      0
    ],
    [
      0,
      1,
      0,
      0,
      1
    ],
    [
      0,
      1,
      0,
      1,
      0
    ],
    [
      0,
      1,
      0,
      1,
      1
    ],
    [
      0,
      1,
      1,
      0,
      0
    ],
    [
      0,
      1,
      1,
      0,
      1
    ],
    [
      0,
      1,
      1,
      1,
      0
    ],
    [
      0,
      1,
      1,
      1,
      1
    ],
    [
      1,
      0,
      0,
      0,
      0
    ],
    [
      1,
      0,
      0,
      0,
      1
    ],
    [
      1,
      0,
      0,
      1,
      0
    ],
    [
      1,
      0,
      0,
      1,
      1
    ],
    [
      1,
      0,
      1,
      0,
      0
    ],
    [
      1,
      0,
      1,
      0,
      1
    ],
    [
      1,
      0,
      1,
      1,
      0
    ],
    [
      1,
      0,
      1,
      1,
      1
    ],
    [
      1,
      1,
      0,
      0,
      0
    ],
    [
      1,
      1,
      0,
      0,
      1
    ],
    [
      1,
      1,
      0,
      1,
      0
    ],
    [
      1,
      1,
      0,
      1,
      1
    ],
    [
      1,
      1,
      1,
      0,
      0
    ],
    [
      1,
      1,
      1,
      0,
      1
    ],
    [
      1,
      1,
      1,
      1,
      0
    ],
    [
      1,
      1,
      1,
      1,
      1
    ]
  ]
}