{
  "solver_status": 2,
  "feasible": true,
  "mb_formulation_version": 4,
  "runtime": 9.977823972702026,
  "wall_time": 9.979660987854004,
  "mip_gap": 0.009618196278765832,
  "objective": 1.5204254935613344,
  "bundle_space_size": 32,
  "policy_scope": "full_bundle_prices",
  "bundle_prices": {
    "0": 0.0,
    "5": 15.626175440629709,
    "7": 23.42946407815375,
    "9": 14.257920842565973,
    "10": 11.648522293328176,
    "11": 21.618141116068532,
    "12": 9.595690806878459,
    "13": 19.102775700411247,
    "14": 17.49239352588912,
    "15": 26.564147812739904,
    "17": 11.285228430079286,
    "19": 19.04394539785561,
    "23": 24.46625280217128,
    "24": 4.900459909362853,
    "25": 14.711058196383929,
    "27": 22.35338388143674,
    "30": 18.36325298767627,
    "31": 27.53785886943914
  },
  "bundle_prices_full": {
    "0": 0.0,
    "1": 29.082999790357597,
    "2": 19.241881733358518,
    "3": 29.082999790357583,
    "4": 29.082999790357594,
    "5": 15.626175440629709,
    "6": 20.715187435877482,
    "7": 23.42946407815375,
    "8": 14.601376015786334,
    "9": 14.257920842565973,
    "10": 11.648522293328176,
    "11": 21.618141116068532,
    "12": 9.595690806878459,
    "13": 19.102775700411247,
    "14": 17.49239352588912,
    "15": 26.564147812739904,
    "16": 15.314325427309065,
    "17": 11.285228430079286,
    "18": 9.726464400071649,
    "19": 19.04394539785561,
    "20": 24.613241657390518,
    "21": 16.593721378938447,
    "22": 21.634815452833426,
    "23": 24.46625280217128,
    "24": 4.900459909362853,
    "25": 14.711058196383929,
    "26": 14.626924309434502,
    "27": 22.35338388143674,
    "28": 10.58571850958283,
    "29": 20.114212669616574,
    "30": 18.36325298767627,
    "31": 27.53785886943914
  },
  "bundle_prices_selected": {
    "0": 0.0,
    "5": 15.626175440629709,
    "7": 23.42946407815375,
    "9": 14.257920842565973,
    "10": 11.648522293328176,
    "11": 21.618141116068532,
    "12": 9.595690806878459,
    "13": 19.102775700411247,
    "14": 17.49239352588912,
    "15": 26.564147812739904,
    "17": 11.285228430079286,
    "19": 19.04394539785561,
    "23": 24.46625280217128,
    "24": 4.900459909362853,
    "25": 14.711058196383929,
    "27": 22.35338388143674,
    "30": 18.36325298767627,
    "31": 27.53785886943914
  },
  "chosen_bundle_idx_by_customer": [
    31,
    11,
    10,
    7,
    31,
    12,
    23,
    11,
    15,
    15,
    13,
    19,
    11,
    9,
    23,
    31,
    0,
    15,
    14,
    13,
    0,
    31,
    30,
    5,
    30,
    30,
    31,
    25,
    7,
    31,
    0,
    15,
    27,
    0,
    5,
    5,
    25,
    19,
    7,
    0,
    0,
    31,
    30,
    30,
    17,
    23,
    0,
    15,
    24,
    0
  ],
  "chosen_product_matrix": [
    [
      1,
      1,
      1,
      1,
      1
    ],
    [
      0,
      1,
      0,
      1,
      1
    ],
    [
      0,
      1,
      0,
      1,
      0
    ],
    [
      0,
      0,
      1,
      1,
      1
    ],
    [
      1,
      1,
      1,
      1,
      1
    ],
    [
      0,
      1,
      1,
      0,
      0
    ],
    [
      1,
      0,
      1,
      1,
      1
    ],
    [
      0,
      1,
      0,
      1,
      1
    ],
    [
      0,
      1,
      1,
      1,
      1
    ],
    [
      0,
      1,
      1,
      1,
      1
    ],
    [
      0,
      1,
      1,
      0,
      1
    ],
    [
      1,
      0,
      0,
      1,
      1
    ],
    [
      0,
      1,
      0,
      1,
      1
    ],
    [
      0,
      1,
      0,
      0,
      1
    ],
    [
      1,
      0,
      1,
      1,
      1
    ],
    [
      1,
      1,
      1,
      1,
      1
    ],
    [
      0,
      0,
      0,
      0,
      0
    ],
    [
      0,
      1,
      1,
      1,
      1
    ],
    [
      0,
      1,
      1,
      1,
      0
    ],
    [
      0,
      1,
      1,
      0,
      1
    ],
    [
      0,
      0,
      0,
      0,
      0
    ],
    [
      1,
      1,
      1,
      1,
      1
    ],
    [
      1,
      1,
      1,
      1,
      0
    ],
    [
      0,
      0,
      1,
      0,
      1
    ],
    [
      1,
      1,
      1,
      1,
      0
    ],
    [
      1,
      1,
      1,
      1,
      0
    ],
    [
      1,
      1,
      1,
      1,
      1
    ],
    [
      1,
      1,
      0,
      0,
      1
    ],
    [
      0,
      0,
      1,
      1,
      1
    ],
    [
      1,
      1,
      1,
      1,
      1
    ],
    [
      0,
      0,
      0,
      0,
      0
    ],
    [
      0,
      1,
      1,
      1,
      1
    ],
    [
      1,
      1,
      0,
      1,
      1
    ],
    [
      0,
      0,
      0,
      0,
      0
    ],
    [
      0,
      0,
      1,
      0,
      1
    ],
    [
      0,
      0,
      1,
      0,
      1
    ],
    [
      1,
      1,
      0,
      0,
      1
    ],
    [
      1,
      0,
      0,
      1,
      1
    ],
    [
      0,
      0,
      1,
      1,
      1
    ],
    [
      0,
      0,
      0,
      0,
      0
    ],
    [
      0,
      0,
      0,
      0,
      0
    ],
    [
      1,
      1,
      1,
      1,
      1
    ],
    [
      1,
      1,
      1,
      1,
      0
    ],
    [
      1,
      1,
      1,
      1,
      0
    ],
    [
      1,
      0,
      0,
      0,
      1
    ],
    [
      1,
      0,
      1,
      1,
      1
    ],
    [
      0,
      0,
      0,
      0,
      0
    ],
    [
      0,
      1,
      1,
      1,
      1
    ],
    [
      1,
      1,
      0,
      0,
      0
    ],
    [
      0,
      0,
      0,
      0,
      0
    ]
  ],
  "assortments": [
    [
      0,
      0,
      0,
      0,
      0
    ],
    [
      0,
      0,
      0,
      0,
      1
    ],
    [
      0,
      0,
      0,
      1,
      0
    ],
    [
      0,
      0,
      0,
      1,
      1
    ],
    [
      0,
      0,
      1,
      0,
      0
    ],
    [
      0,
      0,
      1,
      0,
      1
    ],
    [
      0,
      0,
      1,
      1,
      0
    ],
    [
      0,
      0,
      1,
      1,
      1
    ],
    [
      0,
      1,
      0,
      0,
      0
    ],
    [
      0,
      1,
      0,
      0,
      1
    ],
    [
      0,
      1,
      0,
      1,
      0
    ],
    [
      0,
      1,
      0,
      1,
      1
    ],
    [
      0,
      1,
      1,
      0,
      0
    ],
    [
      0,
      1,
      1,
      0,
      1
    ],
    [
      0,
      1,
      1,
      1,
      0
    ],
    [
      0,
      1,
      1,
      1,
      1
    ],
    [
      1,
      0,
      0,
      0,
      0
    ],
    [
      1,
      0,
      0,
      0,
      1
    ],
    [
      1,
      0,
      0,
      1,
      0
    ],
    [
      1,
      0,
      0,
      1,
      1
    ],
    [
      1,
      0,
      1,
      0,
      0
    ],
    [
      1,
      0,
      1,
      0,
      1
    ],
    [
      1,
      0,
      1,
      1,
      0
    ],
    [
      1,
      0,
      1,
      1,
      1
    ],
    [
      1,
      1,
      0,
      0,
      0
    ],
    [
      1,
      1,
      0,
      0,
      1
    ],
    [
      1,
      1,
      0,
      1,
      0
    ],
    [
      1,
      1,
      0,
      1,
      1
    ],
    [
      1,
      1,
      1,
      0,
      0
    ],
    [
      1,
      1,
      1,
      0,
      1
    ],
    [
      1,
      1,
      1,
      1,
      0
    ],
    [
      1,
      1,
      1,
      1,
      1
    ]
  ]
}