{
  "solver_status": 2,
  "feasible": true,
  "mb_formulation_version": 4,
  "runtime": 36.860832929611206,
  "wall_time": 36.8627450466156,
  "mip_gap": 0.00988416803377666,
  "objective": 1.553267094269902,
  "bundle_space_size": 32,
  "policy_scope": "full_bundle_prices",
  "bundle_prices": {
    "0": 0.0,
    "3": 18.290218427676,
    "7": 23.899047095221604,
    "9": 13.619605411838116,
    "11": 21.380306715781703,
    "12": 9.535108956238595,
    "13": 19.336056175839403,
    "15": 27.159820285161686,
    "16": 1.5420900469816168,
    "17": 11.632470482226724,
    "19": 19.399886648783816,
    "21": 17.580607997796637,
    "23": 25.24352567064642,
    "25": 15.082130194173514,
    "26": 13.088732168952014,
    "27": 22.466266652922297,
    "29": 20.710090110567343,
    "30": 18.3259777530924,
    "31": 28.17884378828814
  },
  "bundle_prices_full": {
    "0": 0.0,
    "1": 22.696422422800996,
    "2": 27.32724634492128,
    "3": 18.290218427676,
    "4": 11.387842593269543,
    "5": 27.327246344921264,
    "6": 14.118609765077235,
    "7": 23.899047095221604,
    "8": 17.918369992323253,
    "9": 13.619605411838116,
    "10": 22.543579258340365,
    "11": 21.380306715781703,
    "12": 9.535108956238595,
    "13": 19.336056175839403,
    "14": 17.29408942338176,
    "15": 27.159820285161686,
    "16": 1.5420900469816168,
    "17": 11.632470482226724,
    "18": 9.699471705901257,
    "19": 19.399886648783816,
    "20": 12.929932640251163,
    "21": 17.580607997796637,
    "22": 15.182727144804693,
    "23": 25.24352567064642,
    "24": 5.0219075994008335,
    "25": 15.082130194173514,
    "26": 13.088732168952014,
    "27": 22.466266652922297,
    "28": 10.622139994702549,
    "29": 20.710090110567343,
    "30": 18.3259777530924,
    "31": 28.17884378828814
  },
  "bundle_prices_selected": {
    "0": 0.0,
    "3": 18.290218427676,
    "7": 23.899047095221604,
    "9": 13.619605411838116,
    "11": 21.380306715781703,
    "12": 9.535108956238595,
    "13": 19.336056175839403,
    "15": 27.159820285161686,
    "16": 1.5420900469816168,
    "17": 11.632470482226724,
    "19": 19.399886648783816,
    "21": 17.580607997796637,
    "23": 25.24352567064642,
    "25": 15.082130194173514,
    "26": 13.088732168952014,
    "27": 22.466266652922297,
    "29": 20.710090110567343,
    "30": 18.3259777530924,
    "31": 28.17884378828814
  },
  "chosen_bundle_idx_by_customer": [
    29,
    25,
    26,
    0,
    0,
    11,
    12,
    11,
    13,
    31,
    7,
    7,
    11,
    21,
    0,
    31,
    27,
    15,
    30,
    31,
    0,
    23,
    0,
    13,
    0,
    12,
    0,
    16,
    13,
    9,
    27,
    31,
    3,
    21,
    11,
    9,
    11,
    0,
    7,
    19,
    31,
    15,
    17,
    30,
    11,
    0,
    30,
    0,
    16,
    0
  ],
  "chosen_product_matrix": [
    [
      1,
      1,
      1,
      0,
      1
    ],
    [
      1,
      1,
      0,
      0,
      1
    ],
    [
      1,
      1,
      0,
      1,
      0
    ],
    [
      0,
      0,
      0,
      0,
      0
    ],
    [
      0,
      0,
      0,
      0,
      0
    ],
    [
      0,
      1,
      0,
      1,
      1
    ],
    [
      0,
      1,
      1,
      0,
      0
    ],
    [
      0,
      1,
      0,
      1,
      1
    ],
    [
      0,
      1,
      1,
      0,
      1
    ],
    [
      1,
      1,
      1,
      1,
      1
    ],
    [
      0,
      0,
      1,
      1,
      1
    ],
    [
      0,
      0,
      1,
      1,
      1
    ],
    [
      0,
      1,
      0,
      1,
      1
    ],
    [
      1,
      0,
      1,
      0,
      1
    ],
    [
      0,
      0,
      0,
      0,
      0
    ],
    [
      1,
      1,
      1,
      1,
      1
    ],
    [
      1,
      1,
      0,
      1,
      1
    ],
    [
      0,
      1,
      1,
      1,
      1
    ],
    [
      1,
      1,
      1,
      1,
      0
    ],
    [
      1,
      1,
      1,
      1,
      1
    ],
    [
      0,
      0,
      0,
      0,
      0
    ],
    [
      1,
      0,
      1,
      1,
      1
    ],
    [
      0,
      0,
      0,
      0,
      0
    ],
    [
      0,
      1,
      1,
      0,
      1
    ],
    [
      0,
      0,
      0,
      0,
      0
    ],
    [
      0,
      1,
      1,
      0,
      0
    ],
    [
      0,
      0,
      0,
      0,
      0
    ],
    [
      1,
      0,
      0,
      0,
      0
    ],
    [
      0,
      1,
      1,
      0,
      1
    ],
    [
      0,
      1,
      0,
      0,
      1
    ],
    [
      1,
      1,
      0,
      1,
      1
    ],
    [
      1,
      1,
      1,
      1,
      1
    ],
    [
      0,
      0,
      0,
      1,
      1
    ],
    [
      1,
      0,
      1,
      0,
      1
    ],
    [
      0,
      1,
      0,
      1,
      1
    ],
    [
      0,
      1,
      0,
      0,
      1
    ],
    [
      0,
      1,
      0,
      1,
      1
    ],
    [
      0,
      0,
      0,
      0,
      0
    ],
    [
      0,
      0,
      1,
      1,
      1
    ],
    [
      1,
      0,
      0,
      1,
      1
    ],
    [
      1,
      1,
      1,
      1,
      1
    ],
    [
      0,
      1,
      1,
      1,
      1
    ],
    [
      1,
      0,
      0,
      0,
      1
    ],
    [
      1,
      1,
      1,
      1,
      0
    ],
    [
      0,
      1,
      0,
      1,
      1
    ],
    [
      0,
      0,
      0,
      0,
      0
    ],
    [
      1,
      1,
      1,
      1,
      0
    ],
    [
      0,
      0,
      0,
      0,
      0
    ],
    [
      1,
      0,
      0,
      0,
      0
    ],
    [
      0,
      0,
      0,
      0,
      0
    ]
  ],
  "assortments": [
    [
      0,
      0,
      0,
      0,
      0
    ],
    [
      0,
      0,
      0,
      0,
      1
    ],
    [
      0,
      0,
      0,
      1,
      0
    ],
    [
      0,
      0,
      0,
      1,
      1
    ],
    [
      0,
      0,
      1,
      0,
      0
    ],
    [
      0,
      0,
      1,
      0,
      1
    ],
    [
      0,
      0,
      1,
      1,
      0
    ],
    [
      0,
      0,
      1,
      1,
      1
    ],
    [
      0,
      1,
      0,
      0,
      0
    ],
    [
      0,
      1,
      0,
      0,
      1
    ],
    [
      0,
      1,
      0,
      1,
      0
    ],
    [
      0,
      1,
      0,
      1,
      1
    ],
    [
      0,
      1,
      1,
      0,
      0
    ],
    [
      0,
      1,
      1,
      0,
      1
    ],
    [
      0,
      1,
      1,
      1,
      0
    ],
    [
      0,
      1,
      1,
      1,
      1
    ],
    [
      1,
      0,
      0,
      0,
      0
    ],
    [
      1,
      0,
      0,
      0,
      1
    ],
    [
      1,
      0,
      0,
      1,
      0
    ],
    [
      1,
      0,
      0,
      1,
      1
    ],
    [
      1,
      0,
      1,
      0,
      0
    ],
    [
      1,
      0,
      1,
      0,
      1
    ],
    [
      1,
      0,
      1,
      1,
      0
    ],
    [
      1,
      0,
      1,
      1,
      1
    ],
    [
      1,
      1,
      0,
      0,
      0
    ],
    [
      1,
      1,
      0,
      0,
      1
    ],
    [
      1,
      1,
      0,
      1,
      0
    ],
    [
      1,
      1,
      0,
      1,
      1
    ],
    [
      1,
      1,
      1,
      0,
      0
    ],
    [
      1,
      1,
      1,
      0,
      1
    ],
    [
      1,
      1,
      1,
      1,
      0
    ],
    [
      1,
      1,
      1,
      1,
      1
    ]
  ]
}