{
  "solver_status": 2,
  "feasible": true,
  "mb_formulation_version": 4,
  "runtime": 211.5798568725586,
  "wall_time": 211.581689119339,
  "mip_gap": 0.009773720196558887,
  "objective": 1.7716702584845527,
  "bundle_space_size": 32,
  "policy_scope": "full_bundle_prices",
  "bundle_prices": {
    "0": 0.0,
    "1": 10.493006466465268,
    "4": 5.819777788151709,
    "7": 23.830687662253297,
    "11": 21.606507591708883,
    "14": 17.1871561981469,
    "15": 26.960628079098708,
    "16": 1.5097307280181669,
    "17": 11.494933749579758,
    "18": 9.420814778913986,
    "20": 7.092555973191209,
    "23": 24.86660324061266,
    "25": 14.704917122938316,
    "27": 22.721863323741793,
    "28": 10.37273228329718,
    "29": 20.312491136421656,
    "30": 18.095524778681984,
    "31": 27.578088592679993
  },
  "bundle_prices_full": {
    "0": 0.0,
    "1": 10.493006466465268,
    "2": 29.957949725304516,
    "3": 29.957949725304516,
    "4": 5.819777788151709,
    "5": 16.31278425461698,
    "6": 29.957949725304516,
    "7": 23.830687662253297,
    "8": 29.957949725304516,
    "9": 29.957949725304516,
    "10": 29.957949725304516,
    "11": 21.606507591708883,
    "12": 29.957949725304516,
    "13": 29.957949725304516,
    "14": 17.1871561981469,
    "15": 26.960628079098708,
    "16": 1.5097307280181669,
    "17": 11.494933749579758,
    "18": 9.420814778913986,
    "19": 19.913821245379253,
    "20": 7.092555973191209,
    "21": 17.585562439656478,
    "22": 14.949925589649474,
    "23": 24.86660324061266,
    "24": 29.957949725304516,
    "25": 14.704917122938316,
    "26": 29.957949725304516,
    "27": 22.721863323741793,
    "28": 10.37273228329718,
    "29": 20.312491136421656,
    "30": 18.095524778681984,
    "31": 27.578088592679993
  },
  "bundle_prices_selected": {
    "0": 0.0,
    "1": 10.493006466465268,
    "4": 5.819777788151709,
    "7": 23.830687662253297,
    "11": 21.606507591708883,
    "14": 17.1871561981469,
    "15": 26.960628079098708,
    "16": 1.5097307280181669,
    "17": 11.494933749579758,
    "18": 9.420814778913986,
    "20": 7.092555973191209,
    "23": 24.86660324061266,
    "25": 14.704917122938316,
    "27": 22.721863323741793,
    "28": 10.37273228329718,
    "29": 20.312491136421656,
    "30": 18.095524778681984,
    "31": 27.578088592679993
  },
  "chosen_bundle_idx_by_customer": [
    15,
    7,
    25,
    31,
    27,
    31,
    0,
    7,
    0,
    31,
    31,
    4,
    7,
    17,
    15,
    30,
    31,
    14,
    20,
    16,
    31,
    11,
    31,
    11,
    31,
    29,
    23,
    31,
    31,
    31,
    31,
    25,
    1,
    29,
    18,
    28,
    29,
    31,
    7,
    31,
    31,
    25,
    31,
    31,
    31,
    0,
    31,
    16,
    30,
    15
  ],
  "chosen_product_matrix": [
    [
      0,
      1,
      1,
      1,
      1
    ],
    [
      0,
      0,
      1,
      1,
      1
    ],
    [
      1,
      1,
      0,
      0,
      1
    ],
    [
      1,
      1,
      1,
      1,
      1
    ],
    [
      1,
      1,
      0,
      1,
      1
    ],
    [
      1,
      1,
      1,
      1,
      1
    ],
    [
      0,
      0,
      0,
      0,
      0
    ],
    [
      0,
      0,
      1,
      1,
      1
    ],
    [
      0,
      0,
      0,
      0,
      0
    ],
    [
      1,
      1,
      1,
      1,
      1
    ],
    [
      1,
      1,
      1,
      1,
      1
    ],
    [
      0,
      0,
      1,
      0,
      0
    ],
    [
      0,
      0,
      1,
      1,
      1
    ],
    [
      1,
      0,
      0,
      0,
      1
    ],
    [
      0,
      1,
      1,
      1,
      1
    ],
    [
      1,
      1,
      1,
      1,
      0
    ],
    [
      1,
      1,
      1,
      1,
      1
    ],
    [
      0,
      1,
      1,
      1,
      0
    ],
    [
      1,
      0,
      1,
      0,
      0
    ],
    [
      1,
      0,
      0,
      0,
      0
    ],
    [
      1,
      1,
      1,
      1,
      1
    ],
    [
      0,
      1,
      0,
      1,
      1
    ],
    [
      1,
      1,
      1,
      1,
      1
    ],
    [
      0,
      1,
      0,
      1,
      1
    ],
    [
      1,
      1,
      1,
      1,
      1
    ],
    [
      1,
      1,
      1,
      0,
      1
    ],
    [
      1,
      0,
      1,
      1,
      1
    ],
    [
      1,
      1,
      1,
      1,
      1
    ],
    [
      1,
      1,
      1,
      1,
      1
    ],
    [
      1,
      1,
      1,
      1,
      1
    ],
    [
      1,
      1,
      1,
      1,
      1
    ],
    [
      1,
      1,
      0,
      0,
      1
    ],
    [
      0,
      0,
      0,
      0,
      1
    ],
    [
      1,
      1,
      1,
      0,
      1
    ],
    [
      1,
      0,
      0,
      1,
      0
    ],
    [
      1,
      1,
      1,
      0,
      0
    ],
    [
      1,
      1,
      1,
      0,
      1
    ],
    [
      1,
      1,
      1,
      1,
      1
    ],
    [
      0,
      0,
      1,
      1,
      1
    ],
    [
      1,
      1,
      1,
      1,
      1
    ],
    [
      1,
      1,
      1,
      1,
      1
    ],
    [
      1,
      1,
      0,
      0,
      1
    ],
    [
      1,
      1,
      1,
      1,
      1
    ],
    [
      1,
      1,
      1,
      1,
      1
    ],
    [
      1,
      1,
      1,
      1,
      1
    ],
    [
      0,
      0,
      0,
      0,
      0
    ],
    [
      1,
      1,
      1,
      1,
      1
    ],
    [
      1,
      0,
      0,
      0,
      0
    ],
    [
      1,
      1,
      1,
      1,
      0
    ],
    [
      0,
      1,
      1,
      1,
      1
    ]
  ],
  "assortments": [
    [
      0,
      0,
      0,
      0,
      0
    ],
    [
      0,
      0,
      0,
      0,
      1
    ],
    [
      0,
      0,
      0,
      1,
      0
    ],
    [
      0,
      0,
      0,
      1,
      1
    ],
    [
      0,
      0,
      1,
      0,
      0
    ],
    [
      0,
      0,
      1,
      0,
      1
    ],
    [
      0,
      0,
      1,
      1,
      0
    ],
    [
      0,
      0,
      1,
      1,
      1
    ],
    [
      0,
      1,
      0,
      0,
      0
    ],
    [
      0,
      1,
      0,
      0,
      1
    ],
    [
      0,
      1,
      0,
      1,
      0
    ],
    [
      0,
      1,
      0,
      1,
      1
    ],
    [
      0,
      1,
      1,
      0,
      0
    ],
    [
      0,
      1,
      1,
      0,
      1
    ],
    [
      0,
      1,
      1,
      1,
      0
    ],
    [
      0,
      1,
      1,
      1,
      1
    ],
    [
      1,
      0,
      0,
      0,
      0
    ],
    [
      1,
      0,
      0,
      0,
      1
    ],
    [
      1,
      0,
      0,
      1,
      0
    ],
    [
      1,
      0,
      0,
      1,
      1
    ],
    [
      1,
      0,
      1,
      0,
      0
    ],
    [
      1,
      0,
      1,
      0,
      1
    ],
    [
      1,
      0,
      1,
      1,
      0
    ],
    [
      1,
      0,
      1,
      1,
      1
    ],
    [
      1,
      1,
      0,
      0,
      0
    ],
    [
      1,
      1,
      0,
      0,
      1
    ],
    [
      1,
      1,
      0,
      1,
      0
    ],
    [
      1,
      1,
      0,
      1,
      1
    ],
    [
      1,
      1,
      1,
      0,
      0
    ],
    [
      1,
      1,
      1,
      0,
      1
    ],
    [
      1,
      1,
      1,
      1,
      0
    ],
    [
      1,
      1,
      1,
      1,
      1
    ]
  ]
}