{
  "solver_status": 2,
  "feasible": true,
  "mb_formulation_version": 4,
  "runtime": 209.92006611824036,
  "wall_time": 209.9218990802765,
  "mip_gap": 0.00997315656147083,
  "objective": 1.6475877314050522,
  "bundle_space_size": 32,
  "policy_scope": "full_bundle_prices",
  "bundle_prices": {
    "0": 0.0,
    "1": 10.445034263841869,
    "3": 18.229216741340203,
    "7": 23.96794323345781,
    "8": 3.9017102311671845,
    "11": 21.677979123907377,
    "13": 19.37377377839183,
    "14": 17.286113487098817,
    "15": 26.865874092393227,
    "17": 11.431636681181905,
    "22": 14.96091797230213,
    "23": 24.760604582387415,
    "24": 5.383008981016822,
    "25": 14.815509325435695,
    "27": 23.012633313065248,
    "29": 20.211721203892008,
    "31": 27.691268765799105
  },
  "bundle_prices_full": {
    "0": 0.0,
    "1": 10.445034263841869,
    "2": 30.493232105324427,
    "3": 18.229216741340203,
    "4": 30.493232105324427,
    "5": 30.493232105324427,
    "6": 30.493232105324427,
    "7": 23.96794323345781,
    "8": 3.9017102311671845,
    "9": 14.346744495009053,
    "10": 30.493232105324427,
    "11": 21.677979123907377,
    "12": 30.493232105324427,
    "13": 19.37377377839183,
    "14": 17.286113487098817,
    "15": 26.865874092393227,
    "16": 30.493232105324427,
    "17": 11.431636681181905,
    "18": 30.493232105324427,
    "19": 29.66085342252211,
    "20": 30.493232105324427,
    "21": 30.493232105324427,
    "22": 14.96091797230213,
    "23": 24.760604582387415,
    "24": 5.383008981016822,
    "25": 14.815509325435695,
    "26": 30.493232105324427,
    "27": 23.012633313065248,
    "28": 30.493232105324427,
    "29": 20.211721203892008,
    "30": 20.343926953318952,
    "31": 27.691268765799105
  },
  "bundle_prices_selected": {
    "0": 0.0,
    "1": 10.445034263841869,
    "3": 18.229216741340203,
    "7": 23.96794323345781,
    "8": 3.9017102311671845,
    "11": 21.677979123907377,
    "13": 19.37377377839183,
    "14": 17.286113487098817,
    "15": 26.865874092393227,
    "17": 11.431636681181905,
    "22": 14.96091797230213,
    "23": 24.760604582387415,
    "24": 5.383008981016822,
    "25": 14.815509325435695,
    "27": 23.012633313065248,
    "29": 20.211721203892008,
    "31": 27.691268765799105
  },
  "chosen_bundle_idx_by_customer": [
    13,
    31,
    25,
    0,
    15,
    0,
    3,
    29,
    29,
    13,
    8,
    29,
    31,
    1,
    14,
    31,
    23,
    24,
    31,
    11,
    17,
    29,
    31,
    17,
    22,
    23,
    23,
    1,
    13,
    0,
    27,
    31,
    23,
    7,
    14,
    0,
    17,
    23,
    13,
    17,
    31,
    31,
    15,
    0,
    31,
    22,
    31,
    31,
    0,
    0
  ],
  "chosen_product_matrix": [
    [
      0,
      1,
      1,
      0,
      1
    ],
    [
      1,
      1,
      1,
      1,
      1
    ],
    [
      1,
      1,
      0,
      0,
      1
    ],
    [
      0,
      0,
      0,
      0,
      0
    ],
    [
      0,
      1,
      1,
      1,
      1
    ],
    [
      0,
      0,
      0,
      0,
      0
    ],
    [
      0,
      0,
      0,
      1,
      1
    ],
    [
      1,
      1,
      1,
      0,
      1
    ],
    [
      1,
      1,
      1,
      0,
      1
    ],
    [
      0,
      1,
      1,
      0,
      1
    ],
    [
      0,
      1,
      0,
      0,
      0
    ],
    [
      1,
      1,
      1,
      0,
      1
    ],
    [
      1,
      1,
      1,
      1,
      1
    ],
    [
      0,
      0,
      0,
      0,
      1
    ],
    [
      0,
      1,
      1,
      1,
      0
    ],
    [
      1,
      1,
      1,
      1,
      1
    ],
    [
      1,
      0,
      1,
      1,
      1
    ],
    [
      1,
      1,
      0,
      0,
      0
    ],
    [
      1,
      1,
      1,
      1,
      1
    ],
    [
      0,
      1,
      0,
      1,
      1
    ],
    [
      1,
      0,
      0,
      0,
      1
    ],
    [
      1,
      1,
      1,
      0,
      1
    ],
    [
      1,
      1,
      1,
      1,
      1
    ],
    [
      1,
      0,
      0,
      0,
      1
    ],
    [
      1,
      0,
      1,
      1,
      0
    ],
    [
      1,
      0,
      1,
      1,
      1
    ],
    [
      1,
      0,
      1,
      1,
      1
    ],
    [
      0,
      0,
      0,
      0,
      1
    ],
    [
      0,
      1,
      1,
      0,
      1
    ],
    [
      0,
      0,
      0,
      0,
      0
    ],
    [
      1,
      1,
      0,
      1,
      1
    ],
    [
      1,
      1,
      1,
      1,
      1
    ],
    [
      1,
      0,
      1,
      1,
      1
    ],
    [
      0,
      0,
      1,
      1,
      1
    ],
    [
      0,
      1,
      1,
      1,
      0
    ],
    [
      0,
      0,
      0,
      0,
      0
    ],
    [
      1,
      0,
      0,
      0,
      1
    ],
    [
      1,
      0,
      1,
      1,
      1
    ],
    [
      0,
      1,
      1,
      0,
      1
    ],
    [
      1,
      0,
      0,
      0,
      1
    ],
    [
      1,
      1,
      1,
      1,
      1
    ],
    [
      1,
      1,
      1,
      1,
      1
    ],
    [
      0,
      1,
      1,
      1,
      1
    ],
    [
      0,
      0,
      0,
      0,
      0
    ],
    [
      1,
      1,
      1,
      1,
      1
    ],
    [
      1,
      0,
      1,
      1,
      0
    ],
    [
      1,
      1,
      1,
      1,
      1
    ],
    [
      1,
      1,
      1,
      1,
      1
    ],
    [
      0,
      0,
      0,
      0,
      0
    ],
    [
      0,
      0,
      0,
      0,
      0
    ]
  ],
  "assortments": [
    [
      0,
      0,
      0,
      0,
      0
    ],
    [
      0,
      0,
      0,
      0,
      1
    ],
    [
      0,
      0,
      0,
      1,
      0
    ],
    [
      0,
      0,
      0,
      1,
      1
    ],
    [
      0,
      0,
      1,
      0,
      0
    ],
    [
      0,
      0,
      1,
      0,
      1
    ],
    [
      0,
      0,
      1,
      1,
      0
    ],
    [
      0,
      0,
      1,
      1,
      1
    ],
    [
      0,
      1,
      0,
      0,
      0
    ],
    [
      0,
      1,
      0,
      0,
      1
    ],
    [
      0,
      1,
      0,
      1,
      0
    ],
    [
      0,
      1,
      0,
      1,
      1
    ],
    [
      0,
      1,
      1,
      0,
      0
    ],
    [
      0,
      1,
      1,
      0,
      1
    ],
    [
      0,
      1,
      1,
      1,
      0
    ],
    [
      0,
      1,
      1,
      1,
      1
    ],
    [
      1,
      0,
      0,
      0,
      0
    ],
    [
      1,
      0,
      0,
      0,
      1
    ],
    [
      1,
      0,
      0,
      1,
      0
    ],
    [
      1,
      0,
      0,
      1,
      1
    ],
    [
      1,
      0,
      1,
      0,
      0
    ],
    [
      1,
      0,
      1,
      0,
      1
    ],
    [
      1,
      0,
      1,
      1,
      0
    ],
    [
      1,
      0,
      1,
      1,
      1
    ],
    [
      1,
      1,
      0,
      0,
      0
    ],
    [
      1,
      1,
      0,
      0,
      1
    ],
    [
      1,
      1,
      0,
      1,
      0
    ],
    [
      1,
      1,
      0,
      1,
      1
    ],
    [
      1,
      1,
      1,
      0,
      0
    ],
    [
      1,
      1,
      1,
      0,
      1
    ],
    [
      1,
      1,
      1,
      1,
      0
    ],
    [
      1,
      1,
      1,
      1,
      1
    ]
  ]
}