{
  "solver_status": 2,
  "feasible": true,
  "mb_formulation_version": 4,
  "runtime": 101.06777715682983,
  "wall_time": 101.06965208053589,
  "mip_gap": 0.00963410281921219,
  "objective": 1.6287504836393982,
  "bundle_space_size": 32,
  "policy_scope": "full_bundle_prices",
  "bundle_prices": {
    "0": 0.0,
    "3": 18.633398179638526,
    "7": 24.040910791944214,
    "8": 3.585030051200869,
    "9": 13.527216457638092,
    "10": 11.48992451690949,
    "13": 18.936027365226696,
    "14": 17.627156879630355,
    "15": 26.553834795752095,
    "19": 19.45138239901634,
    "20": 7.247534844185062,
    "21": 16.95889550539123,
    "22": 14.97616562807015,
    "23": 24.665440512275836,
    "24": 4.711789229399499,
    "27": 22.71633035822385,
    "28": 10.707701625816057,
    "29": 20.375560238211946,
    "30": 18.10784037978611,
    "31": 27.972861385355582
  },
  "bundle_prices_full": {
    "0": 0.0,
    "1": 22.534895236797237,
    "2": 27.928058214687972,
    "3": 18.633398179638526,
    "4": 29.664062785691968,
    "5": 21.451918206096803,
    "6": 28.41336907895937,
    "7": 24.040910791944214,
    "8": 3.585030051200869,
    "9": 13.527216457638092,
    "10": 11.48992451690949,
    "11": 21.831556449175512,
    "12": 9.625721494258988,
    "13": 18.936027365226696,
    "14": 17.627156879630355,
    "15": 26.553834795752095,
    "16": 15.85756638867733,
    "17": 22.887275706619143,
    "18": 22.887275706619143,
    "19": 19.45138239901634,
    "20": 7.247534844185062,
    "21": 16.95889550539123,
    "22": 14.97616562807015,
    "23": 24.665440512275836,
    "24": 4.711789229399499,
    "25": 15.151362999264425,
    "26": 16.20171374630899,
    "27": 22.71633035822385,
    "28": 10.707701625816057,
    "29": 20.375560238211946,
    "30": 18.10784037978611,
    "31": 27.972861385355582
  },
  "bundle_prices_selected": {
    "0": 0.0,
    "3": 18.633398179638526,
    "7": 24.040910791944214,
    "8": 3.585030051200869,
    "9": 13.527216457638092,
    "10": 11.48992451690949,
    "13": 18.936027365226696,
    "14": 17.627156879630355,
    "15": 26.553834795752095,
    "19": 19.45138239901634,
    "20": 7.247534844185062,
    "21": 16.95889550539123,
    "22": 14.97616562807015,
    "23": 24.665440512275836,
    "24": 4.711789229399499,
    "27": 22.71633035822385,
    "28": 10.707701625816057,
    "29": 20.375560238211946,
    "30": 18.10784037978611,
    "31": 27.972861385355582
  },
  "chosen_bundle_idx_by_customer": [
    3,
    7,
    23,
    20,
    10,
    9,
    29,
    9,
    21,
    15,
    13,
    15,
    23,
    30,
    23,
    30,
    9,
    0,
    13,
    0,
    20,
    23,
    19,
    27,
    15,
    0,
    8,
    15,
    21,
    28,
    15,
    0,
    31,
    27,
    22,
    22,
    15,
    29,
    23,
    31,
    8,
    23,
    27,
    15,
    14,
    15,
    23,
    13,
    0,
    24
  ],
  "chosen_product_matrix": [
    [
      0,
      0,
      0,
      1,
      1
    ],
    [
      0,
      0,
      1,
      1,
      1
    ],
    [
      1,
      0,
      1,
      1,
      1
    ],
    [
      1,
      0,
      1,
      0,
      0
    ],
    [
      0,
      1,
      0,
      1,
      0
    ],
    [
      0,
      1,
      0,
      0,
      1
    ],
    [
      1,
      1,
      1,
      0,
      1
    ],
    [
      0,
      1,
      0,
      0,
      1
    ],
    [
      1,
      0,
      1,
      0,
      1
    ],
    [
      0,
      1,
      1,
      1,
      1
    ],
    [
      0,
      1,
      1,
      0,
      1
    ],
    [
      0,
      1,
      1,
      1,
      1
    ],
    [
      1,
      0,
      1,
      1,
      1
    ],
    [
      1,
      1,
      1,
      1,
      0
    ],
    [
      1,
      0,
      1,
      1,
      1
    ],
    [
      1,
      1,
      1,
      1,
      0
    ],
    [
      0,
      1,
      0,
      0,
      1
    ],
    [
      0,
      0,
      0,
      0,
      0
    ],
    [
      0,
      1,
      1,
      0,
      1
    ],
    [
      0,
      0,
      0,
      0,
      0
    ],
    [
      1,
      0,
      1,
      0,
      0
    ],
    [
      1,
      0,
      1,
      1,
      1
    ],
    [
      1,
      0,
      0,
      1,
      1
    ],
    [
      1,
      1,
      0,
      1,
      1
    ],
    [
      0,
      1,
      1,
      1,
      1
    ],
    [
      0,
      0,
      0,
      0,
      0
    ],
    [
      0,
      1,
      0,
      0,
      0
    ],
    [
      0,
      1,
      1,
      1,
      1
    ],
    [
      1,
      0,
      1,
      0,
      1
    ],
    [
      1,
      1,
      1,
      0,
      0
    ],
    [
      0,
      1,
      1,
      1,
      1
    ],
    [
      0,
      0,
      0,
      0,
      0
    ],
    [
      1,
      1,
      1,
      1,
      1
    ],
    [
      1,
      1,
      0,
      1,
      1
    ],
    [
      1,
      0,
      1,
      1,
      0
    ],
    [
      1,
      0,
      1,
      1,
      0
    ],
    [
      0,
      1,
      1,
      1,
      1
    ],
    [
      1,
      1,
      1,
      0,
      1
    ],
    [
      1,
      0,
      1,
      1,
      1
    ],
    [
      1,
      1,
      1,
      1,
      1
    ],
    [
      0,
      1,
      0,
      0,
      0
    ],
    [
      1,
      0,
      1,
      1,
      1
    ],
    [
      1,
      1,
      0,
      1,
      1
    ],
    [
      0,
      1,
      1,
      1,
      1
    ],
    [
      0,
      1,
      1,
      1,
      0
    ],
    [
      0,
      1,
      1,
      1,
      1
    ],
    [
      1,
      0,
      1,
      1,
      1
    ],
    [
      0,
      1,
      1,
      0,
      1
    ],
    [
      0,
      0,
      0,
      0,
      0
    ],
    [
      1,
      1,
      0,
      0,
      0
    ]
  ],
  "assortments": [
    [
      0,
      0,
      0,
      0,
      0
    ],
    [
      0,
      0,
      0,
      0,
      1
    ],
    [
      0,
      0,
      0,
      1,
      0
    ],
    [
      0,
      0,
      0,
      1,
      1
    ],
    [
      0,
      0,
      1,
      0,
      0
    ],
    [
      0,
      0,
      1,
      0,
      1
    ],
    [
      0,
      0,
      1,
      1,
      0
    ],
    [
      0,
      0,
      1,
      1,
      1
    ],
    [
      0,
      1,
      0,
      0,
      0
    ],
    [
      0,
      1,
      0,
      0,
      1
    ],
    [
      0,
      1,
      0,
      1,
      0
    ],
    [
      0,
      1,
      0,
      1,
      1
    ],
    [
      0,
      1,
      1,
      0,
      0
    ],
    [
      0,
      1,
      1,
      0,
      1
    ],
    [
      0,
      1,
      1,
      1,
      0
    ],
    [
      0,
      1,
      1,
      1,
      1
    ],
    [
      1,
      0,
      0,
      0,
      0
    ],
    [
      1,
      0,
      0,
      0,
      1
    ],
    [
      1,
      0,
      0,
      1,
      0
    ],
    [
      1,
      0,
      0,
      1,
      1
    ],
    [
      1,
      0,
      1,
      0,
      0
    ],
    [
      1,
      0,
      1,
      0,
      1
    ],
    [
      1,
      0,
      1,
      1,
      0
    ],
    [
      1,
      0,
      1,
      1,
      1
    ],
    [
      1,
      1,
      0,
      0,
      0
    ],
    [
      1,
      1,
      0,
      0,
      1
    ],
    [
      1,
      1,
      0,
      1,
      0
    ],
    [
      1,
      1,
      0,
      1,
      1
    ],
    [
      1,
      1,
      1,
      0,
      0
    ],
    [
      1,
      1,
      1,
      0,
      1
    ],
    [
      1,
      1,
      1,
      1,
      0
    ],
    [
      1,
      1,
      1,
      1,
      1
    ]
  ]
}