{
  "solver_status": 9,
  "feasible": true,
  "mb_formulation_version": 4,
  "runtime": 300.01151990890503,
  "wall_time": 300.0133991241455,
  "mip_gap": 0.011790452063936885,
  "objective": 1.608017808542042,
  "bundle_space_size": 32,
  "policy_scope": "full_bundle_prices",
  "bundle_prices": {
    "0": 0.0,
    "5": 15.599504254790135,
    "7": 24.19127520585234,
    "9": 14.329140153397601,
    "11": 21.533214839540598,
    "12": 9.529509644519134,
    "13": 19.210513713022138,
    "14": 17.16295472802841,
    "15": 27.13926658846071,
    "19": 19.131823852416655,
    "21": 17.117409913737553,
    "22": 15.699047318609608,
    "26": 12.69465125836616,
    "27": 22.380565468971202,
    "28": 11.161241595134685,
    "29": 20.492004816760023,
    "30": 18.538038029262335,
    "31": 27.949022332497684
  },
  "bundle_prices_full": {
    "0": 0.0,
    "1": 28.669422732939836,
    "2": 29.520057401738963,
    "3": 29.52005740173895,
    "4": 19.709040327869012,
    "5": 15.599504254790135,
    "6": 29.520057401738967,
    "7": 24.19127520585234,
    "8": 16.37740703163503,
    "9": 14.329140153397601,
    "10": 11.935200044578323,
    "11": 21.533214839540598,
    "12": 9.529509644519134,
    "13": 19.210513713022138,
    "14": 17.16295472802841,
    "15": 27.13926658846071,
    "16": 1.7977229727983524,
    "17": 29.52005740173895,
    "18": 19.709040327869005,
    "19": 19.131823852416655,
    "20": 19.709040327869005,
    "21": 17.117409913737553,
    "22": 15.699047318609608,
    "23": 25.50651781379695,
    "24": 17.22804170043418,
    "25": 15.017419922141146,
    "26": 12.69465125836616,
    "27": 22.380565468971202,
    "28": 11.161241595134685,
    "29": 20.492004816760023,
    "30": 18.538038029262335,
    "31": 27.949022332497684
  },
  "bundle_prices_selected": {
    "0": 0.0,
    "5": 15.599504254790135,
    "7": 24.19127520585234,
    "9": 14.329140153397601,
    "11": 21.533214839540598,
    "12": 9.529509644519134,
    "13": 19.210513713022138,
    "14": 17.16295472802841,
    "15": 27.13926658846071,
    "19": 19.131823852416655,
    "21": 17.117409913737553,
    "22": 15.699047318609608,
    "26": 12.69465125836616,
    "27": 22.380565468971202,
    "28": 11.161241595134685,
    "29": 20.492004816760023,
    "30": 18.538038029262335,
    "31": 27.949022332497684
  },
  "chosen_bundle_idx_by_customer": [
    0,
    31,
    14,
    0,
    14,
    27,
    12,
    15,
    29,
    31,
    11,
    5,
    0,
    27,
    0,
    26,
    31,
    9,
    31,
    27,
    13,
    11,
    0,
    27,
    7,
    0,
    27,
    26,
    0,
    0,
    13,
    19,
    0,
    11,
    21,
    30,
    11,
    26,
    29,
    27,
    28,
    0,
    26,
    5,
    31,
    22,
    31,
    31,
    14,
    11
  ],
  "chosen_product_matrix": [
    [
      0,
      0,
      0,
      0,
      0
    ],
    [
      1,
      1,
      1,
      1,
      1
    ],
    [
      0,
      1,
      1,
      1,
      0
    ],
    [
      0,
      0,
      0,
      0,
      0
    ],
    [
      0,
      1,
      1,
      1,
      0
    ],
    [
      1,
      1,
      0,
      1,
      1
    ],
    [
      0,
      1,
      1,
      0,
      0
    ],
    [
      0,
      1,
      1,
      1,
      1
    ],
    [
      1,
      1,
      1,
      0,
      1
    ],
    [
      1,
      1,
      1,
      1,
      1
    ],
    [
      0,
      1,
      0,
      1,
      1
    ],
    [
      0,
      0,
      1,
      0,
      1
    ],
    [
      0,
      0,
      0,
      0,
      0
    ],
    [
      1,
      1,
      0,
      1,
      1
    ],
    [
      0,
      0,
      0,
      0,
      0
    ],
    [
      1,
      1,
      0,
      1,
      0
    ],
    [
      1,
      1,
      1,
      1,
      1
    ],
    [
      0,
      1,
      0,
      0,
      1
    ],
    [
      1,
      1,
      1,
      1,
      1
    ],
    [
      1,
      1,
      0,
      1,
      1
    ],
    [
      0,
      1,
      1,
      0,
      1
    ],
    [
      0,
      1,
      0,
      1,
      1
    ],
    [
      0,
      0,
      0,
      0,
      0
    ],
    [
      1,
      1,
      0,
      1,
      1
    ],
    [
      0,
      0,
      1,
      1,
      1
    ],
    [
      0,
      0,
      0,
      0,
      0
    ],
    [
      1,
      1,
      0,
      1,
      1
    ],
    [
      1,
      1,
      0,
      1,
      0
    ],
    [
      0,
      0,
      0,
      0,
      0
    ],
    [
      0,
      0,
      0,
      0,
      0
    ],
    [
      0,
      1,
      1,
      0,
      1
    ],
    [
      1,
      0,
      0,
      1,
      1
    ],
    [
      0,
      0,
      0,
      0,
      0
    ],
    [
      0,
      1,
      0,
      1,
      1
    ],
    [
      1,
      0,
      1,
      0,
      1
    ],
    [
      1,
      1,
      1,
      1,
      0
    ],
    [
      0,
      1,
      0,
      1,
      1
    ],
    [
      1,
      1,
      0,
      1,
      0
    ],
    [
      1,
      1,
      1,
      0,
      1
    ],
    [
      1,
      1,
      0,
      1,
      1
    ],
    [
      1,
      1,
      1,
      0,
      0
    ],
    [
      0,
      0,
      0,
      0,
      0
    ],
    [
      1,
      1,
      0,
      1,
      0
    ],
    [
      0,
      0,
      1,
      0,
      1
    ],
    [
      1,
      1,
      1,
      1,
      1
    ],
    [
      1,
      0,
      1,
      1,
      0
    ],
    [
      1,
      1,
      1,
      1,
      1
    ],
    [
      1,
      1,
      1,
      1,
      1
    ],
    [
      0,
      1,
      1,
      1,
      0
    ],
    [
      0,
      1,
      0,
      1,
      1
    ]
  ],
  "assortments": [
    [
      0,
      0,
      0,
      0,
      0
    ],
    [
      0,
      0,
      0,
      0,
      1
    ],
    [
      0,
      0,
      0,
      1,
      0
    ],
    [
      0,
      0,
      0,
      1,
      1
    ],
    [
      0,
      0,
      1,
      0,
      0
    ],
    [
      0,
      0,
      1,
      0,
      1
    ],
    [
      0,
      0,
      1,
      1,
      0
    ],
    [
      0,
      0,
      1,
      1,
      1
    ],
    [
      0,
      1,
      0,
      0,
      0
    ],
    [
      0,
      1,
      0,
      0,
      1
    ],
    [
      0,
      1,
      0,
      1,
      0
    ],
    [
      0,
      1,
      0,
      1,
      1
    ],
    [
      0,
      1,
      1,
      0,
      0
    ],
    [
      0,
      1,
      1,
      0,
      1
    ],
    [
      0,
      1,
      1,
      1,
      0
    ],
    [
      0,
      1,
      1,
      1,
      1
    ],
    [
      1,
      0,
      0,
      0,
      0
    ],
    [
      1,
      0,
      0,
      0,
      1
    ],
    [
      1,
      0,
      0,
      1,
      0
    ],
    [
      1,
      0,
      0,
      1,
      1
    ],
    [
      1,
      0,
      1,
      0,
      0
    ],
    [
      1,
      0,
      1,
      0,
      1
    ],
    [
      1,
      0,
      1,
      1,
      0
    ],
    [
      1,
      0,
      1,
      1,
      1
    ],
    [
      1,
      1,
      0,
      0,
      0
    ],
    [
      1,
      1,
      0,
      0,
      1
    ],
    [
      1,
      1,
      0,
      1,
      0
    ],
    [
      1,
      1,
      0,
      1,
      1
    ],
    [
      1,
      1,
      1,
      0,
      0
    ],
    [
      1,
      1,
      1,
      0,
      1
    ],
    [
      1,
      1,
      1,
      1,
      0
    ],
    [
      1,
      1,
      1,
      1,
      1
    ]
  ]
}