{
  "solver_status": 2,
  "feasible": true,
  "mb_formulation_version": 5,
  "runtime": 142.16462802886963,
  "wall_time": 142.1663670539856,
  "mip_gap": 0.009703927953468807,
  "objective": 1.610678649230934,
  "bundle_space_size": 32,
  "policy_scope": "full_bundle_prices",
  "bundle_prices": {
    "0": 0.0,
    "1": 10.304945063677268,
    "2": 8.105291282292058,
    "3": 17.89083066110473,
    "5": 16.343012170183965,
    "6": 13.871989192977953,
    "7": 23.72082161918497,
    "10": 11.731143042887062,
    "13": 19.53042366365247,
    "15": 27.12506635515848,
    "16": 1.7803888197780362,
    "17": 11.303163409064402,
    "19": 18.842104034967285,
    "21": 16.946891182452084,
    "22": 14.875983175911795,
    "23": 24.214001120788964,
    "27": 22.66780032144962,
    "30": 18.017905177970086,
    "31": 27.88509752305851
  },
  "bundle_prices_full": {
    "0": 0.0,
    "1": 10.304945063677268,
    "2": 8.105291282292058,
    "3": 17.89083066110473,
    "4": 29.454453422911413,
    "5": 16.343012170183965,
    "6": 13.871989192977953,
    "7": 23.72082161918497,
    "8": 29.454453422911413,
    "9": 29.454453422911413,
    "10": 11.731143042887062,
    "11": 22.03608810656433,
    "12": 29.454453422911413,
    "13": 19.53042366365247,
    "14": 29.454453422911413,
    "15": 27.12506635515848,
    "16": 1.7803888197780362,
    "17": 11.303163409064402,
    "18": 9.885680102070094,
    "19": 18.842104034967285,
    "20": 29.454453422911413,
    "21": 16.946891182452084,
    "22": 14.875983175911795,
    "23": 24.214001120788964,
    "24": 29.454453422911413,
    "25": 29.454453422911413,
    "26": 13.511531862665098,
    "27": 22.66780032144962,
    "28": 29.454453422911413,
    "29": 21.310812483430507,
    "30": 18.017905177970086,
    "31": 27.88509752305851
  },
  "bundle_prices_selected": {
    "0": 0.0,
    "1": 10.304945063677268,
    "2": 8.105291282292058,
    "3": 17.89083066110473,
    "5": 16.343012170183965,
    "6": 13.871989192977953,
    "7": 23.72082161918497,
    "10": 11.731143042887062,
    "13": 19.53042366365247,
    "15": 27.12506635515848,
    "16": 1.7803888197780362,
    "17": 11.303163409064402,
    "19": 18.842104034967285,
    "21": 16.946891182452084,
    "22": 14.875983175911795,
    "23": 24.214001120788964,
    "27": 22.66780032144962,
    "30": 18.017905177970086,
    "31": 27.88509752305851
  },
  "chosen_bundle_idx_by_customer": [
    30,
    15,
    27,
    31,
    22,
    31,
    19,
    19,
    7,
    16,
    23,
    23,
    0,
    23,
    3,
    23,
    0,
    23,
    0,
    23,
    31,
    30,
    23,
    31,
    23,
    10,
    5,
    2,
    1,
    23,
    17,
    15,
    3,
    6,
    13,
    3,
    21,
    23,
    23,
    19,
    7,
    1,
    23,
    31,
    27,
    23,
    17,
    23,
    31,
    23
  ],
  "chosen_product_matrix": [
    [
      1,
      1,
      1,
      1,
      0
    ],
    [
      0,
      1,
      1,
      1,
      1
    ],
    [
      1,
      1,
      0,
      1,
      1
    ],
    [
      1,
      1,
      1,
      1,
      1
    ],
    [
      1,
      0,
      1,
      1,
      0
    ],
    [
      1,
      1,
      1,
      1,
      1
    ],
    [
      1,
      0,
      0,
      1,
      1
    ],
    [
      1,
      0,
      0,
      1,
      1
    ],
    [
      0,
      0,
      1,
      1,
      1
    ],
    [
      1,
      0,
      0,
      0,
      0
    ],
    [
      1,
      0,
      1,
      1,
      1
    ],
    [
      1,
      0,
      1,
      1,
      1
    ],
    [
      0,
      0,
      0,
      0,
      0
    ],
    [
      1,
      0,
      1,
      1,
      1
    ],
    [
      0,
      0,
      0,
      1,
      1
    ],
    [
      1,
      0,
      1,
      1,
      1
    ],
    [
      0,
      0,
      0,
      0,
      0
    ],
    [
      1,
      0,
      1,
      1,
      1
    ],
    [
      0,
      0,
      0,
      0,
      0
    ],
    [
      1,
      0,
      1,
      1,
      1
    ],
    [
      1,
      1,
      1,
      1,
      1
    ],
    [
      1,
      1,
      1,
      1,
      0
    ],
    [
      1,
      0,
      1,
      1,
      1
    ],
    [
      1,
      1,
      1,
      1,
      1
    ],
    [
      1,
      0,
      1,
      1,
      1
    ],
    [
      0,
      1,
      0,
      1,
      0
    ],
    [
      0,
      0,
      1,
      0,
      1
    ],
    [
      0,
      0,
      0,
      1,
      0
    ],
    [
      0,
      0,
      0,
      0,
      1
    ],
    [
      1,
      0,
      1,
      1,
      1
    ],
    [
      1,
      0,
      0,
      0,
      1
    ],
    [
      0,
      1,
      1,
      1,
      1
    ],
    [
      0,
      0,
      0,
      1,
      1
    ],
    [
      0,
      0,
      1,
      1,
      0
    ],
    [
      0,
      1,
      1,
      0,
      1
    ],
    [
      0,
      0,
      0,
      1,
      1
    ],
    [
      1,
      0,
      1,
      0,
      1
    ],
    [
      1,
      0,
      1,
      1,
      1
    ],
    [
      1,
      0,
      1,
      1,
      1
    ],
    [
      1,
      0,
      0,
      1,
      1
    ],
    [
      0,
      0,
      1,
      1,
      1
    ],
    [
      0,
      0,
      0,
      0,
      1
    ],
    [
      1,
      0,
      1,
      1,
      1
    ],
    [
      1,
      1,
      1,
      1,
      1
    ],
    [
      1,
      1,
      0,
      1,
      1
    ],
    [
      1,
      0,
      1,
      1,
      1
    ],
    [
      1,
      0,
      0,
      0,
      1
    ],
    [
      1,
      0,
      1,
      1,
      1
    ],
    [
      1,
      1,
      1,
      1,
      1
    ],
    [
      1,
      0,
      1,
      1,
      1
    ]
  ],
  "assortments": [
    [
      0,
      0,
      0,
      0,
      0
    ],
    [
      0,
      0,
      0,
      0,
      1
    ],
    [
      0,
      0,
      0,
      1,
      0
    ],
    [
      0,
      0,
      0,
      1,
      1
    ],
    [
      0,
      0,
      1,
      0,
      0
    ],
    [
      0,
      0,
      1,
      0,
      1
    ],
    [
      0,
      0,
      1,
      1,
      0
    ],
    [
      0,
      0,
      1,
      1,
      1
    ],
    [
      0,
      1,
      0,
      0,
      0
    ],
    [
      0,
      1,
      0,
      0,
      1
    ],
    [
      0,
      1,
      0,
      1,
      0
    ],
    [
      0,
      1,
      0,
      1,
      1
    ],
    [
      0,
      1,
      1,
      0,
      0
    ],
    [
      0,
      1,
      1,
      0,
      1
    ],
    [
      0,
      1,
      1,
      1,
      0
    ],
    [
      0,
      1,
      1,
      1,
      1
    ],
    [
      1,
      0,
      0,
      0,
      0
    ],
    [
      1,
      0,
      0,
      0,
      1
    ],
    [
      1,
      0,
      0,
      1,
      0
    ],
    [
      1,
      0,
      0,
      1,
      1
    ],
    [
      1,
      0,
      1,
      0,
      0
    ],
    [
      1,
      0,
      1,
      0,
      1
    ],
    [
      1,
      0,
      1,
      1,
      0
    ],
    [
      1,
      0,
      1,
      1,
      1
    ],
    [
      1,
      1,
      0,
      0,
      0
    ],
    [
      1,
      1,
      0,
      0,
      1
    ],
    [
      1,
      1,
      0,
      1,
      0
    ],
    [
      1,
      1,
      0,
      1,
      1
    ],
    [
      1,
      1,
      1,
      0,
      0
    ],
    [
      1,
      1,
      1,
      0,
      1
    ],
    [
      1,
      1,
      1,
      1,
      0
    ],
    [
      1,
      1,
      1,
      1,
      1
    ]
  ]
}