{
  "solver_status": 2,
  "feasible": true,
  "mb_formulation_version": 5,
  "runtime": 230.55799984931946,
  "wall_time": 230.5597927570343,
  "mip_gap": 0.009916741723189479,
  "objective": 1.4973900848554924,
  "bundle_space_size": 32,
  "policy_scope": "full_bundle_prices",
  "bundle_prices": {
    "0": 0.0,
    "1": 10.57946213313115,
    "5": 16.30555488976393,
    "7": 24.41655046787246,
    "8": 3.795908240487642,
    "11": 22.29619241242387,
    "12": 9.044841867941127,
    "15": 27.22064177358417,
    "17": 11.484228523639997,
    "18": 9.599400758036083,
    "22": 15.228789097529033,
    "23": 25.71155902589406,
    "25": 15.28013676412764,
    "27": 22.68155482555523,
    "28": 10.371779689281135,
    "30": 18.137909644983473,
    "31": 27.978919980105843
  },
  "bundle_prices_full": {
    "0": 0.0,
    "1": 10.57946213313115,
    "2": 30.237135243488694,
    "3": 30.237135243488694,
    "4": 30.237135243488694,
    "5": 16.30555488976393,
    "6": 30.237135243488694,
    "7": 24.41655046787246,
    "8": 3.795908240487642,
    "9": 14.375370373618793,
    "10": 30.237135243488694,
    "11": 22.29619241242387,
    "12": 9.044841867941127,
    "13": 19.624304001072275,
    "14": 30.237135243488694,
    "15": 27.22064177358417,
    "16": 30.237135243488694,
    "17": 11.484228523639997,
    "18": 9.599400758036083,
    "19": 20.178862891167235,
    "20": 30.237135243488694,
    "21": 30.237135243488694,
    "22": 15.228789097529033,
    "23": 25.71155902589406,
    "24": 30.237135243488694,
    "25": 15.28013676412764,
    "26": 13.395308998523724,
    "27": 22.68155482555523,
    "28": 10.371779689281135,
    "29": 20.529070391581122,
    "30": 18.137909644983473,
    "31": 27.978919980105843
  },
  "bundle_prices_selected": {
    "0": 0.0,
    "1": 10.57946213313115,
    "5": 16.30555488976393,
    "7": 24.41655046787246,
    "8": 3.795908240487642,
    "11": 22.29619241242387,
    "12": 9.044841867941127,
    "15": 27.22064177358417,
    "17": 11.484228523639997,
    "18": 9.599400758036083,
    "22": 15.228789097529033,
    "23": 25.71155902589406,
    "25": 15.28013676412764,
    "27": 22.68155482555523,
    "28": 10.371779689281135,
    "30": 18.137909644983473,
    "31": 27.978919980105843
  },
  "chosen_bundle_idx_by_customer": [
    0,
    31,
    31,
    31,
    12,
    0,
    28,
    12,
    0,
    30,
    17,
    31,
    31,
    0,
    27,
    0,
    0,
    27,
    12,
    28,
    31,
    31,
    31,
    0,
    0,
    27,
    0,
    0,
    1,
    31,
    11,
    27,
    7,
    22,
    31,
    31,
    18,
    12,
    0,
    11,
    0,
    15,
    12,
    0,
    23,
    8,
    5,
    15,
    25,
    17
  ],
  "chosen_product_matrix": [
    [
      0,
      0,
      0,
      0,
      0
    ],
    [
      1,
      1,
      1,
      1,
      1
    ],
    [
      1,
      1,
      1,
      1,
      1
    ],
    [
      1,
      1,
      1,
      1,
      1
    ],
    [
      0,
      1,
      1,
      0,
      0
    ],
    [
      0,
      0,
      0,
      0,
      0
    ],
    [
      1,
      1,
      1,
      0,
      0
    ],
    [
      0,
      1,
      1,
      0,
      0
    ],
    [
      0,
      0,
      0,
      0,
      0
    ],
    [
      1,
      1,
      1,
      1,
      0
    ],
    [
      1,
      0,
      0,
      0,
      1
    ],
    [
      1,
      1,
      1,
      1,
      1
    ],
    [
      1,
      1,
      1,
      1,
      1
    ],
    [
      0,
      0,
      0,
      0,
      0
    ],
    [
      1,
      1,
      0,
      1,
      1
    ],
    [
      0,
      0,
      0,
      0,
      0
    ],
    [
      0,
      0,
      0,
      0,
      0
    ],
    [
      1,
      1,
      0,
      1,
      1
    ],
    [
      0,
      1,
      1,
      0,
      0
    ],
    [
      1,
      1,
      1,
      0,
      0
    ],
    [
      1,
      1,
      1,
      1,
      1
    ],
    [
      1,
      1,
      1,
      1,
      1
    ],
    [
      1,
      1,
      1,
      1,
      1
    ],
    [
      0,
      0,
      0,
      0,
      0
    ],
    [
      0,
      0,
      0,
      0,
      0
    ],
    [
      1,
      1,
      0,
      1,
      1
    ],
    [
      0,
      0,
      0,
      0,
      0
    ],
    [
      0,
      0,
      0,
      0,
      0
    ],
    [
      0,
      0,
      0,
      0,
      1
    ],
    [
      1,
      1,
      1,
      1,
      1
    ],
    [
      0,
      1,
      0,
      1,
      1
    ],
    [
      1,
      1,
      0,
      1,
      1
    ],
    [
      0,
      0,
      1,
      1,
      1
    ],
    [
      1,
      0,
      1,
      1,
      0
    ],
    [
      1,
      1,
      1,
      1,
      1
    ],
    [
      1,
      1,
      1,
      1,
      1
    ],
    [
      1,
      0,
      0,
      1,
      0
    ],
    [
      0,
      1,
      1,
      0,
      0
    ],
    [
      0,
      0,
      0,
      0,
      0
    ],
    [
      0,
      1,
      0,
      1,
      1
    ],
    [
      0,
      0,
      0,
      0,
      0
    ],
    [
      0,
      1,
      1,
      1,
      1
    ],
    [
      0,
      1,
      1,
      0,
      0
    ],
    [
      0,
      0,
      0,
      0,
      0
    ],
    [
      1,
      0,
      1,
      1,
      1
    ],
    [
      0,
      1,
      0,
      0,
      0
    ],
    [
      0,
      0,
      1,
      0,
      1
    ],
    [
      0,
      1,
      1,
      1,
      1
    ],
    [
      1,
      1,
      0,
      0,
      1
    ],
    [
      1,
      0,
      0,
      0,
      1
    ]
  ],
  "assortments": [
    [
      0,
      0,
      0,
      0,
      0
    ],
    [
      0,
      0,
      0,
      0,
      1
    ],
    [
      0,
      0,
      0,
      1,
      0
    ],
    [
      0,
      0,
      0,
      1,
      1
    ],
    [
      0,
      0,
      1,
      0,
      0
    ],
    [
      0,
      0,
      1,
      0,
      1
    ],
    [
      0,
      0,
      1,
      1,
      0
    ],
    [
      0,
      0,
      1,
      1,
      1
    ],
    [
      0,
      1,
      0,
      0,
      0
    ],
    [
      0,
      1,
      0,
      0,
      1
    ],
    [
      0,
      1,
      0,
      1,
      0
    ],
    [
      0,
      1,
      0,
      1,
      1
    ],
    [
      0,
      1,
      1,
      0,
      0
    ],
    [
      0,
      1,
      1,
      0,
      1
    ],
    [
      0,
      1,
      1,
      1,
      0
    ],
    [
      0,
      1,
      1,
      1,
      1
    ],
    [
      1,
      0,
      0,
      0,
      0
    ],
    [
      1,
      0,
      0,
      0,
      1
    ],
    [
      1,
      0,
      0,
      1,
      0
    ],
    [
      1,
      0,
      0,
      1,
      1
    ],
    [
      1,
      0,
      1,
      0,
      0
    ],
    [
      1,
      0,
      1,
      0,
      1
    ],
    [
      1,
      0,
      1,
      1,
      0
    ],
    [
      1,
      0,
      1,
      1,
      1
    ],
    [
      1,
      1,
      0,
      0,
      0
    ],
    [
      1,
      1,
      0,
      0,
      1
    ],
    [
      1,
      1,
      0,
      1,
      0
    ],
    [
      1,
      1,
      0,
      1,
      1
    ],
    [
      1,
      1,
      1,
      0,
      0
    ],
    [
      1,
      1,
      1,
      0,
      1
    ],
    [
      1,
      1,
      1,
      1,
      0
    ],
    [
      1,
      1,
      1,
      1,
      1
    ]
  ]
}