{
  "solver_status": 2,
  "feasible": true,
  "mb_formulation_version": 5,
  "runtime": 131.01402282714844,
  "wall_time": 131.01582884788513,
  "mip_gap": 0.009972856943162607,
  "objective": 1.518802567023368,
  "bundle_space_size": 32,
  "policy_scope": "full_bundle_prices",
  "bundle_prices": {
    "0": 0.0,
    "1": 10.544464760191943,
    "2": 8.33871289555643,
    "6": 14.218972985660049,
    "7": 24.31718702908894,
    "9": 13.732318358013421,
    "11": 22.07103125356985,
    "13": 19.23581088261185,
    "14": 17.25926033772678,
    "15": 27.396404936302226,
    "20": 7.089649978130007,
    "21": 16.951269494890415,
    "22": 15.363090461733961,
    "23": 25.179704456077378,
    "24": 4.701537800666009,
    "30": 18.141250601243737,
    "31": 27.8557230202172
  },
  "bundle_prices_full": {
    "0": 0.0,
    "1": 10.544464760191943,
    "2": 8.33871289555643,
    "3": 18.883177655748373,
    "4": 30.233309868696725,
    "5": 30.233309868696725,
    "6": 14.218972985660049,
    "7": 24.31718702908894,
    "8": 30.233309868696725,
    "9": 13.732318358013421,
    "10": 30.233309868696725,
    "11": 22.07103125356985,
    "12": 30.233309868696725,
    "13": 19.23581088261185,
    "14": 17.25926033772678,
    "15": 27.396404936302226,
    "16": 30.233309868696725,
    "17": 30.233309868696725,
    "18": 30.233309868696725,
    "19": 30.233309868696725,
    "20": 7.089649978130007,
    "21": 16.951269494890415,
    "22": 15.363090461733961,
    "23": 25.179704456077378,
    "24": 4.701537800666009,
    "25": 15.246002560857953,
    "26": 13.04025069622244,
    "27": 23.584715456414383,
    "28": 30.233309868696725,
    "29": 20.821968336143428,
    "30": 18.141250601243737,
    "31": 27.8557230202172
  },
  "bundle_prices_selected": {
    "0": 0.0,
    "1": 10.544464760191943,
    "2": 8.33871289555643,
    "6": 14.218972985660049,
    "7": 24.31718702908894,
    "9": 13.732318358013421,
    "11": 22.07103125356985,
    "13": 19.23581088261185,
    "14": 17.25926033772678,
    "15": 27.396404936302226,
    "20": 7.089649978130007,
    "21": 16.951269494890415,
    "22": 15.363090461733961,
    "23": 25.179704456077378,
    "24": 4.701537800666009,
    "30": 18.141250601243737,
    "31": 27.8557230202172
  },
  "chosen_bundle_idx_by_customer": [
    9,
    13,
    11,
    0,
    31,
    31,
    31,
    31,
    7,
    23,
    6,
    31,
    0,
    13,
    14,
    0,
    31,
    30,
    0,
    30,
    21,
    20,
    21,
    0,
    30,
    21,
    31,
    0,
    1,
    9,
    2,
    21,
    15,
    31,
    0,
    0,
    22,
    23,
    31,
    24,
    0,
    21,
    0,
    20,
    31,
    31,
    31,
    31,
    0,
    0
  ],
  "chosen_product_matrix": [
    [
      0,
      1,
      0,
      0,
      1
    ],
    [
      0,
      1,
      1,
      0,
      1
    ],
    [
      0,
      1,
      0,
      1,
      1
    ],
    [
      0,
      0,
      0,
      0,
      0
    ],
    [
      1,
      1,
      1,
      1,
      1
    ],
    [
      1,
      1,
      1,
      1,
      1
    ],
    [
      1,
      1,
      1,
      1,
      1
    ],
    [
      1,
      1,
      1,
      1,
      1
    ],
    [
      0,
      0,
      1,
      1,
      1
    ],
    [
      1,
      0,
      1,
      1,
      1
    ],
    [
      0,
      0,
      1,
      1,
      0
    ],
    [
      1,
      1,
      1,
      1,
      1
    ],
    [
      0,
      0,
      0,
      0,
      0
    ],
    [
      0,
      1,
      1,
      0,
      1
    ],
    [
      0,
      1,
      1,
      1,
      0
    ],
    [
      0,
      0,
      0,
      0,
      0
    ],
    [
      1,
      1,
      1,
      1,
      1
    ],
    [
      1,
      1,
      1,
      1,
      0
    ],
    [
      0,
      0,
      0,
      0,
      0
    ],
    [
      1,
      1,
      1,
      1,
      0
    ],
    [
      1,
      0,
      1,
      0,
      1
    ],
    [
      1,
      0,
      1,
      0,
      0
    ],
    [
      1,
      0,
      1,
      0,
      1
    ],
    [
      0,
      0,
      0,
      0,
      0
    ],
    [
      1,
      1,
      1,
      1,
      0
    ],
    [
      1,
      0,
      1,
      0,
      1
    ],
    [
      1,
      1,
      1,
      1,
      1
    ],
    [
      0,
      0,
      0,
      0,
      0
    ],
    [
      0,
      0,
      0,
      0,
      1
    ],
    [
      0,
      1,
      0,
      0,
      1
    ],
    [
      0,
      0,
      0,
      1,
      0
    ],
    [
      1,
      0,
      1,
      0,
      1
    ],
    [
      0,
      1,
      1,
      1,
      1
    ],
    [
      1,
      1,
      1,
      1,
      1
    ],
    [
      0,
      0,
      0,
      0,
      0
    ],
    [
      0,
      0,
      0,
      0,
      0
    ],
    [
      1,
      0,
      1,
      1,
      0
    ],
    [
      1,
      0,
      1,
      1,
      1
    ],
    [
      1,
      1,
      1,
      1,
      1
    ],
    [
      1,
      1,
      0,
      0,
      0
    ],
    [
      0,
      0,
      0,
      0,
      0
    ],
    [
      1,
      0,
      1,
      0,
      1
    ],
    [
      0,
      0,
      0,
      0,
      0
    ],
    [
      1,
      0,
      1,
      0,
      0
    ],
    [
      1,
      1,
      1,
      1,
      1
    ],
    [
      1,
      1,
      1,
      1,
      1
    ],
    [
      1,
      1,
      1,
      1,
      1
    ],
    [
      1,
      1,
      1,
      1,
      1
    ],
    [
      0,
      0,
      0,
      0,
      0
    ],
    [
      0,
      0,
      0,
      0,
      0
    ]
  ],
  "assortments": [
    [
      0,
      0,
      0,
      0,
      0
    ],
    [
      0,
      0,
      0,
      0,
      1
    ],
    [
      0,
      0,
      0,
      1,
      0
    ],
    [
      0,
      0,
      0,
      1,
      1
    ],
    [
      0,
      0,
      1,
      0,
      0
    ],
    [
      0,
      0,
      1,
      0,
      1
    ],
    [
      0,
      0,
      1,
      1,
      0
    ],
    [
      0,
      0,
      1,
      1,
      1
    ],
    [
      0,
      1,
      0,
      0,
      0
    ],
    [
      0,
      1,
      0,
      0,
      1
    ],
    [
      0,
      1,
      0,
      1,
      0
    ],
    [
      0,
      1,
      0,
      1,
      1
    ],
    [
      0,
      1,
      1,
      0,
      0
    ],
    [
      0,
      1,
      1,
      0,
      1
    ],
    [
      0,
      1,
      1,
      1,
      0
    ],
    [
      0,
      1,
      1,
      1,
      1
    ],
    [
      1,
      0,
      0,
      0,
      0
    ],
    [
      1,
      0,
      0,
      0,
      1
    ],
    [
      1,
      0,
      0,
      1,
      0
    ],
    [
      1,
      0,
      0,
      1,
      1
    ],
    [
      1,
      0,
      1,
      0,
      0
    ],
    [
      1,
      0,
      1,
      0,
      1
    ],
    [
      1,
      0,
      1,
      1,
      0
    ],
    [
      1,
      0,
      1,
      1,
      1
    ],
    [
      1,
      1,
      0,
      0,
      0
    ],
    [
      1,
      1,
      0,
      0,
      1
    ],
    [
      1,
      1,
      0,
      1,
      0
    ],
    [
      1,
      1,
      0,
      1,
      1
    ],
    [
      1,
      1,
      1,
      0,
      0
    ],
    [
      1,
      1,
      1,
      0,
      1
    ],
    [
      1,
      1,
      1,
      1,
      0
    ],
    [
      1,
      1,
      1,
      1,
      1
    ]
  ]
}