{
  "solver_status": 2,
  "feasible": true,
  "mb_formulation_version": 5,
  "runtime": 47.613728046417236,
  "wall_time": 47.61549687385559,
  "mip_gap": 0.009857790117393853,
  "objective": 1.6788482356075942,
  "bundle_space_size": 32,
  "policy_scope": "full_bundle_prices",
  "bundle_prices": {
    "0": 0.0,
    "1": 10.542554906172,
    "2": 8.414374547070251,
    "3": 18.311797942114417,
    "5": 16.162260160907792,
    "6": 13.837389882602896,
    "7": 23.54838042968839,
    "11": 21.53867674663558,
    "13": 19.58893839917186,
    "14": 17.188007179091578,
    "15": 26.802651079812062,
    "17": 11.747826936986533,
    "18": 9.396797333926648,
    "19": 19.666169501780995,
    "21": 17.717348185239853,
    "23": 25.089510628554564,
    "26": 12.70561744292847,
    "27": 22.486534407033513,
    "28": 10.79788586077967,
    "29": 20.541534604629735,
    "30": 18.06301889834658,
    "31": 27.712446041172704
  },
  "bundle_prices_full": {
    "0": 0.0,
    "1": 10.542554906172,
    "2": 8.414374547070251,
    "3": 18.311797942114417,
    "4": 15.474782597760678,
    "5": 16.162260160907792,
    "6": 13.837389882602896,
    "7": 23.54838042968839,
    "8": 3.640669510589424,
    "9": 14.183224416761423,
    "10": 12.055044057659675,
    "11": 21.53867674663558,
    "12": 18.543097529176148,
    "13": 19.58893839917186,
    "14": 17.188007179091578,
    "15": 26.802651079812062,
    "16": 1.579705411749581,
    "17": 11.747826936986533,
    "18": 9.396797333926648,
    "19": 19.666169501780995,
    "20": 16.39688003925384,
    "21": 17.717348185239853,
    "22": 15.417095294352464,
    "23": 25.089510628554564,
    "24": 4.7023957760673385,
    "25": 15.244950682239335,
    "26": 12.70561744292847,
    "27": 22.486534407033513,
    "28": 10.79788586077967,
    "29": 20.541534604629735,
    "30": 18.06301889834658,
    "31": 27.712446041172704
  },
  "bundle_prices_selected": {
    "0": 0.0,
    "1": 10.542554906172,
    "2": 8.414374547070251,
    "3": 18.311797942114417,
    "5": 16.162260160907792,
    "6": 13.837389882602896,
    "7": 23.54838042968839,
    "11": 21.53867674663558,
    "13": 19.58893839917186,
    "14": 17.188007179091578,
    "15": 26.802651079812062,
    "17": 11.747826936986533,
    "18": 9.396797333926648,
    "19": 19.666169501780995,
    "21": 17.717348185239853,
    "23": 25.089510628554564,
    "26": 12.70561744292847,
    "27": 22.486534407033513,
    "28": 10.79788586077967,
    "29": 20.541534604629735,
    "30": 18.06301889834658,
    "31": 27.712446041172704
  },
  "chosen_bundle_idx_by_customer": [
    15,
    1,
    0,
    31,
    14,
    28,
    11,
    7,
    3,
    0,
    7,
    30,
    11,
    0,
    27,
    7,
    5,
    15,
    14,
    15,
    31,
    17,
    7,
    21,
    31,
    31,
    31,
    0,
    0,
    15,
    11,
    29,
    27,
    31,
    31,
    0,
    26,
    7,
    2,
    6,
    27,
    27,
    6,
    18,
    13,
    29,
    19,
    0,
    15,
    23
  ],
  "chosen_product_matrix": [
    [
      0,
      1,
      1,
      1,
      1
    ],
    [
      0,
      0,
      0,
      0,
      1
    ],
    [
      0,
      0,
      0,
      0,
      0
    ],
    [
      1,
      1,
      1,
      1,
      1
    ],
    [
      0,
      1,
      1,
      1,
      0
    ],
    [
      1,
      1,
      1,
      0,
      0
    ],
    [
      0,
      1,
      0,
      1,
      1
    ],
    [
      0,
      0,
      1,
      1,
      1
    ],
    [
      0,
      0,
      0,
      1,
      1
    ],
    [
      0,
      0,
      0,
      0,
      0
    ],
    [
      0,
      0,
      1,
      1,
      1
    ],
    [
      1,
      1,
      1,
      1,
      0
    ],
    [
      0,
      1,
      0,
      1,
      1
    ],
    [
      0,
      0,
      0,
      0,
      0
    ],
    [
      1,
      1,
      0,
      1,
      1
    ],
    [
      0,
      0,
      1,
      1,
      1
    ],
    [
      0,
      0,
      1,
      0,
      1
    ],
    [
      0,
      1,
      1,
      1,
      1
    ],
    [
      0,
      1,
      1,
      1,
      0
    ],
    [
      0,
      1,
      1,
      1,
      1
    ],
    [
      1,
      1,
      1,
      1,
      1
    ],
    [
      1,
      0,
      0,
      0,
      1
    ],
    [
      0,
      0,
      1,
      1,
      1
    ],
    [
      1,
      0,
      1,
      0,
      1
    ],
    [
      1,
      1,
      1,
      1,
      1
    ],
    [
      1,
      1,
      1,
      1,
      1
    ],
    [
      1,
      1,
      1,
      1,
      1
    ],
    [
      0,
      0,
      0,
      0,
      0
    ],
    [
      0,
      0,
      0,
      0,
      0
    ],
    [
      0,
      1,
      1,
      1,
      1
    ],
    [
      0,
      1,
      0,
      1,
      1
    ],
    [
      1,
      1,
      1,
      0,
      1
    ],
    [
      1,
      1,
      0,
      1,
      1
    ],
    [
      1,
      1,
      1,
      1,
      1
    ],
    [
      1,
      1,
      1,
      1,
      1
    ],
    [
      0,
      0,
      0,
      0,
      0
    ],
    [
      1,
      1,
      0,
      1,
      0
    ],
    [
      0,
      0,
      1,
      1,
      1
    ],
    [
      0,
      0,
      0,
      1,
      0
    ],
    [
      0,
      0,
      1,
      1,
      0
    ],
    [
      1,
      1,
      0,
      1,
      1
    ],
    [
      1,
      1,
      0,
      1,
      1
    ],
    [
      0,
      0,
      1,
      1,
      0
    ],
    [
      1,
      0,
      0,
      1,
      0
    ],
    [
      0,
      1,
      1,
      0,
      1
    ],
    [
      1,
      1,
      1,
      0,
      1
    ],
    [
      1,
      0,
      0,
      1,
      1
    ],
    [
      0,
      0,
      0,
      0,
      0
    ],
    [
      0,
      1,
      1,
      1,
      1
    ],
    [
      1,
      0,
      1,
      1,
      1
    ]
  ],
  "assortments": [
    [
      0,
      0,
      0,
      0,
      0
    ],
    [
      0,
      0,
      0,
      0,
      1
    ],
    [
      0,
      0,
      0,
      1,
      0
    ],
    [
      0,
      0,
      0,
      1,
      1
    ],
    [
      0,
      0,
      1,
      0,
      0
    ],
    [
      0,
      0,
      1,
      0,
      1
    ],
    [
      0,
      0,
      1,
      1,
      0
    ],
    [
      0,
      0,
      1,
      1,
      1
    ],
    [
      0,
      1,
      0,
      0,
      0
    ],
    [
      0,
      1,
      0,
      0,
      1
    ],
    [
      0,
      1,
      0,
      1,
      0
    ],
    [
      0,
      1,
      0,
      1,
      1
    ],
    [
      0,
      1,
      1,
      0,
      0
    ],
    [
      0,
      1,
      1,
      0,
      1
    ],
    [
      0,
      1,
      1,
      1,
      0
    ],
    [
      0,
      1,
      1,
      1,
      1
    ],
    [
      1,
      0,
      0,
      0,
      0
    ],
    [
      1,
      0,
      0,
      0,
      1
    ],
    [
      1,
      0,
      0,
      1,
      0
    ],
    [
      1,
      0,
      0,
      1,
      1
    ],
    [
      1,
      0,
      1,
      0,
      0
    ],
    [
      1,
      0,
      1,
      0,
      1
    ],
    [
      1,
      0,
      1,
      1,
      0
    ],
    [
      1,
      0,
      1,
      1,
      1
    ],
    [
      1,
      1,
      0,
      0,
      0
    ],
    [
      1,
      1,
      0,
      0,
      1
    ],
    [
      1,
      1,
      0,
      1,
      0
    ],
    [
      1,
      1,
      0,
      1,
      1
    ],
    [
      1,
      1,
      1,
      0,
      0
    ],
    [
      1,
      1,
      1,
      0,
      1
    ],
    [
      1,
      1,
      1,
      1,
      0
    ],
    [
      1,
      1,
      1,
      1,
      1
    ]
  ]
}