{
  "solver_status": 2,
  "feasible": true,
  "mb_formulation_version": 5,
  "runtime": 281.5496139526367,
  "wall_time": 281.5513892173767,
  "mip_gap": 0.009767834099516929,
  "objective": 1.5403237418193325,
  "bundle_space_size": 32,
  "policy_scope": "full_bundle_prices",
  "bundle_prices": {
    "0": 0.0,
    "1": 10.587830745307043,
    "3": 18.135412443922675,
    "5": 16.25218718202028,
    "7": 24.11112675809973,
    "10": 11.603910699114083,
    "11": 21.601329964861556,
    "13": 19.192230991977638,
    "14": 17.20094565161145,
    "15": 27.480878354844194,
    "16": 1.458325364834261,
    "17": 11.641764254913978,
    "19": 19.31164218627982,
    "20": 7.183888465253499,
    "21": 17.163070199295497,
    "22": 15.61877826849469,
    "23": 25.319300909176174,
    "29": 20.49438215289392,
    "30": 18.473232094866756,
    "31": 28.214308013068035
  },
  "bundle_prices_full": {
    "0": 0.0,
    "1": 10.587830745307043,
    "2": 30.57891427625245,
    "3": 18.135412443922675,
    "4": 30.57891427625245,
    "5": 16.25218718202028,
    "6": 30.57891427625245,
    "7": 24.11112675809973,
    "8": 30.57891427625245,
    "9": 30.57891427625245,
    "10": 11.603910699114083,
    "11": 21.601329964861556,
    "12": 30.57891427625245,
    "13": 19.192230991977638,
    "14": 17.20094565161145,
    "15": 27.480878354844194,
    "16": 1.458325364834261,
    "17": 11.641764254913978,
    "18": 30.57891427625245,
    "19": 19.31164218627982,
    "20": 7.183888465253499,
    "21": 17.163070199295497,
    "22": 15.61877826849469,
    "23": 25.319300909176174,
    "24": 30.57891427625245,
    "25": 30.57891427625245,
    "26": 13.062236063948344,
    "27": 23.059655329695815,
    "28": 30.57891427625245,
    "29": 20.49438215289392,
    "30": 18.473232094866756,
    "31": 28.214308013068035
  },
  "bundle_prices_selected": {
    "0": 0.0,
    "1": 10.587830745307043,
    "3": 18.135412443922675,
    "5": 16.25218718202028,
    "7": 24.11112675809973,
    "10": 11.603910699114083,
    "11": 21.601329964861556,
    "13": 19.192230991977638,
    "14": 17.20094565161145,
    "15": 27.480878354844194,
    "16": 1.458325364834261,
    "17": 11.641764254913978,
    "19": 19.31164218627982,
    "20": 7.183888465253499,
    "21": 17.163070199295497,
    "22": 15.61877826849469,
    "23": 25.319300909176174,
    "29": 20.49438215289392,
    "30": 18.473232094866756,
    "31": 28.214308013068035
  },
  "chosen_bundle_idx_by_customer": [
    14,
    16,
    0,
    0,
    22,
    0,
    7,
    31,
    14,
    5,
    0,
    31,
    31,
    10,
    0,
    1,
    13,
    31,
    31,
    31,
    31,
    13,
    0,
    0,
    14,
    11,
    0,
    0,
    17,
    14,
    11,
    13,
    21,
    13,
    13,
    19,
    3,
    21,
    20,
    0,
    17,
    23,
    31,
    30,
    0,
    0,
    13,
    11,
    15,
    29
  ],
  "chosen_product_matrix": [
    [
      0,
      1,
      1,
      1,
      0
    ],
    [
      1,
      0,
      0,
      0,
      0
    ],
    [
      0,
      0,
      0,
      0,
      0
    ],
    [
      0,
      0,
      0,
      0,
      0
    ],
    [
      1,
      0,
      1,
      1,
      0
    ],
    [
      0,
      0,
      0,
      0,
      0
    ],
    [
      0,
      0,
      1,
      1,
      1
    ],
    [
      1,
      1,
      1,
      1,
      1
    ],
    [
      0,
      1,
      1,
      1,
      0
    ],
    [
      0,
      0,
      1,
      0,
      1
    ],
    [
      0,
      0,
      0,
      0,
      0
    ],
    [
      1,
      1,
      1,
      1,
      1
    ],
    [
      1,
      1,
      1,
      1,
      1
    ],
    [
      0,
      1,
      0,
      1,
      0
    ],
    [
      0,
      0,
      0,
      0,
      0
    ],
    [
      0,
      0,
      0,
      0,
      1
    ],
    [
      0,
      1,
      1,
      0,
      1
    ],
    [
      1,
      1,
      1,
      1,
      1
    ],
    [
      1,
      1,
      1,
      1,
      1
    ],
    [
      1,
      1,
      1,
      1,
      1
    ],
    [
      1,
      1,
      1,
      1,
      1
    ],
    [
      0,
      1,
      1,
      0,
      1
    ],
    [
      0,
      0,
      0,
      0,
      0
    ],
    [
      0,
      0,
      0,
      0,
      0
    ],
    [
      0,
      1,
      1,
      1,
      0
    ],
    [
      0,
      1,
      0,
      1,
      1
    ],
    [
      0,
      0,
      0,
      0,
      0
    ],
    [
      0,
      0,
      0,
      0,
      0
    ],
    [
      1,
      0,
      0,
      0,
      1
    ],
    [
      0,
      1,
      1,
      1,
      0
    ],
    [
      0,
      1,
      0,
      1,
      1
    ],
    [
      0,
      1,
      1,
      0,
      1
    ],
    [
      1,
      0,
      1,
      0,
      1
    ],
    [
      0,
      1,
      1,
      0,
      1
    ],
    [
      0,
      1,
      1,
      0,
      1
    ],
    [
      1,
      0,
      0,
      1,
      1
    ],
    [
      0,
      0,
      0,
      1,
      1
    ],
    [
      1,
      0,
      1,
      0,
      1
    ],
    [
      1,
      0,
      1,
      0,
      0
    ],
    [
      0,
      0,
      0,
      0,
      0
    ],
    [
      1,
      0,
      0,
      0,
      1
    ],
    [
      1,
      0,
      1,
      1,
      1
    ],
    [
      1,
      1,
      1,
      1,
      1
    ],
    [
      1,
      1,
      1,
      1,
      0
    ],
    [
      0,
      0,
      0,
      0,
      0
    ],
    [
      0,
      0,
      0,
      0,
      0
    ],
    [
      0,
      1,
      1,
      0,
      1
    ],
    [
      0,
      1,
      0,
      1,
      1
    ],
    [
      0,
      1,
      1,
      1,
      1
    ],
    [
      1,
      1,
      1,
      0,
      1
    ]
  ],
  "assortments": [
    [
      0,
      0,
      0,
      0,
      0
    ],
    [
      0,
      0,
      0,
      0,
      1
    ],
    [
      0,
      0,
      0,
      1,
      0
    ],
    [
      0,
      0,
      0,
      1,
      1
    ],
    [
      0,
      0,
      1,
      0,
      0
    ],
    [
      0,
      0,
      1,
      0,
      1
    ],
    [
      0,
      0,
      1,
      1,
      0
    ],
    [
      0,
      0,
      1,
      1,
      1
    ],
    [
      0,
      1,
      0,
      0,
      0
    ],
    [
      0,
      1,
      0,
      0,
      1
    ],
    [
      0,
      1,
      0,
      1,
      0
    ],
    [
      0,
      1,
      0,
      1,
      1
    ],
    [
      0,
      1,
      1,
      0,
      0
    ],
    [
      0,
      1,
      1,
      0,
      1
    ],
    [
      0,
      1,
      1,
      1,
      0
    ],
    [
      0,
      1,
      1,
      1,
      1
    ],
    [
      1,
      0,
      0,
      0,
      0
    ],
    [
      1,
      0,
      0,
      0,
      1
    ],
    [
      1,
      0,
      0,
      1,
      0
    ],
    [
      1,
      0,
      0,
      1,
      1
    ],
    [
      1,
      0,
      1,
      0,
      0
    ],
    [
      1,
      0,
      1,
      0,
      1
    ],
    [
      1,
      0,
      1,
      1,
      0
    ],
    [
      1,
      0,
      1,
      1,
      1
    ],
    [
      1,
      1,
      0,
      0,
      0
    ],
    [
      1,
      1,
      0,
      0,
      1
    ],
    [
      1,
      1,
      0,
      1,
      0
    ],
    [
      1,
      1,
      0,
      1,
      1
    ],
    [
      1,
      1,
      1,
      0,
      0
    ],
    [
      1,
      1,
      1,
      0,
      1
    ],
    [
      1,
      1,
      1,
      1,
      0
    ],
    [
      1,
      1,
      1,
      1,
      1
    ]
  ]
}