{
  "solver_status": 9,
  "feasible": true,
  "mb_formulation_version": 5,
  "runtime": 300.00714206695557,
  "wall_time": 300.0089919567108,
  "mip_gap": 0.012974511653433423,
  "objective": 1.6790606148437985,
  "bundle_space_size": 32,
  "policy_scope": "full_bundle_prices",
  "bundle_prices": {
    "0": 0.0,
    "1": 10.468264998646408,
    "3": 18.29989545255349,
    "4": 5.81001794338662,
    "5": 15.914922709647959,
    "15": 26.929342437989554,
    "17": 11.974582251781504,
    "20": 7.149521227229052,
    "21": 16.90765311118986,
    "23": 24.546869729658763,
    "25": 14.806662342941022,
    "27": 22.58826399325804,
    "29": 20.49651162863142,
    "30": 18.68928419843997,
    "31": 28.036317731488115
  },
  "bundle_prices_full": {
    "0": 0.0,
    "1": 10.468264998646408,
    "2": 30.342867730030143,
    "3": 18.29989545255349,
    "4": 5.81001794338662,
    "5": 15.914922709647959,
    "6": 20.86304227384101,
    "7": 24.068064171590777,
    "8": 21.795941963603116,
    "9": 28.952389048632313,
    "10": 28.952389048632327,
    "11": 28.952389048632313,
    "12": 11.724142125021967,
    "13": 21.203968253968252,
    "14": 18.847617788095935,
    "15": 26.929342437989554,
    "16": 22.629594479526894,
    "17": 11.974582251781504,
    "18": 28.952389048632327,
    "19": 21.443493403717007,
    "20": 7.149521227229052,
    "21": 16.90765311118986,
    "22": 16.78136162712847,
    "23": 24.546869729658763,
    "24": 16.859290341939904,
    "25": 14.806662342941022,
    "26": 23.99668626811674,
    "27": 22.58826399325804,
    "28": 12.371426687403435,
    "29": 20.49651162863142,
    "30": 18.68928419843997,
    "31": 28.036317731488115
  },
  "bundle_prices_selected": {
    "0": 0.0,
    "1": 10.468264998646408,
    "3": 18.29989545255349,
    "4": 5.81001794338662,
    "5": 15.914922709647959,
    "15": 26.929342437989554,
    "17": 11.974582251781504,
    "20": 7.149521227229052,
    "21": 16.90765311118986,
    "23": 24.546869729658763,
    "25": 14.806662342941022,
    "27": 22.58826399325804,
    "29": 20.49651162863142,
    "30": 18.68928419843997,
    "31": 28.036317731488115
  },
  "chosen_bundle_idx_by_customer": [
    25,
    15,
    0,
    27,
    15,
    15,
    27,
    27,
    21,
    31,
    0,
    31,
    27,
    1,
    21,
    25,
    0,
    23,
    4,
    17,
    31,
    23,
    29,
    31,
    20,
    27,
    29,
    0,
    31,
    25,
    15,
    15,
    4,
    23,
    0,
    15,
    5,
    0,
    23,
    15,
    21,
    15,
    23,
    23,
    23,
    3,
    3,
    30,
    5,
    0
  ],
  "chosen_product_matrix": [
    [
      1,
      1,
      0,
      0,
      1
    ],
    [
      0,
      1,
      1,
      1,
      1
    ],
    [
      0,
      0,
      0,
      0,
      0
    ],
    [
      1,
      1,
      0,
      1,
      1
    ],
    [
      0,
      1,
      1,
      1,
      1
    ],
    [
      0,
      1,
      1,
      1,
      1
    ],
    [
      1,
      1,
      0,
      1,
      1
    ],
    [
      1,
      1,
      0,
      1,
      1
    ],
    [
      1,
      0,
      1,
      0,
      1
    ],
    [
      1,
      1,
      1,
      1,
      1
    ],
    [
      0,
      0,
      0,
      0,
      0
    ],
    [
      1,
      1,
      1,
      1,
      1
    ],
    [
      1,
      1,
      0,
      1,
      1
    ],
    [
      0,
      0,
      0,
      0,
      1
    ],
    [
      1,
      0,
      1,
      0,
      1
    ],
    [
      1,
      1,
      0,
      0,
      1
    ],
    [
      0,
      0,
      0,
      0,
      0
    ],
    [
      1,
      0,
      1,
      1,
      1
    ],
    [
      0,
      0,
      1,
      0,
      0
    ],
    [
      1,
      0,
      0,
      0,
      1
    ],
    [
      1,
      1,
      1,
      1,
      1
    ],
    [
      1,
      0,
      1,
      1,
      1
    ],
    [
      1,
      1,
      1,
      0,
      1
    ],
    [
      1,
      1,
      1,
      1,
      1
    ],
    [
      1,
      0,
      1,
      0,
      0
    ],
    [
      1,
      1,
      0,
      1,
      1
    ],
    [
      1,
      1,
      1,
      0,
      1
    ],
    [
      0,
      0,
      0,
      0,
      0
    ],
    [
      1,
      1,
      1,
      1,
      1
    ],
    [
      1,
      1,
      0,
      0,
      1
    ],
    [
      0,
      1,
      1,
      1,
      1
    ],
    [
      0,
      1,
      1,
      1,
      1
    ],
    [
      0,
      0,
      1,
      0,
      0
    ],
    [
      1,
      0,
      1,
      1,
      1
    ],
    [
      0,
      0,
      0,
      0,
      0
    ],
    [
      0,
      1,
      1,
      1,
      1
    ],
    [
      0,
      0,
      1,
      0,
      1
    ],
    [
      0,
      0,
      0,
      0,
      0
    ],
    [
      1,
      0,
      1,
      1,
      1
    ],
    [
      0,
      1,
      1,
      1,
      1
    ],
    [
      1,
      0,
      1,
      0,
      1
    ],
    [
      0,
      1,
      1,
      1,
      1
    ],
    [
      1,
      0,
      1,
      1,
      1
    ],
    [
      1,
      0,
      1,
      1,
      1
    ],
    [
      1,
      0,
      1,
      1,
      1
    ],
    [
      0,
      0,
      0,
      1,
      1
    ],
    [
      0,
      0,
      0,
      1,
      1
    ],
    [
      1,
      1,
      1,
      1,
      0
    ],
    [
      0,
      0,
      1,
      0,
      1
    ],
    [
      0,
      0,
      0,
      0,
      0
    ]
  ],
  "assortments": [
    [
      0,
      0,
      0,
      0,
      0
    ],
    [
      0,
      0,
      0,
      0,
      1
    ],
    [
      0,
      0,
      0,
      1,
      0
    ],
    [
      0,
      0,
      0,
      1,
      1
    ],
    [
      0,
      0,
      1,
      0,
      0
    ],
    [
      0,
      0,
      1,
      0,
      1
    ],
    [
      0,
      0,
      1,
      1,
      0
    ],
    [
      0,
      0,
      1,
      1,
      1
    ],
    [
      0,
      1,
      0,
      0,
      0
    ],
    [
      0,
      1,
      0,
      0,
      1
    ],
    [
      0,
      1,
      0,
      1,
      0
    ],
    [
      0,
      1,
      0,
      1,
      1
    ],
    [
      0,
      1,
      1,
      0,
      0
    ],
    [
      0,
      1,
      1,
      0,
      1
    ],
    [
      0,
      1,
      1,
      1,
      0
    ],
    [
      0,
      1,
      1,
      1,
      1
    ],
    [
      1,
      0,
      0,
      0,
      0
    ],
    [
      1,
      0,
      0,
      0,
      1
    ],
    [
      1,
      0,
      0,
      1,
      0
    ],
    [
      1,
      0,
      0,
      1,
      1
    ],
    [
      1,
      0,
      1,
      0,
      0
    ],
    [
      1,
      0,
      1,
      0,
      1
    ],
    [
      1,
      0,
      1,
      1,
      0
    ],
    [
      1,
      0,
      1,
      1,
      1
    ],
    [
      1,
      1,
      0,
      0,
      0
    ],
    [
      1,
      1,
      0,
      0,
      1
    ],
    [
      1,
      1,
      0,
      1,
      0
    ],
    [
      1,
      1,
      0,
      1,
      1
    ],
    [
      1,
      1,
      1,
      0,
      0
    ],
    [
      1,
      1,
      1,
      0,
      1
    ],
    [
      1,
      1,
      1,
      1,
      0
    ],
    [
      1,
      1,
      1,
      1,
      1
    ]
  ]
}