{
  "solver_status": 2,
  "feasible": true,
  "mb_formulation_version": 5,
  "runtime": 42.02648901939392,
  "wall_time": 42.02830386161804,
  "mip_gap": 0.00920924091897087,
  "objective": 1.7276547828481033,
  "bundle_space_size": 32,
  "policy_scope": "full_bundle_prices",
  "bundle_prices": {
    "0": 0.0,
    "3": 18.063362439342278,
    "5": 16.33695272991915,
    "6": 13.95566103024391,
    "10": 11.608716025808251,
    "11": 22.069473274890782,
    "12": 9.593092521531807,
    "13": 19.85904263045993,
    "14": 17.168989836618564,
    "15": 27.399021936450954,
    "17": 11.92271825622284,
    "19": 19.399327395907044,
    "20": 7.640307265909632,
    "21": 17.865662111159097,
    "22": 14.786719572589423,
    "23": 25.33614852158576,
    "24": 4.8029504253169515,
    "25": 15.253711020877642,
    "27": 22.835224624991916,
    "28": 10.945731048153414,
    "29": 20.888474518925413,
    "31": 28.123654268201523
  },
  "bundle_prices_full": {
    "0": 0.0,
    "1": 21.266122244284944,
    "2": 11.069600270711767,
    "3": 18.063362439342278,
    "4": 19.022693679043492,
    "5": 16.33695272991915,
    "6": 13.95566103024391,
    "7": 23.975360061599606,
    "8": 4.006110835548505,
    "9": 14.186728781728736,
    "10": 11.608716025808251,
    "11": 22.069473274890782,
    "12": 9.593092521531807,
    "13": 19.85904263045993,
    "14": 17.168989836618564,
    "15": 27.399021936450954,
    "16": 1.589621618942299,
    "17": 11.92271825622284,
    "18": 12.659221889654066,
    "19": 19.399327395907044,
    "20": 7.640307265909632,
    "21": 17.865662111159097,
    "22": 14.786719572589423,
    "23": 25.33614852158576,
    "24": 4.8029504253169515,
    "25": 15.253711020877642,
    "26": 13.023966555660003,
    "27": 22.835224624991916,
    "28": 10.945731048153414,
    "29": 20.888474518925413,
    "30": 18.75861145556086,
    "31": 28.123654268201523
  },
  "bundle_prices_selected": {
    "0": 0.0,
    "3": 18.063362439342278,
    "5": 16.33695272991915,
    "6": 13.95566103024391,
    "10": 11.608716025808251,
    "11": 22.069473274890782,
    "12": 9.593092521531807,
    "13": 19.85904263045993,
    "14": 17.168989836618564,
    "15": 27.399021936450954,
    "17": 11.92271825622284,
    "19": 19.399327395907044,
    "20": 7.640307265909632,
    "21": 17.865662111159097,
    "22": 14.786719572589423,
    "23": 25.33614852158576,
    "24": 4.8029504253169515,
    "25": 15.253711020877642,
    "27": 22.835224624991916,
    "28": 10.945731048153414,
    "29": 20.888474518925413,
    "31": 28.123654268201523
  },
  "chosen_bundle_idx_by_customer": [
    11,
    22,
    13,
    22,
    31,
    31,
    15,
    10,
    22,
    14,
    21,
    22,
    3,
    31,
    31,
    22,
    0,
    22,
    27,
    0,
    0,
    24,
    31,
    24,
    31,
    0,
    31,
    28,
    27,
    23,
    31,
    29,
    0,
    0,
    24,
    5,
    31,
    31,
    0,
    20,
    31,
    22,
    25,
    22,
    12,
    17,
    12,
    6,
    0,
    19
  ],
  "chosen_product_matrix": [
    [
      0,
      1,
      0,
      1,
      1
    ],
    [
      1,
      0,
      1,
      1,
      0
    ],
    [
      0,
      1,
      1,
      0,
      1
    ],
    [
      1,
      0,
      1,
      1,
      0
    ],
    [
      1,
      1,
      1,
      1,
      1
    ],
    [
      1,
      1,
      1,
      1,
      1
    ],
    [
      0,
      1,
      1,
      1,
      1
    ],
    [
      0,
      1,
      0,
      1,
      0
    ],
    [
      1,
      0,
      1,
      1,
      0
    ],
    [
      0,
      1,
      1,
      1,
      0
    ],
    [
      1,
      0,
      1,
      0,
      1
    ],
    [
      1,
      0,
      1,
      1,
      0
    ],
    [
      0,
      0,
      0,
      1,
      1
    ],
    [
      1,
      1,
      1,
      1,
      1
    ],
    [
      1,
      1,
      1,
      1,
      1
    ],
    [
      1,
      0,
      1,
      1,
      0
    ],
    [
      0,
      0,
      0,
      0,
      0
    ],
    [
      1,
      0,
      1,
      1,
      0
    ],
    [
      1,
      1,
      0,
      1,
      1
    ],
    [
      0,
      0,
      0,
      0,
      0
    ],
    [
      0,
      0,
      0,
      0,
      0
    ],
    [
      1,
      1,
      0,
      0,
      0
    ],
    [
      1,
      1,
      1,
      1,
      1
    ],
    [
      1,
      1,
      0,
      0,
      0
    ],
    [
      1,
      1,
      1,
      1,
      1
    ],
    [
      0,
      0,
      0,
      0,
      0
    ],
    [
      1,
      1,
      1,
      1,
      1
    ],
    [
      1,
      1,
      1,
      0,
      0
    ],
    [
      1,
      1,
      0,
      1,
      1
    ],
    [
      1,
      0,
      1,
      1,
      1
    ],
    [
      1,
      1,
      1,
      1,
      1
    ],
    [
      1,
      1,
      1,
      0,
      1
    ],
    [
      0,
      0,
      0,
      0,
      0
    ],
    [
      0,
      0,
      0,
      0,
      0
    ],
    [
      1,
      1,
      0,
      0,
      0
    ],
    [
      0,
      0,
      1,
      0,
      1
    ],
    [
      1,
      1,
      1,
      1,
      1
    ],
    [
      1,
      1,
      1,
      1,
      1
    ],
    [
      0,
      0,
      0,
      0,
      0
    ],
    [
      1,
      0,
      1,
      0,
      0
    ],
    [
      1,
      1,
      1,
      1,
      1
    ],
    [
      1,
      0,
      1,
      1,
      0
    ],
    [
      1,
      1,
      0,
      0,
      1
    ],
    [
      1,
      0,
      1,
      1,
      0
    ],
    [
      0,
      1,
      1,
      0,
      0
    ],
    [
      1,
      0,
      0,
      0,
      1
    ],
    [
      0,
      1,
      1,
      0,
      0
    ],
    [
      0,
      0,
      1,
      1,
      0
    ],
    [
      0,
      0,
      0,
      0,
      0
    ],
    [
      1,
      0,
      0,
      1,
      1
    ]
  ],
  "assortments": [
    [
      0,
      0,
      0,
      0,
      0
    ],
    [
      0,
      0,
      0,
      0,
      1
    ],
    [
      0,
      0,
      0,
      1,
      0
    ],
    [
      0,
      0,
      0,
      1,
      1
    ],
    [
      0,
      0,
      1,
      0,
      0
    ],
    [
      0,
      0,
      1,
      0,
      1
    ],
    [
      0,
      0,
      1,
      1,
      0
    ],
    [
      0,
      0,
      1,
      1,
      1
    ],
    [
      0,
      1,
      0,
      0,
      0
    ],
    [
      0,
      1,
      0,
      0,
      1
    ],
    [
      0,
      1,
      0,
      1,
      0
    ],
    [
      0,
      1,
      0,
      1,
      1
    ],
    [
      0,
      1,
      1,
      0,
      0
    ],
    [
      0,
      1,
      1,
      0,
      1
    ],
    [
      0,
      1,
      1,
      1,
      0
    ],
    [
      0,
      1,
      1,
      1,
      1
    ],
    [
      1,
      0,
      0,
      0,
      0
    ],
    [
      1,
      0,
      0,
      0,
      1
    ],
    [
      1,
      0,
      0,
      1,
      0
    ],
    [
      1,
      0,
      0,
      1,
      1
    ],
    [
      1,
      0,
      1,
      0,
      0
    ],
    [
      1,
      0,
      1,
      0,
      1
    ],
    [
      1,
      0,
      1,
      1,
      0
    ],
    [
      1,
      0,
      1,
      1,
      1
    ],
    [
      1,
      1,
      0,
      0,
      0
    ],
    [
      1,
      1,
      0,
      0,
      1
    ],
    [
      1,
      1,
      0,
      1,
      0
    ],
    [
      1,
      1,
      0,
      1,
      1
    ],
    [
      1,
      1,
      1,
      0,
      0
    ],
    [
      1,
      1,
      1,
      0,
      1
    ],
    [
      1,
      1,
      1,
      1,
      0
    ],
    [
      1,
      1,
      1,
      1,
      1
    ]
  ]
}