{
  "solver_status": 2,
  "feasible": true,
  "mb_formulation_version": 5,
  "runtime": 72.72352814674377,
  "wall_time": 72.72533512115479,
  "mip_gap": 0.009881990642701816,
  "objective": 1.565832125309455,
  "bundle_space_size": 32,
  "policy_scope": "full_bundle_prices",
  "bundle_prices": {
    "0": 0.0,
    "4": 5.9918659042049285,
    "6": 13.792170138780705,
    "7": 23.298564833968925,
    "9": 13.994653016786735,
    "10": 11.498349271664832,
    "12": 9.348049904533775,
    "15": 26.523176610471975,
    "19": 19.12133310008365,
    "21": 17.575978686118034,
    "23": 24.840568789261503,
    "27": 22.531736725594257,
    "28": 10.304983875933758,
    "29": 20.328345609132157,
    "30": 18.231040867883692,
    "31": 27.576711292874464
  },
  "bundle_prices_full": {
    "0": 0.0,
    "1": 10.596264692846653,
    "2": 20.691942747039853,
    "3": 27.368646261661816,
    "4": 5.9918659042049285,
    "5": 15.91278554679976,
    "6": 13.792170138780705,
    "7": 23.298564833968925,
    "8": 25.442391978242078,
    "9": 13.994653016786735,
    "10": 11.498349271664832,
    "11": 21.70393835522291,
    "12": 9.348049904533775,
    "13": 19.04115739418448,
    "14": 17.490215175869757,
    "15": 26.523176610471975,
    "16": 5.028931954162677,
    "17": 11.79318864219881,
    "18": 12.585839473696229,
    "19": 19.12133310008365,
    "20": 7.523319792643054,
    "21": 17.575978686118034,
    "22": 18.140815887074552,
    "23": 24.840568789261503,
    "24": 19.386472018793903,
    "25": 14.879707317302152,
    "26": 12.537699528878086,
    "27": 22.531736725594257,
    "28": 10.304983875933758,
    "29": 20.328345609132157,
    "30": 18.231040867883692,
    "31": 27.576711292874464
  },
  "bundle_prices_selected": {
    "0": 0.0,
    "4": 5.9918659042049285,
    "6": 13.792170138780705,
    "7": 23.298564833968925,
    "9": 13.994653016786735,
    "10": 11.498349271664832,
    "12": 9.348049904533775,
    "15": 26.523176610471975,
    "19": 19.12133310008365,
    "21": 17.575978686118034,
    "23": 24.840568789261503,
    "27": 22.531736725594257,
    "28": 10.304983875933758,
    "29": 20.328345609132157,
    "30": 18.231040867883692,
    "31": 27.576711292874464
  },
  "chosen_bundle_idx_by_customer": [
    15,
    15,
    30,
    0,
    31,
    9,
    7,
    15,
    21,
    31,
    23,
    15,
    27,
    19,
    0,
    19,
    27,
    7,
    28,
    31,
    0,
    15,
    0,
    0,
    31,
    15,
    31,
    19,
    15,
    29,
    12,
    15,
    10,
    15,
    0,
    31,
    0,
    31,
    7,
    7,
    4,
    10,
    23,
    15,
    15,
    6,
    7,
    31,
    30,
    31
  ],
  "chosen_product_matrix": [
    [
      0,
      1,
      1,
      1,
      1
    ],
    [
      0,
      1,
      1,
      1,
      1
    ],
    [
      1,
      1,
      1,
      1,
      0
    ],
    [
      0,
      0,
      0,
      0,
      0
    ],
    [
      1,
      1,
      1,
      1,
      1
    ],
    [
      0,
      1,
      0,
      0,
      1
    ],
    [
      0,
      0,
      1,
      1,
      1
    ],
    [
      0,
      1,
      1,
      1,
      1
    ],
    [
      1,
      0,
      1,
      0,
      1
    ],
    [
      1,
      1,
      1,
      1,
      1
    ],
    [
      1,
      0,
      1,
      1,
      1
    ],
    [
      0,
      1,
      1,
      1,
      1
    ],
    [
      1,
      1,
      0,
      1,
      1
    ],
    [
      1,
      0,
      0,
      1,
      1
    ],
    [
      0,
      0,
      0,
      0,
      0
    ],
    [
      1,
      0,
      0,
      1,
      1
    ],
    [
      1,
      1,
      0,
      1,
      1
    ],
    [
      0,
      0,
      1,
      1,
      1
    ],
    [
      1,
      1,
      1,
      0,
      0
    ],
    [
      1,
      1,
      1,
      1,
      1
    ],
    [
      0,
      0,
      0,
      0,
      0
    ],
    [
      0,
      1,
      1,
      1,
      1
    ],
    [
      0,
      0,
      0,
      0,
      0
    ],
    [
      0,
      0,
      0,
      0,
      0
    ],
    [
      1,
      1,
      1,
      1,
      1
    ],
    [
      0,
      1,
      1,
      1,
      1
    ],
    [
      1,
      1,
      1,
      1,
      1
    ],
    [
      1,
      0,
      0,
      1,
      1
    ],
    [
      0,
      1,
      1,
      1,
      1
    ],
    [
      1,
      1,
      1,
      0,
      1
    ],
    [
      0,
      1,
      1,
      0,
      0
    ],
    [
      0,
      1,
      1,
      1,
      1
    ],
    [
      0,
      1,
      0,
      1,
      0
    ],
    [
      0,
      1,
      1,
      1,
      1
    ],
    [
      0,
      0,
      0,
      0,
      0
    ],
    [
      1,
      1,
      1,
      1,
      1
    ],
    [
      0,
      0,
      0,
      0,
      0
    ],
    [
      1,
      1,
      1,
      1,
      1
    ],
    [
      0,
      0,
      1,
      1,
      1
    ],
    [
      0,
      0,
      1,
      1,
      1
    ],
    [
      0,
      0,
      1,
      0,
      0
    ],
    [
      0,
      1,
      0,
      1,
      0
    ],
    [
      1,
      0,
      1,
      1,
      1
    ],
    [
      0,
      1,
      1,
      1,
      1
    ],
    [
      0,
      1,
      1,
      1,
      1
    ],
    [
      0,
      0,
      1,
      1,
      0
    ],
    [
      0,
      0,
      1,
      1,
      1
    ],
    [
      1,
      1,
      1,
      1,
      1
    ],
    [
      1,
      1,
      1,
      1,
      0
    ],
    [
      1,
      1,
      1,
      1,
      1
    ]
  ],
  "assortments": [
    [
      0,
      0,
      0,
      0,
      0
    ],
    [
      0,
      0,
      0,
      0,
      1
    ],
    [
      0,
      0,
      0,
      1,
      0
    ],
    [
      0,
      0,
      0,
      1,
      1
    ],
    [
      0,
      0,
      1,
      0,
      0
    ],
    [
      0,
      0,
      1,
      0,
      1
    ],
    [
      0,
      0,
      1,
      1,
      0
    ],
    [
      0,
      0,
      1,
      1,
      1
    ],
    [
      0,
      1,
      0,
      0,
      0
    ],
    [
      0,
      1,
      0,
      0,
      1
    ],
    [
      0,
      1,
      0,
      1,
      0
    ],
    [
      0,
      1,
      0,
      1,
      1
    ],
    [
      0,
      1,
      1,
      0,
      0
    ],
    [
      0,
      1,
      1,
      0,
      1
    ],
    [
      0,
      1,
      1,
      1,
      0
    ],
    [
      0,
      1,
      1,
      1,
      1
    ],
    [
      1,
      0,
      0,
      0,
      0
    ],
    [
      1,
      0,
      0,
      0,
      1
    ],
    [
      1,
      0,
      0,
      1,
      0
    ],
    [
      1,
      0,
      0,
      1,
      1
    ],
    [
      1,
      0,
      1,
      0,
      0
    ],
    [
      1,
      0,
      1,
      0,
      1
    ],
    [
      1,
      0,
      1,
      1,
      0
    ],
    [
      1,
      0,
      1,
      1,
      1
    ],
    [
      1,
      1,
      0,
      0,
      0
    ],
    [
      1,
      1,
      0,
      0,
      1
    ],
    [
      1,
      1,
      0,
      1,
      0
    ],
    [
      1,
      1,
      0,
      1,
      1
    ],
    [
      1,
      1,
      1,
      0,
      0
    ],
    [
      1,
      1,
      1,
      0,
      1
    ],
    [
      1,
      1,
      1,
      1,
      0
    ],
    [
      1,
      1,
      1,
      1,
      1
    ]
  ]
}