{
  "solver_status": 2,
  "feasible": true,
  "mb_formulation_version": 5,
  "runtime": 296.5642018318176,
  "wall_time": 296.5659999847412,
  "mip_gap": 0.00994849778451458,
  "objective": 1.5920609921186892,
  "bundle_space_size": 32,
  "policy_scope": "full_bundle_prices",
  "bundle_prices": {
    "0": 0.0,
    "3": 18.016490186311167,
    "4": 6.122340375648765,
    "5": 15.684694692369636,
    "6": 13.769344505782616,
    "7": 23.52498722200918,
    "8": 3.5402838944472945,
    "12": 9.41612688990293,
    "13": 19.186072815563737,
    "14": 16.735741419591832,
    "15": 26.716694758415414,
    "19": 19.39301126333141,
    "27": 22.463986614970185,
    "28": 10.204881739012585,
    "29": 20.40253124148401,
    "30": 17.71255464401305,
    "31": 27.474296247222572
  },
  "bundle_prices_full": {
    "0": 0.0,
    "1": 29.654118957624465,
    "2": 29.654118957624465,
    "3": 18.016490186311167,
    "4": 6.122340375648765,
    "5": 15.684694692369636,
    "6": 13.769344505782616,
    "7": 23.52498722200918,
    "8": 3.5402838944472945,
    "9": 29.654118957624465,
    "10": 29.654118957624465,
    "11": 21.556774080758462,
    "12": 9.41612688990293,
    "13": 19.186072815563737,
    "14": 16.735741419591832,
    "15": 26.716694758415414,
    "16": 29.654118957624465,
    "17": 29.654118957624465,
    "18": 29.654118957624465,
    "19": 19.39301126333141,
    "20": 29.654118957624465,
    "21": 29.654118957624465,
    "22": 29.654118957624465,
    "23": 25.515351638980174,
    "24": 29.654118957624465,
    "25": 29.654118957624465,
    "26": 29.654118957624465,
    "27": 22.463986614970185,
    "28": 10.204881739012585,
    "29": 20.40253124148401,
    "30": 17.71255464401305,
    "31": 27.474296247222572
  },
  "bundle_prices_selected": {
    "0": 0.0,
    "3": 18.016490186311167,
    "4": 6.122340375648765,
    "5": 15.684694692369636,
    "6": 13.769344505782616,
    "7": 23.52498722200918,
    "8": 3.5402838944472945,
    "12": 9.41612688990293,
    "13": 19.186072815563737,
    "14": 16.735741419591832,
    "15": 26.716694758415414,
    "19": 19.39301126333141,
    "27": 22.463986614970185,
    "28": 10.204881739012585,
    "29": 20.40253124148401,
    "30": 17.71255464401305,
    "31": 27.474296247222572
  },
  "chosen_bundle_idx_by_customer": [
    30,
    5,
    3,
    31,
    30,
    0,
    0,
    30,
    13,
    31,
    15,
    0,
    5,
    7,
    4,
    31,
    27,
    6,
    13,
    31,
    31,
    15,
    29,
    28,
    31,
    7,
    31,
    27,
    5,
    7,
    3,
    31,
    29,
    3,
    19,
    12,
    31,
    31,
    31,
    14,
    27,
    3,
    31,
    15,
    31,
    31,
    30,
    15,
    8,
    0
  ],
  "chosen_product_matrix": [
    [
      1,
      1,
      1,
      1,
      0
    ],
    [
      0,
      0,
      1,
      0,
      1
    ],
    [
      0,
      0,
      0,
      1,
      1
    ],
    [
      1,
      1,
      1,
      1,
      1
    ],
    [
      1,
      1,
      1,
      1,
      0
    ],
    [
      0,
      0,
      0,
      0,
      0
    ],
    [
      0,
      0,
      0,
      0,
      0
    ],
    [
      1,
      1,
      1,
      1,
      0
    ],
    [
      0,
      1,
      1,
      0,
      1
    ],
    [
      1,
      1,
      1,
      1,
      1
    ],
    [
      0,
      1,
      1,
      1,
      1
    ],
    [
      0,
      0,
      0,
      0,
      0
    ],
    [
      0,
      0,
      1,
      0,
      1
    ],
    [
      0,
      0,
      1,
      1,
      1
    ],
    [
      0,
      0,
      1,
      0,
      0
    ],
    [
      1,
      1,
      1,
      1,
      1
    ],
    [
      1,
      1,
      0,
      1,
      1
    ],
    [
      0,
      0,
      1,
      1,
      0
    ],
    [
      0,
      1,
      1,
      0,
      1
    ],
    [
      1,
      1,
      1,
      1,
      1
    ],
    [
      1,
      1,
      1,
      1,
      1
    ],
    [
      0,
      1,
      1,
      1,
      1
    ],
    [
      1,
      1,
      1,
      0,
      1
    ],
    [
      1,
      1,
      1,
      0,
      0
    ],
    [
      1,
      1,
      1,
      1,
      1
    ],
    [
      0,
      0,
      1,
      1,
      1
    ],
    [
      1,
      1,
      1,
      1,
      1
    ],
    [
      1,
      1,
      0,
      1,
      1
    ],
    [
      0,
      0,
      1,
      0,
      1
    ],
    [
      0,
      0,
      1,
      1,
      1
    ],
    [
      0,
      0,
      0,
      1,
      1
    ],
    [
      1,
      1,
      1,
      1,
      1
    ],
    [
      1,
      1,
      1,
      0,
      1
    ],
    [
      0,
      0,
      0,
      1,
      1
    ],
    [
      1,
      0,
      0,
      1,
      1
    ],
    [
      0,
      1,
      1,
      0,
      0
    ],
    [
      1,
      1,
      1,
      1,
      1
    ],
    [
      1,
      1,
      1,
      1,
      1
    ],
    [
      1,
      1,
      1,
      1,
      1
    ],
    [
      0,
      1,
      1,
      1,
      0
    ],
    [
      1,
      1,
      0,
      1,
      1
    ],
    [
      0,
      0,
      0,
      1,
      1
    ],
    [
      1,
      1,
      1,
      1,
      1
    ],
    [
      0,
      1,
      1,
      1,
      1
    ],
    [
      1,
      1,
      1,
      1,
      1
    ],
    [
      1,
      1,
      1,
      1,
      1
    ],
    [
      1,
      1,
      1,
      1,
      0
    ],
    [
      0,
      1,
      1,
      1,
      1
    ],
    [
      0,
      1,
      0,
      0,
      0
    ],
    [
      0,
      0,
      0,
      0,
      0
    ]
  ],
  "assortments": [
    [
      0,
      0,
      0,
      0,
      0
    ],
    [
      0,
      0,
      0,
      0,
      1
    ],
    [
      0,
      0,
      0,
      1,
      0
    ],
    [
      0,
      0,
      0,
      1,
      1
    ],
    [
      0,
      0,
      1,
      0,
      0
    ],
    [
      0,
      0,
      1,
      0,
      1
    ],
    [
      0,
      0,
      1,
      1,
      0
    ],
    [
      0,
      0,
      1,
      1,
      1
    ],
    [
      0,
      1,
      0,
      0,
      0
    ],
    [
      0,
      1,
      0,
      0,
      1
    ],
    [
      0,
      1,
      0,
      1,
      0
    ],
    [
      0,
      1,
      0,
      1,
      1
    ],
    [
      0,
      1,
      1,
      0,
      0
    ],
    [
      0,
      1,
      1,
      0,
      1
    ],
    [
      0,
      1,
      1,
      1,
      0
    ],
    [
      0,
      1,
      1,
      1,
      1
    ],
    [
      1,
      0,
      0,
      0,
      0
    ],
    [
      1,
      0,
      0,
      0,
      1
    ],
    [
      1,
      0,
      0,
      1,
      0
    ],
    [
      1,
      0,
      0,
      1,
      1
    ],
    [
      1,
      0,
      1,
      0,
      0
    ],
    [
      1,
      0,
      1,
      0,
      1
    ],
    [
      1,
      0,
      1,
      1,
      0
    ],
    [
      1,
      0,
      1,
      1,
      1
    ],
    [
      1,
      1,
      0,
      0,
      0
    ],
    [
      1,
      1,
      0,
      0,
      1
    ],
    [
      1,
      1,
      0,
      1,
      0
    ],
    [
      1,
      1,
      0,
      1,
      1
    ],
    [
      1,
      1,
      1,
      0,
      0
    ],
    [
      1,
      1,
      1,
      0,
      1
    ],
    [
      1,
      1,
      1,
      1,
      0
    ],
    [
      1,
      1,
      1,
      1,
      1
    ]
  ]
}