{
  "solver_status": 2,
  "feasible": true,
  "mb_formulation_version": 5,
  "runtime": 182.41156101226807,
  "wall_time": 182.41337084770203,
  "mip_gap": 0.009742730968949759,
  "objective": 1.5344598223199777,
  "bundle_space_size": 32,
  "policy_scope": "full_bundle_prices",
  "bundle_prices": {
    "0": 0.0,
    "2": 8.217923525077218,
    "5": 15.777546873143164,
    "7": 23.21241077271829,
    "8": 3.5416093381351446,
    "9": 13.516683344575444,
    "11": 21.118061223552225,
    "13": 19.214415460179616,
    "14": 17.139197915757773,
    "15": 26.746848238172877,
    "19": 19.528842200213326,
    "22": 14.90307482501889,
    "23": 24.28979240256243,
    "26": 12.210109999955389,
    "27": 22.356226925437436,
    "29": 20.33329940381703,
    "30": 17.94656000673689,
    "31": 27.682869945830223
  },
  "bundle_prices_full": {
    "0": 0.0,
    "1": 29.17024551382822,
    "2": 8.217923525077218,
    "3": 29.17024551382822,
    "4": 29.17024551382822,
    "5": 15.777546873143164,
    "6": 29.17024551382822,
    "7": 23.21241077271829,
    "8": 3.5416093381351446,
    "9": 13.516683344575444,
    "10": 11.759532863212362,
    "11": 21.118061223552225,
    "12": 29.17024551382822,
    "13": 19.214415460179616,
    "14": 17.139197915757773,
    "15": 26.746848238172877,
    "16": 29.17024551382822,
    "17": 29.17024551382822,
    "18": 29.17024551382822,
    "19": 19.528842200213326,
    "20": 29.17024551382822,
    "21": 29.17024551382822,
    "22": 14.90307482501889,
    "23": 24.28979240256243,
    "24": 29.17024551382822,
    "25": 29.17024551382822,
    "26": 12.210109999955389,
    "27": 22.356226925437436,
    "28": 29.17024551382822,
    "29": 20.33329940381703,
    "30": 17.94656000673689,
    "31": 27.682869945830223
  },
  "bundle_prices_selected": {
    "0": 0.0,
    "2": 8.217923525077218,
    "5": 15.777546873143164,
    "7": 23.21241077271829,
    "8": 3.5416093381351446,
    "9": 13.516683344575444,
    "11": 21.118061223552225,
    "13": 19.214415460179616,
    "14": 17.139197915757773,
    "15": 26.746848238172877,
    "19": 19.528842200213326,
    "22": 14.90307482501889,
    "23": 24.28979240256243,
    "26": 12.210109999955389,
    "27": 22.356226925437436,
    "29": 20.33329940381703,
    "30": 17.94656000673689,
    "31": 27.682869945830223
  },
  "chosen_bundle_idx_by_customer": [
    27,
    23,
    29,
    7,
    26,
    11,
    19,
    23,
    26,
    27,
    2,
    9,
    23,
    7,
    13,
    23,
    23,
    0,
    11,
    22,
    23,
    26,
    9,
    23,
    11,
    31,
    15,
    8,
    7,
    7,
    7,
    30,
    19,
    11,
    13,
    23,
    23,
    29,
    15,
    9,
    11,
    15,
    14,
    5,
    0,
    8,
    7,
    2,
    31,
    7
  ],
  "chosen_product_matrix": [
    [
      1,
      1,
      0,
      1,
      1
    ],
    [
      1,
      0,
      1,
      1,
      1
    ],
    [
      1,
      1,
      1,
      0,
      1
    ],
    [
      0,
      0,
      1,
      1,
      1
    ],
    [
      1,
      1,
      0,
      1,
      0
    ],
    [
      0,
      1,
      0,
      1,
      1
    ],
    [
      1,
      0,
      0,
      1,
      1
    ],
    [
      1,
      0,
      1,
      1,
      1
    ],
    [
      1,
      1,
      0,
      1,
      0
    ],
    [
      1,
      1,
      0,
      1,
      1
    ],
    [
      0,
      0,
      0,
      1,
      0
    ],
    [
      0,
      1,
      0,
      0,
      1
    ],
    [
      1,
      0,
      1,
      1,
      1
    ],
    [
      0,
      0,
      1,
      1,
      1
    ],
    [
      0,
      1,
      1,
      0,
      1
    ],
    [
      1,
      0,
      1,
      1,
      1
    ],
    [
      1,
      0,
      1,
      1,
      1
    ],
    [
      0,
      0,
      0,
      0,
      0
    ],
    [
      0,
      1,
      0,
      1,
      1
    ],
    [
      1,
      0,
      1,
      1,
      0
    ],
    [
      1,
      0,
      1,
      1,
      1
    ],
    [
      1,
      1,
      0,
      1,
      0
    ],
    [
      0,
      1,
      0,
      0,
      1
    ],
    [
      1,
      0,
      1,
      1,
      1
    ],
    [
      0,
      1,
      0,
      1,
      1
    ],
    [
      1,
      1,
      1,
      1,
      1
    ],
    [
      0,
      1,
      1,
      1,
      1
    ],
    [
      0,
      1,
      0,
      0,
      0
    ],
    [
      0,
      0,
      1,
      1,
      1
    ],
    [
      0,
      0,
      1,
      1,
      1
    ],
    [
      0,
      0,
      1,
      1,
      1
    ],
    [
      1,
      1,
      1,
      1,
      0
    ],
    [
      1,
      0,
      0,
      1,
      1
    ],
    [
      0,
      1,
      0,
      1,
      1
    ],
    [
      0,
      1,
      1,
      0,
      1
    ],
    [
      1,
      0,
      1,
      1,
      1
    ],
    [
      1,
      0,
      1,
      1,
      1
    ],
    [
      1,
      1,
      1,
      0,
      1
    ],
    [
      0,
      1,
      1,
      1,
      1
    ],
    [
      0,
      1,
      0,
      0,
      1
    ],
    [
      0,
      1,
      0,
      1,
      1
    ],
    [
      0,
      1,
      1,
      1,
      1
    ],
    [
      0,
      1,
      1,
      1,
      0
    ],
    [
      0,
      0,
      1,
      0,
      1
    ],
    [
      0,
      0,
      0,
      0,
      0
    ],
    [
      0,
      1,
      0,
      0,
      0
    ],
    [
      0,
      0,
      1,
      1,
      1
    ],
    [
      0,
      0,
      0,
      1,
      0
    ],
    [
      1,
      1,
      1,
      1,
      1
    ],
    [
      0,
      0,
      1,
      1,
      1
    ]
  ],
  "assortments": [
    [
      0,
      0,
      0,
      0,
      0
    ],
    [
      0,
      0,
      0,
      0,
      1
    ],
    [
      0,
      0,
      0,
      1,
      0
    ],
    [
      0,
      0,
      0,
      1,
      1
    ],
    [
      0,
      0,
      1,
      0,
      0
    ],
    [
      0,
      0,
      1,
      0,
      1
    ],
    [
      0,
      0,
      1,
      1,
      0
    ],
    [
      0,
      0,
      1,
      1,
      1
    ],
    [
      0,
      1,
      0,
      0,
      0
    ],
    [
      0,
      1,
      0,
      0,
      1
    ],
    [
      0,
      1,
      0,
      1,
      0
    ],
    [
      0,
      1,
      0,
      1,
      1
    ],
    [
      0,
      1,
      1,
      0,
      0
    ],
    [
      0,
      1,
      1,
      0,
      1
    ],
    [
      0,
      1,
      1,
      1,
      0
    ],
    [
      0,
      1,
      1,
      1,
      1
    ],
    [
      1,
      0,
      0,
      0,
      0
    ],
    [
      1,
      0,
      0,
      0,
      1
    ],
    [
      1,
      0,
      0,
      1,
      0
    ],
    [
      1,
      0,
      0,
      1,
      1
    ],
    [
      1,
      0,
      1,
      0,
      0
    ],
    [
      1,
      0,
      1,
      0,
      1
    ],
    [
      1,
      0,
      1,
      1,
      0
    ],
    [
      1,
      0,
      1,
      1,
      1
    ],
    [
      1,
      1,
      0,
      0,
      0
    ],
    [
      1,
      1,
      0,
      0,
      1
    ],
    [
      1,
      1,
      0,
      1,
      0
    ],
    [
      1,
      1,
      0,
      1,
      1
    ],
    [
      1,
      1,
      1,
      0,
      0
    ],
    [
      1,
      1,
      1,
      0,
      1
    ],
    [
      1,
      1,
      1,
      1,
      0
    ],
    [
      1,
      1,
      1,
      1,
      1
    ]
  ]
}