{
  "solver_status": 2,
  "feasible": true,
  "mb_formulation_version": 5,
  "runtime": 200.95862293243408,
  "wall_time": 200.96043229103088,
  "mip_gap": 0.009997039445494233,
  "objective": 1.6536996743032726,
  "bundle_space_size": 32,
  "policy_scope": "full_bundle_prices",
  "bundle_prices": {
    "0": 0.0,
    "3": 18.565213526293807,
    "5": 15.98528103052644,
    "11": 21.68495432701659,
    "13": 19.55584490253757,
    "14": 16.815197369400497,
    "15": 26.944623744863733,
    "16": 1.5007757412542735,
    "17": 11.263196926878413,
    "19": 19.13275893308078,
    "21": 17.362161170230063,
    "23": 24.672742417064722,
    "27": 22.35768359207108,
    "29": 20.403466367004846,
    "30": 18.31597311065477,
    "31": 27.575560834909574
  },
  "bundle_prices_full": {
    "0": 0.0,
    "1": 31.02597998793067,
    "2": 31.02597998793067,
    "3": 18.565213526293807,
    "4": 31.02597998793067,
    "5": 15.98528103052644,
    "6": 31.02597998793067,
    "7": 31.02597998793067,
    "8": 31.02597998793067,
    "9": 31.02597998793067,
    "10": 31.02597998793067,
    "11": 21.68495432701659,
    "12": 31.02597998793067,
    "13": 19.55584490253757,
    "14": 16.815197369400497,
    "15": 26.944623744863733,
    "16": 1.5007757412542735,
    "17": 11.263196926878413,
    "18": 31.02597998793067,
    "19": 19.13275893308078,
    "20": 31.02597998793067,
    "21": 17.362161170230063,
    "22": 31.02597998793067,
    "23": 24.672742417064722,
    "24": 31.02597998793067,
    "25": 31.02597998793067,
    "26": 31.02597998793067,
    "27": 22.35768359207108,
    "28": 31.02597998793067,
    "29": 20.403466367004846,
    "30": 18.31597311065477,
    "31": 27.575560834909574
  },
  "bundle_prices_selected": {
    "0": 0.0,
    "3": 18.565213526293807,
    "5": 15.98528103052644,
    "11": 21.68495432701659,
    "13": 19.55584490253757,
    "14": 16.815197369400497,
    "15": 26.944623744863733,
    "16": 1.5007757412542735,
    "17": 11.263196926878413,
    "19": 19.13275893308078,
    "21": 17.362161170230063,
    "23": 24.672742417064722,
    "27": 22.35768359207108,
    "29": 20.403466367004846,
    "30": 18.31597311065477,
    "31": 27.575560834909574
  },
  "chosen_bundle_idx_by_customer": [
    27,
    15,
    27,
    14,
    5,
    31,
    13,
    16,
    31,
    14,
    14,
    17,
    31,
    21,
    31,
    15,
    31,
    27,
    31,
    31,
    30,
    14,
    14,
    11,
    31,
    19,
    27,
    17,
    31,
    0,
    31,
    31,
    0,
    3,
    0,
    31,
    23,
    0,
    31,
    0,
    23,
    19,
    16,
    23,
    17,
    31,
    15,
    17,
    31,
    29
  ],
  "chosen_product_matrix": [
    [
      1,
      1,
      0,
      1,
      1
    ],
    [
      0,
      1,
      1,
      1,
      1
    ],
    [
      1,
      1,
      0,
      1,
      1
    ],
    [
      0,
      1,
      1,
      1,
      0
    ],
    [
      0,
      0,
      1,
      0,
      1
    ],
    [
      1,
      1,
      1,
      1,
      1
    ],
    [
      0,
      1,
      1,
      0,
      1
    ],
    [
      1,
      0,
      0,
      0,
      0
    ],
    [
      1,
      1,
      1,
      1,
      1
    ],
    [
      0,
      1,
      1,
      1,
      0
    ],
    [
      0,
      1,
      1,
      1,
      0
    ],
    [
      1,
      0,
      0,
      0,
      1
    ],
    [
      1,
      1,
      1,
      1,
      1
    ],
    [
      1,
      0,
      1,
      0,
      1
    ],
    [
      1,
      1,
      1,
      1,
      1
    ],
    [
      0,
      1,
      1,
      1,
      1
    ],
    [
      1,
      1,
      1,
      1,
      1
    ],
    [
      1,
      1,
      0,
      1,
      1
    ],
    [
      1,
      1,
      1,
      1,
      1
    ],
    [
      1,
      1,
      1,
      1,
      1
    ],
    [
      1,
      1,
      1,
      1,
      0
    ],
    [
      0,
      1,
      1,
      1,
      0
    ],
    [
      0,
      1,
      1,
      1,
      0
    ],
    [
      0,
      1,
      0,
      1,
      1
    ],
    [
      1,
      1,
      1,
      1,
      1
    ],
    [
      1,
      0,
      0,
      1,
      1
    ],
    [
      1,
      1,
      0,
      1,
      1
    ],
    [
      1,
      0,
      0,
      0,
      1
    ],
    [
      1,
      1,
      1,
      1,
      1
    ],
    [
      0,
      0,
      0,
      0,
      0
    ],
    [
      1,
      1,
      1,
      1,
      1
    ],
    [
      1,
      1,
      1,
      1,
      1
    ],
    [
      0,
      0,
      0,
      0,
      0
    ],
    [
      0,
      0,
      0,
      1,
      1
    ],
    [
      0,
      0,
      0,
      0,
      0
    ],
    [
      1,
      1,
      1,
      1,
      1
    ],
    [
      1,
      0,
      1,
      1,
      1
    ],
    [
      0,
      0,
      0,
      0,
      0
    ],
    [
      1,
      1,
      1,
      1,
      1
    ],
    [
      0,
      0,
      0,
      0,
      0
    ],
    [
      1,
      0,
      1,
      1,
      1
    ],
    [
      1,
      0,
      0,
      1,
      1
    ],
    [
      1,
      0,
      0,
      0,
      0
    ],
    [
      1,
      0,
      1,
      1,
      1
    ],
    [
      1,
      0,
      0,
      0,
      1
    ],
    [
      1,
      1,
      1,
      1,
      1
    ],
    [
      0,
      1,
      1,
      1,
      1
    ],
    [
      1,
      0,
      0,
      0,
      1
    ],
    [
      1,
      1,
      1,
      1,
      1
    ],
    [
      1,
      1,
      1,
      0,
      1
    ]
  ],
  "assortments": [
    [
      0,
      0,
      0,
      0,
      0
    ],
    [
      0,
      0,
      0,
      0,
      1
    ],
    [
      0,
      0,
      0,
      1,
      0
    ],
    [
      0,
      0,
      0,
      1,
      1
    ],
    [
      0,
      0,
      1,
      0,
      0
    ],
    [
      0,
      0,
      1,
      0,
      1
    ],
    [
      0,
      0,
      1,
      1,
      0
    ],
    [
      0,
      0,
      1,
      1,
      1
    ],
    [
      0,
      1,
      0,
      0,
      0
    ],
    [
      0,
      1,
      0,
      0,
      1
    ],
    [
      0,
      1,
      0,
      1,
      0
    ],
    [
      0,
      1,
      0,
      1,
      1
    ],
    [
      0,
      1,
      1,
      0,
      0
    ],
    [
      0,
      1,
      1,
      0,
      1
    ],
    [
      0,
      1,
      1,
      1,
      0
    ],
    [
      0,
      1,
      1,
      1,
      1
    ],
    [
      1,
      0,
      0,
      0,
      0
    ],
    [
      1,
      0,
      0,
      0,
      1
    ],
    [
      1,
      0,
      0,
      1,
      0
    ],
    [
      1,
      0,
      0,
      1,
      1
    ],
    [
      1,
      0,
      1,
      0,
      0
    ],
    [
      1,
      0,
      1,
      0,
      1
    ],
    [
      1,
      0,
      1,
      1,
      0
    ],
    [
      1,
      0,
      1,
      1,
      1
    ],
    [
      1,
      1,
      0,
      0,
      0
    ],
    [
      1,
      1,
      0,
      0,
      1
    ],
    [
      1,
      1,
      0,
      1,
      0
    ],
    [
      1,
      1,
      0,
      1,
      1
    ],
    [
      1,
      1,
      1,
      0,
      0
    ],
    [
      1,
      1,
      1,
      0,
      1
    ],
    [
      1,
      1,
      1,
      1,
      0
    ],
    [
      1,
      1,
      1,
      1,
      1
    ]
  ]
}