{
  "solver_status": 2,
  "feasible": true,
  "mb_formulation_version": 5,
  "runtime": 73.62391710281372,
  "wall_time": 73.62573838233948,
  "mip_gap": 0.009670779988758971,
  "objective": 1.674821468961289,
  "bundle_space_size": 32,
  "policy_scope": "full_bundle_prices",
  "bundle_prices": {
    "0": 0.0,
    "1": 10.177169385129584,
    "2": 8.165656259229563,
    "7": 23.835325771712263,
    "10": 11.66990770885732,
    "11": 21.847077093986904,
    "14": 17.74098733649401,
    "15": 27.41346955833305,
    "21": 17.562316106271407,
    "23": 25.166891630710868,
    "25": 15.386350461071133,
    "26": 13.2845036475276,
    "27": 23.081334314943327,
    "28": 10.656462651530308,
    "29": 20.833632036659893,
    "30": 18.56226815697071,
    "31": 28.051624976154407
  },
  "bundle_prices_full": {
    "0": 0.0,
    "1": 10.177169385129584,
    "2": 8.165656259229563,
    "3": 18.247195880007048,
    "4": 20.943051350297218,
    "5": 16.220888328555866,
    "6": 14.34101679523648,
    "7": 23.835325771712263,
    "8": 3.925158238404229,
    "9": 13.959259589687186,
    "10": 11.66990770885732,
    "11": 21.847077093986904,
    "12": 13.843793736551095,
    "13": 20.146046566960095,
    "14": 17.74098733649401,
    "15": 27.41346955833305,
    "16": 16.970279209555148,
    "17": 11.935259764993264,
    "18": 9.908453150890287,
    "19": 20.08562253601987,
    "20": 7.817202097384387,
    "21": 17.562316106271407,
    "22": 15.98285835661395,
    "23": 25.166891630710868,
    "24": 5.263080291867138,
    "25": 15.386350461071133,
    "26": 13.2845036475276,
    "27": 23.081334314943327,
    "28": 10.656462651530308,
    "29": 20.833632036659893,
    "30": 18.56226815697071,
    "31": 28.051624976154407
  },
  "bundle_prices_selected": {
    "0": 0.0,
    "1": 10.177169385129584,
    "2": 8.165656259229563,
    "7": 23.835325771712263,
    "10": 11.66990770885732,
    "11": 21.847077093986904,
    "14": 17.74098733649401,
    "15": 27.41346955833305,
    "21": 17.562316106271407,
    "23": 25.166891630710868,
    "25": 15.386350461071133,
    "26": 13.2845036475276,
    "27": 23.081334314943327,
    "28": 10.656462651530308,
    "29": 20.833632036659893,
    "30": 18.56226815697071,
    "31": 28.051624976154407
  },
  "chosen_bundle_idx_by_customer": [
    31,
    0,
    23,
    0,
    29,
    2,
    15,
    0,
    31,
    15,
    2,
    10,
    1,
    31,
    31,
    0,
    31,
    21,
    7,
    0,
    15,
    23,
    30,
    26,
    31,
    15,
    31,
    1,
    28,
    0,
    31,
    0,
    25,
    23,
    2,
    28,
    1,
    31,
    0,
    7,
    0,
    31,
    28,
    10,
    15,
    11,
    14,
    0,
    0,
    27
  ],
  "chosen_product_matrix": [
    [
      1,
      1,
      1,
      1,
      1
    ],
    [
      0,
      0,
      0,
      0,
      0
    ],
    [
      1,
      0,
      1,
      1,
      1
    ],
    [
      0,
      0,
      0,
      0,
      0
    ],
    [
      1,
      1,
      1,
      0,
      1
    ],
    [
      0,
      0,
      0,
      1,
      0
    ],
    [
      0,
      1,
      1,
      1,
      1
    ],
    [
      0,
      0,
      0,
      0,
      0
    ],
    [
      1,
      1,
      1,
      1,
      1
    ],
    [
      0,
      1,
      1,
      1,
      1
    ],
    [
      0,
      0,
      0,
      1,
      0
    ],
    [
      0,
      1,
      0,
      1,
      0
    ],
    [
      0,
      0,
      0,
      0,
      1
    ],
    [
      1,
      1,
      1,
      1,
      1
    ],
    [
      1,
      1,
      1,
      1,
      1
    ],
    [
      0,
      0,
      0,
      0,
      0
    ],
    [
      1,
      1,
      1,
      1,
      1
    ],
    [
      1,
      0,
      1,
      0,
      1
    ],
    [
      0,
      0,
      1,
      1,
      1
    ],
    [
      0,
      0,
      0,
      0,
      0
    ],
    [
      0,
      1,
      1,
      1,
      1
    ],
    [
      1,
      0,
      1,
      1,
      1
    ],
    [
      1,
      1,
      1,
      1,
      0
    ],
    [
      1,
      1,
      0,
      1,
      0
    ],
    [
      1,
      1,
      1,
      1,
      1
    ],
    [
      0,
      1,
      1,
      1,
      1
    ],
    [
      1,
      1,
      1,
      1,
      1
    ],
    [
      0,
      0,
      0,
      0,
      1
    ],
    [
      1,
      1,
      1,
      0,
      0
    ],
    [
      0,
      0,
      0,
      0,
      0
    ],
    [
      1,
      1,
      1,
      1,
      1
    ],
    [
      0,
      0,
      0,
      0,
      0
    ],
    [
      1,
      1,
      0,
      0,
      1
    ],
    [
      1,
      0,
      1,
      1,
      1
    ],
    [
      0,
      0,
      0,
      1,
      0
    ],
    [
      1,
      1,
      1,
      0,
      0
    ],
    [
      0,
      0,
      0,
      0,
      1
    ],
    [
      1,
      1,
      1,
      1,
      1
    ],
    [
      0,
      0,
      0,
      0,
      0
    ],
    [
      0,
      0,
      1,
      1,
      1
    ],
    [
      0,
      0,
      0,
      0,
      0
    ],
    [
      1,
      1,
      1,
      1,
      1
    ],
    [
      1,
      1,
      1,
      0,
      0
    ],
    [
      0,
      1,
      0,
      1,
      0
    ],
    [
      0,
      1,
      1,
      1,
      1
    ],
    [
      0,
      1,
      0,
      1,
      1
    ],
    [
      0,
      1,
      1,
      1,
      0
    ],
    [
      0,
      0,
      0,
      0,
      0
    ],
    [
      0,
      0,
      0,
      0,
      0
    ],
    [
      1,
      1,
      0,
      1,
      1
    ]
  ],
  "assortments": [
    [
      0,
      0,
      0,
      0,
      0
    ],
    [
      0,
      0,
      0,
      0,
      1
    ],
    [
      0,
      0,
      0,
      1,
      0
    ],
    [
      0,
      0,
      0,
      1,
      1
    ],
    [
      0,
      0,
      1,
      0,
      0
    ],
    [
      0,
      0,
      1,
      0,
      1
    ],
    [
      0,
      0,
      1,
      1,
      0
    ],
    [
      0,
      0,
      1,
      1,
      1
    ],
    [
      0,
      1,
      0,
      0,
      0
    ],
    [
      0,
      1,
      0,
      0,
      1
    ],
    [
      0,
      1,
      0,
      1,
      0
    ],
    [
      0,
      1,
      0,
      1,
      1
    ],
    [
      0,
      1,
      1,
      0,
      0
    ],
    [
      0,
      1,
      1,
      0,
      1
    ],
    [
      0,
      1,
      1,
      1,
      0
    ],
    [
      0,
      1,
      1,
      1,
      1
    ],
    [
      1,
      0,
      0,
      0,
      0
    ],
    [
      1,
      0,
      0,
      0,
      1
    ],
    [
      1,
      0,
      0,
      1,
      0
    ],
    [
      1,
      0,
      0,
      1,
      1
    ],
    [
      1,
      0,
      1,
      0,
      0
    ],
    [
      1,
      0,
      1,
      0,
      1
    ],
    [
      1,
      0,
      1,
      1,
      0
    ],
    [
      1,
      0,
      1,
      1,
      1
    ],
    [
      1,
      1,
      0,
      0,
      0
    ],
    [
      1,
      1,
      0,
      0,
      1
    ],
    [
      1,
      1,
      0,
      1,
      0
    ],
    [
      1,
      1,
      0,
      1,
      1
    ],
    [
      1,
      1,
      1,
      0,
      0
    ],
    [
      1,
      1,
      1,
      0,
      1
    ],
    [
      1,
      1,
      1,
      1,
      0
    ],
    [
      1,
      1,
      1,
      1,
      1
    ]
  ]
}