{
  "solver_status": 9,
  "feasible": true,
  "mb_formulation_version": 5,
  "runtime": 300.0187840461731,
  "wall_time": 300.0205991268158,
  "mip_gap": 0.02179068527426926,
  "objective": 1.639809638376065,
  "bundle_space_size": 32,
  "policy_scope": "full_bundle_prices",
  "bundle_prices": {
    "0": 0.0,
    "3": 18.22305439820061,
    "5": 16.187810376661698,
    "7": 23.40564895735939,
    "10": 11.591678307253284,
    "11": 21.425714673148356,
    "12": 9.244468066257207,
    "13": 19.387159785270825,
    "14": 16.924716010017576,
    "15": 26.934370522862938,
    "17": 11.4634736320457,
    "19": 19.261737187162222,
    "22": 14.716612985086318,
    "23": 24.605562662204804,
    "25": 14.430963421008961,
    "26": 12.591192741507363,
    "29": 20.40074900401897,
    "30": 18.06491597447453,
    "31": 27.92621358224507
  },
  "bundle_prices_full": {
    "0": 0.0,
    "1": 28.731182320657386,
    "2": 28.731182320657386,
    "3": 18.22305439820061,
    "4": 28.731182320657386,
    "5": 16.187810376661698,
    "6": 26.151294909159954,
    "7": 23.40564895735939,
    "8": 25.795624166869857,
    "9": 25.795624166869842,
    "10": 11.591678307253284,
    "11": 21.425714673148356,
    "12": 9.244468066257207,
    "13": 19.387159785270825,
    "14": 16.924716010017576,
    "15": 26.934370522862938,
    "16": 17.166342390407106,
    "17": 11.4634736320457,
    "18": 9.201146526154746,
    "19": 19.261737187162222,
    "20": 22.059386990308692,
    "21": 22.059386990308692,
    "22": 14.716612985086318,
    "23": 24.605562662204804,
    "24": 19.123828836521163,
    "25": 14.430963421008961,
    "26": 12.591192741507363,
    "27": 22.419396084566596,
    "28": 14.73395668296369,
    "29": 20.40074900401897,
    "30": 18.06491597447453,
    "31": 27.92621358224507
  },
  "bundle_prices_selected": {
    "0": 0.0,
    "3": 18.22305439820061,
    "5": 16.187810376661698,
    "7": 23.40564895735939,
    "10": 11.591678307253284,
    "11": 21.425714673148356,
    "12": 9.244468066257207,
    "13": 19.387159785270825,
    "14": 16.924716010017576,
    "15": 26.934370522862938,
    "17": 11.4634736320457,
    "19": 19.261737187162222,
    "22": 14.716612985086318,
    "23": 24.605562662204804,
    "25": 14.430963421008961,
    "26": 12.591192741507363,
    "29": 20.40074900401897,
    "30": 18.06491597447453,
    "31": 27.92621358224507
  },
  "chosen_bundle_idx_by_customer": [
    7,
    15,
    7,
    23,
    31,
    22,
    30,
    19,
    22,
    14,
    29,
    30,
    31,
    0,
    7,
    15,
    17,
    31,
    3,
    3,
    25,
    12,
    7,
    22,
    11,
    23,
    0,
    19,
    13,
    10,
    7,
    25,
    31,
    17,
    31,
    30,
    31,
    29,
    31,
    12,
    25,
    0,
    12,
    14,
    14,
    26,
    7,
    5,
    22,
    0
  ],
  "chosen_product_matrix": [
    [
      0,
      0,
      1,
      1,
      1
    ],
    [
      0,
      1,
      1,
      1,
      1
    ],
    [
      0,
      0,
      1,
      1,
      1
    ],
    [
      1,
      0,
      1,
      1,
      1
    ],
    [
      1,
      1,
      1,
      1,
      1
    ],
    [
      1,
      0,
      1,
      1,
      0
    ],
    [
      1,
      1,
      1,
      1,
      0
    ],
    [
      1,
      0,
      0,
      1,
      1
    ],
    [
      1,
      0,
      1,
      1,
      0
    ],
    [
      0,
      1,
      1,
      1,
      0
    ],
    [
      1,
      1,
      1,
      0,
      1
    ],
    [
      1,
      1,
      1,
      1,
      0
    ],
    [
      1,
      1,
      1,
      1,
      1
    ],
    [
      0,
      0,
      0,
      0,
      0
    ],
    [
      0,
      0,
      1,
      1,
      1
    ],
    [
      0,
      1,
      1,
      1,
      1
    ],
    [
      1,
      0,
      0,
      0,
      1
    ],
    [
      1,
      1,
      1,
      1,
      1
    ],
    [
      0,
      0,
      0,
      1,
      1
    ],
    [
      0,
      0,
      0,
      1,
      1
    ],
    [
      1,
      1,
      0,
      0,
      1
    ],
    [
      0,
      1,
      1,
      0,
      0
    ],
    [
      0,
      0,
      1,
      1,
      1
    ],
    [
      1,
      0,
      1,
      1,
      0
    ],
    [
      0,
      1,
      0,
      1,
      1
    ],
    [
      1,
      0,
      1,
      1,
      1
    ],
    [
      0,
      0,
      0,
      0,
      0
    ],
    [
      1,
      0,
      0,
      1,
      1
    ],
    [
      0,
      1,
      1,
      0,
      1
    ],
    [
      0,
      1,
      0,
      1,
      0
    ],
    [
      0,
      0,
      1,
      1,
      1
    ],
    [
      1,
      1,
      0,
      0,
      1
    ],
    [
      1,
      1,
      1,
      1,
      1
    ],
    [
      1,
      0,
      0,
      0,
      1
    ],
    [
      1,
      1,
      1,
      1,
      1
    ],
    [
      1,
      1,
      1,
      1,
      0
    ],
    [
      1,
      1,
      1,
      1,
      1
    ],
    [
      1,
      1,
      1,
      0,
      1
    ],
    [
      1,
      1,
      1,
      1,
      1
    ],
    [
      0,
      1,
      1,
      0,
      0
    ],
    [
      1,
      1,
      0,
      0,
      1
    ],
    [
      0,
      0,
      0,
      0,
      0
    ],
    [
      0,
      1,
      1,
      0,
      0
    ],
    [
      0,
      1,
      1,
      1,
      0
    ],
    [
      0,
      1,
      1,
      1,
      0
    ],
    [
      1,
      1,
      0,
      1,
      0
    ],
    [
      0,
      0,
      1,
      1,
      1
    ],
    [
      0,
      0,
      1,
      0,
      1
    ],
    [
      1,
      0,
      1,
      1,
      0
    ],
    [
      0,
      0,
      0,
      0,
      0
    ]
  ],
  "assortments": [
    [
      0,
      0,
      0,
      0,
      0
    ],
    [
      0,
      0,
      0,
      0,
      1
    ],
    [
      0,
      0,
      0,
      1,
      0
    ],
    [
      0,
      0,
      0,
      1,
      1
    ],
    [
      0,
      0,
      1,
      0,
      0
    ],
    [
      0,
      0,
      1,
      0,
      1
    ],
    [
      0,
      0,
      1,
      1,
      0
    ],
    [
      0,
      0,
      1,
      1,
      1
    ],
    [
      0,
      1,
      0,
      0,
      0
    ],
    [
      0,
      1,
      0,
      0,
      1
    ],
    [
      0,
      1,
      0,
      1,
      0
    ],
    [
      0,
      1,
      0,
      1,
      1
    ],
    [
      0,
      1,
      1,
      0,
      0
    ],
    [
      0,
      1,
      1,
      0,
      1
    ],
    [
      0,
      1,
      1,
      1,
      0
    ],
    [
      0,
      1,
      1,
      1,
      1
    ],
    [
      1,
      0,
      0,
      0,
      0
    ],
    [
      1,
      0,
      0,
      0,
      1
    ],
    [
      1,
      0,
      0,
      1,
      0
    ],
    [
      1,
      0,
      0,
      1,
      1
    ],
    [
      1,
      0,
      1,
      0,
      0
    ],
    [
      1,
      0,
      1,
      0,
      1
    ],
    [
      1,
      0,
      1,
      1,
      0
    ],
    [
      1,
      0,
      1,
      1,
      1
    ],
    [
      1,
      1,
      0,
      0,
      0
    ],
    [
      1,
      1,
      0,
      0,
      1
    ],
    [
      1,
      1,
      0,
      1,
      0
    ],
    [
      1,
      1,
      0,
      1,
      1
    ],
    [
      1,
      1,
      1,
      0,
      0
    ],
    [
      1,
      1,
      1,
      0,
      1
    ],
    [
      1,
      1,
      1,
      1,
      0
    ],
    [
      1,
      1,
      1,
      1,
      1
    ]
  ]
}