{
  "solver_status": 2,
  "feasible": true,
  "mb_formulation_version": 5,
  "runtime": 38.989439964294434,
  "wall_time": 38.99122381210327,
  "mip_gap": 0.009574923424364775,
  "objective": 1.7876325396431973,
  "bundle_space_size": 32,
  "policy_scope": "full_bundle_prices",
  "bundle_prices": {
    "0": 0.0,
    "1": 10.649640383657157,
    "2": 8.150316659875477,
    "4": 6.254865317190532,
    "5": 16.305050597240758,
    "6": 13.809534831073988,
    "7": 23.765574489271852,
    "12": 9.464282096470452,
    "15": 27.381114962946356,
    "16": 1.6148599461382922,
    "17": 11.35991213273952,
    "19": 19.301720988659792,
    "22": 15.011425777467267,
    "23": 24.857654772834834,
    "27": 22.559545576546423,
    "28": 10.653729540783715,
    "29": 20.576191666302478,
    "31": 27.90560351916117
  },
  "bundle_prices_full": {
    "0": 0.0,
    "1": 10.649640383657157,
    "2": 8.150316659875477,
    "3": 18.799957043532636,
    "4": 6.254865317190532,
    "5": 16.305050597240758,
    "6": 13.809534831073988,
    "7": 23.765574489271852,
    "8": 24.471616775997926,
    "9": 28.915168382695903,
    "10": 11.944749845255227,
    "11": 21.985930760713565,
    "12": 9.464282096470452,
    "13": 19.468645945059674,
    "14": 17.339934047496232,
    "15": 27.381114962946356,
    "16": 1.6148599461382922,
    "17": 11.35991213273952,
    "18": 9.59578237959531,
    "19": 19.301720988659792,
    "20": 7.869725263328824,
    "21": 17.614777449930052,
    "22": 15.011425777467267,
    "23": 24.857654772834834,
    "24": 25.219794267369135,
    "25": 15.196852002796481,
    "26": 12.706287884822139,
    "27": 22.559545576546423,
    "28": 10.653729540783715,
    "29": 20.576191666302478,
    "30": 18.230904060101615,
    "31": 27.90560351916117
  },
  "bundle_prices_selected": {
    "0": 0.0,
    "1": 10.649640383657157,
    "2": 8.150316659875477,
    "4": 6.254865317190532,
    "5": 16.305050597240758,
    "6": 13.809534831073988,
    "7": 23.765574489271852,
    "12": 9.464282096470452,
    "15": 27.381114962946356,
    "16": 1.6148599461382922,
    "17": 11.35991213273952,
    "19": 19.301720988659792,
    "22": 15.011425777467267,
    "23": 24.857654772834834,
    "27": 22.559545576546423,
    "28": 10.653729540783715,
    "29": 20.576191666302478,
    "31": 27.90560351916117
  },
  "chosen_bundle_idx_by_customer": [
    31,
    5,
    17,
    17,
    7,
    29,
    31,
    23,
    23,
    0,
    15,
    17,
    22,
    23,
    29,
    31,
    23,
    19,
    0,
    31,
    12,
    15,
    27,
    0,
    31,
    16,
    0,
    19,
    0,
    27,
    31,
    2,
    28,
    31,
    27,
    31,
    1,
    4,
    27,
    23,
    29,
    7,
    31,
    31,
    27,
    31,
    31,
    27,
    6,
    0
  ],
  "chosen_product_matrix": [
    [
      1,
      1,
      1,
      1,
      1
    ],
    [
      0,
      0,
      1,
      0,
      1
    ],
    [
      1,
      0,
      0,
      0,
      1
    ],
    [
      1,
      0,
      0,
      0,
      1
    ],
    [
      0,
      0,
      1,
      1,
      1
    ],
    [
      1,
      1,
      1,
      0,
      1
    ],
    [
      1,
      1,
      1,
      1,
      1
    ],
    [
      1,
      0,
      1,
      1,
      1
    ],
    [
      1,
      0,
      1,
      1,
      1
    ],
    [
      0,
      0,
      0,
      0,
      0
    ],
    [
      0,
      1,
      1,
      1,
      1
    ],
    [
      1,
      0,
      0,
      0,
      1
    ],
    [
      1,
      0,
      1,
      1,
      0
    ],
    [
      1,
      0,
      1,
      1,
      1
    ],
    [
      1,
      1,
      1,
      0,
      1
    ],
    [
      1,
      1,
      1,
      1,
      1
    ],
    [
      1,
      0,
      1,
      1,
      1
    ],
    [
      1,
      0,
      0,
      1,
      1
    ],
    [
      0,
      0,
      0,
      0,
      0
    ],
    [
      1,
      1,
      1,
      1,
      1
    ],
    [
      0,
      1,
      1,
      0,
      0
    ],
    [
      0,
      1,
      1,
      1,
      1
    ],
    [
      1,
      1,
      0,
      1,
      1
    ],
    [
      0,
      0,
      0,
      0,
      0
    ],
    [
      1,
      1,
      1,
      1,
      1
    ],
    [
      1,
      0,
      0,
      0,
      0
    ],
    [
      0,
      0,
      0,
      0,
      0
    ],
    [
      1,
      0,
      0,
      1,
      1
    ],
    [
      0,
      0,
      0,
      0,
      0
    ],
    [
      1,
      1,
      0,
      1,
      1
    ],
    [
      1,
      1,
      1,
      1,
      1
    ],
    [
      0,
      0,
      0,
      1,
      0
    ],
    [
      1,
      1,
      1,
      0,
      0
    ],
    [
      1,
      1,
      1,
      1,
      1
    ],
    [
      1,
      1,
      0,
      1,
      1
    ],
    [
      1,
      1,
      1,
      1,
      1
    ],
    [
      0,
      0,
      0,
      0,
      1
    ],
    [
      0,
      0,
      1,
      0,
      0
    ],
    [
      1,
      1,
      0,
      1,
      1
    ],
    [
      1,
      0,
      1,
      1,
      1
    ],
    [
      1,
      1,
      1,
      0,
      1
    ],
    [
      0,
      0,
      1,
      1,
      1
    ],
    [
      1,
      1,
      1,
      1,
      1
    ],
    [
      1,
      1,
      1,
      1,
      1
    ],
    [
      1,
      1,
      0,
      1,
      1
    ],
    [
      1,
      1,
      1,
      1,
      1
    ],
    [
      1,
      1,
      1,
      1,
      1
    ],
    [
      1,
      1,
      0,
      1,
      1
    ],
    [
      0,
      0,
      1,
      1,
      0
    ],
    [
      0,
      0,
      0,
      0,
      0
    ]
  ],
  "assortments": [
    [
      0,
      0,
      0,
      0,
      0
    ],
    [
      0,
      0,
      0,
      0,
      1
    ],
    [
      0,
      0,
      0,
      1,
      0
    ],
    [
      0,
      0,
      0,
      1,
      1
    ],
    [
      0,
      0,
      1,
      0,
      0
    ],
    [
      0,
      0,
      1,
      0,
      1
    ],
    [
      0,
      0,
      1,
      1,
      0
    ],
    [
      0,
      0,
      1,
      1,
      1
    ],
    [
      0,
      1,
      0,
      0,
      0
    ],
    [
      0,
      1,
      0,
      0,
      1
    ],
    [
      0,
      1,
      0,
      1,
      0
    ],
    [
      0,
      1,
      0,
      1,
      1
    ],
    [
      0,
      1,
      1,
      0,
      0
    ],
    [
      0,
      1,
      1,
      0,
      1
    ],
    [
      0,
      1,
      1,
      1,
      0
    ],
    [
      0,
      1,
      1,
      1,
      1
    ],
    [
      1,
      0,
      0,
      0,
      0
    ],
    [
      1,
      0,
      0,
      0,
      1
    ],
    [
      1,
      0,
      0,
      1,
      0
    ],
    [
      1,
      0,
      0,
      1,
      1
    ],
    [
      1,
      0,
      1,
      0,
      0
    ],
    [
      1,
      0,
      1,
      0,
      1
    ],
    [
      1,
      0,
      1,
      1,
      0
    ],
    [
      1,
      0,
      1,
      1,
      1
    ],
    [
      1,
      1,
      0,
      0,
      0
    ],
    [
      1,
      1,
      0,
      0,
      1
    ],
    [
      1,
      1,
      0,
      1,
      0
    ],
    [
      1,
      1,
      0,
      1,
      1
    ],
    [
      1,
      1,
      1,
      0,
      0
    ],
    [
      1,
      1,
      1,
      0,
      1
    ],
    [
      1,
      1,
      1,
      1,
      0
    ],
    [
      1,
      1,
      1,
      1,
      1
    ]
  ]
}