{
  "solver_status": 2,
  "feasible": true,
  "mb_formulation_version": 5,
  "runtime": 109.80250787734985,
  "wall_time": 109.80431628227234,
  "mip_gap": 0.009685312383501694,
  "objective": 1.77724467818704,
  "bundle_space_size": 32,
  "policy_scope": "full_bundle_prices",
  "bundle_prices": {
    "0": 0.0,
    "1": 10.664637822119222,
    "3": 18.467129083951622,
    "5": 16.278263436221042,
    "7": 23.878885917588818,
    "9": 13.89459414109415,
    "11": 21.668870967122132,
    "12": 9.7789219068339,
    "15": 27.140763939603268,
    "17": 11.775205993213362,
    "22": 14.827153426557398,
    "23": 24.893797906089304,
    "25": 15.674045432452433,
    "27": 22.988736595758823,
    "29": 20.9839222205497,
    "30": 18.61014276565116,
    "31": 28.168407773906484
  },
  "bundle_prices_full": {
    "0": 0.0,
    "1": 10.664637822119222,
    "2": 29.069317356198866,
    "3": 18.467129083951622,
    "4": 30.110113675330005,
    "5": 16.278263436221042,
    "6": 14.397747840678342,
    "7": 23.878885917588818,
    "8": 30.110113675330005,
    "9": 13.89459414109415,
    "10": 12.25325052382728,
    "11": 21.668870967122132,
    "12": 9.7789219068339,
    "13": 19.588570665558382,
    "14": 26.765606183416796,
    "15": 27.140763939603268,
    "16": 26.432966298293245,
    "17": 11.775205993213362,
    "18": 30.110113675330005,
    "19": 19.66148983660021,
    "20": 7.258495035504936,
    "21": 17.923132857624157,
    "22": 14.827153426557398,
    "23": 24.893797906089304,
    "24": 5.958874824927339,
    "25": 15.674045432452433,
    "26": 13.35548583934883,
    "27": 22.988736595758823,
    "28": 10.834311659838423,
    "29": 20.9839222205497,
    "30": 18.61014276565116,
    "31": 28.168407773906484
  },
  "bundle_prices_selected": {
    "0": 0.0,
    "1": 10.664637822119222,
    "3": 18.467129083951622,
    "5": 16.278263436221042,
    "7": 23.878885917588818,
    "9": 13.89459414109415,
    "11": 21.668870967122132,
    "12": 9.7789219068339,
    "15": 27.140763939603268,
    "17": 11.775205993213362,
    "22": 14.827153426557398,
    "23": 24.893797906089304,
    "25": 15.674045432452433,
    "27": 22.988736595758823,
    "29": 20.9839222205497,
    "30": 18.61014276565116,
    "31": 28.168407773906484
  },
  "chosen_bundle_idx_by_customer": [
    27,
    11,
    7,
    15,
    29,
    31,
    0,
    0,
    0,
    7,
    0,
    15,
    9,
    31,
    17,
    12,
    22,
    3,
    11,
    9,
    30,
    15,
    15,
    22,
    0,
    15,
    25,
    23,
    5,
    31,
    29,
    11,
    0,
    7,
    3,
    31,
    1,
    0,
    9,
    0,
    22,
    31,
    31,
    23,
    0,
    17,
    23,
    5,
    27,
    23
  ],
  "chosen_product_matrix": [
    [
      1,
      1,
      0,
      1,
      1
    ],
    [
      0,
      1,
      0,
      1,
      1
    ],
    [
      0,
      0,
      1,
      1,
      1
    ],
    [
      0,
      1,
      1,
      1,
      1
    ],
    [
      1,
      1,
      1,
      0,
      1
    ],
    [
      1,
      1,
      1,
      1,
      1
    ],
    [
      0,
      0,
      0,
      0,
      0
    ],
    [
      0,
      0,
      0,
      0,
      0
    ],
    [
      0,
      0,
      0,
      0,
      0
    ],
    [
      0,
      0,
      1,
      1,
      1
    ],
    [
      0,
      0,
      0,
      0,
      0
    ],
    [
      0,
      1,
      1,
      1,
      1
    ],
    [
      0,
      1,
      0,
      0,
      1
    ],
    [
      1,
      1,
      1,
      1,
      1
    ],
    [
      1,
      0,
      0,
      0,
      1
    ],
    [
      0,
      1,
      1,
      0,
      0
    ],
    [
      1,
      0,
      1,
      1,
      0
    ],
    [
      0,
      0,
      0,
      1,
      1
    ],
    [
      0,
      1,
      0,
      1,
      1
    ],
    [
      0,
      1,
      0,
      0,
      1
    ],
    [
      1,
      1,
      1,
      1,
      0
    ],
    [
      0,
      1,
      1,
      1,
      1
    ],
    [
      0,
      1,
      1,
      1,
      1
    ],
    [
      1,
      0,
      1,
      1,
      0
    ],
    [
      0,
      0,
      0,
      0,
      0
    ],
    [
      0,
      1,
      1,
      1,
      1
    ],
    [
      1,
      1,
      0,
      0,
      1
    ],
    [
      1,
      0,
      1,
      1,
      1
    ],
    [
      0,
      0,
      1,
      0,
      1
    ],
    [
      1,
      1,
      1,
      1,
      1
    ],
    [
      1,
      1,
      1,
      0,
      1
    ],
    [
      0,
      1,
      0,
      1,
      1
    ],
    [
      0,
      0,
      0,
      0,
      0
    ],
    [
      0,
      0,
      1,
      1,
      1
    ],
    [
      0,
      0,
      0,
      1,
      1
    ],
    [
      1,
      1,
      1,
      1,
      1
    ],
    [
      0,
      0,
      0,
      0,
      1
    ],
    [
      0,
      0,
      0,
      0,
      0
    ],
    [
      0,
      1,
      0,
      0,
      1
    ],
    [
      0,
      0,
      0,
      0,
      0
    ],
    [
      1,
      0,
      1,
      1,
      0
    ],
    [
      1,
      1,
      1,
      1,
      1
    ],
    [
      1,
      1,
      1,
      1,
      1
    ],
    [
      1,
      0,
      1,
      1,
      1
    ],
    [
      0,
      0,
      0,
      0,
      0
    ],
    [
      1,
      0,
      0,
      0,
      1
    ],
    [
      1,
      0,
      1,
      1,
      1
    ],
    [
      0,
      0,
      1,
      0,
      1
    ],
    [
      1,
      1,
      0,
      1,
      1
    ],
    [
      1,
      0,
      1,
      1,
      1
    ]
  ],
  "assortments": [
    [
      0,
      0,
      0,
      0,
      0
    ],
    [
      0,
      0,
      0,
      0,
      1
    ],
    [
      0,
      0,
      0,
      1,
      0
    ],
    [
      0,
      0,
      0,
      1,
      1
    ],
    [
      0,
      0,
      1,
      0,
      0
    ],
    [
      0,
      0,
      1,
      0,
      1
    ],
    [
      0,
      0,
      1,
      1,
      0
    ],
    [
      0,
      0,
      1,
      1,
      1
    ],
    [
      0,
      1,
      0,
      0,
      0
    ],
    [
      0,
      1,
      0,
      0,
      1
    ],
    [
      0,
      1,
      0,
      1,
      0
    ],
    [
      0,
      1,
      0,
      1,
      1
    ],
    [
      0,
      1,
      1,
      0,
      0
    ],
    [
      0,
      1,
      1,
      0,
      1
    ],
    [
      0,
      1,
      1,
      1,
      0
    ],
    [
      0,
      1,
      1,
      1,
      1
    ],
    [
      1,
      0,
      0,
      0,
      0
    ],
    [
      1,
      0,
      0,
      0,
      1
    ],
    [
      1,
      0,
      0,
      1,
      0
    ],
    [
      1,
      0,
      0,
      1,
      1
    ],
    [
      1,
      0,
      1,
      0,
      0
    ],
    [
      1,
      0,
      1,
      0,
      1
    ],
    [
      1,
      0,
      1,
      1,
      0
    ],
    [
      1,
      0,
      1,
      1,
      1
    ],
    [
      1,
      1,
      0,
      0,
      0
    ],
    [
      1,
      1,
      0,
      0,
      1
    ],
    [
      1,
      1,
      0,
      1,
      0
    ],
    [
      1,
      1,
      0,
      1,
      1
    ],
    [
      1,
      1,
      1,
      0,
      0
    ],
    [
      1,
      1,
      1,
      0,
      1
    ],
    [
      1,
      1,
      1,
      1,
      0
    ],
    [
      1,
      1,
      1,
      1,
      1
    ]
  ]
}