{
  "solver_status": 2,
  "feasible": true,
  "mb_formulation_version": 5,
  "runtime": 208.43074417114258,
  "wall_time": 208.43253421783447,
  "mip_gap": 0.009893805173545942,
  "objective": 1.3854178968345403,
  "bundle_space_size": 32,
  "policy_scope": "full_bundle_prices",
  "bundle_prices": {
    "0": 0.0,
    "1": 10.10701283025469,
    "3": 18.133954489422372,
    "5": 15.55279741185148,
    "7": 23.3204355248031,
    "9": 13.51394134536238,
    "14": 16.906205061074424,
    "15": 26.460824636318176,
    "20": 6.965744791868193,
    "23": 24.304657087313803,
    "26": 13.017679465860471,
    "27": 22.18182766373095,
    "28": 10.416648415512888,
    "29": 20.12949404593384,
    "30": 18.108213695663885,
    "31": 27.601697664787483
  },
  "bundle_prices_full": {
    "0": 0.0,
    "1": 10.10701283025469,
    "2": 30.184479008658215,
    "3": 18.133954489422372,
    "4": 30.184479008658215,
    "5": 15.55279741185148,
    "6": 30.184479008658215,
    "7": 23.3204355248031,
    "8": 30.184479008658215,
    "9": 13.51394134536238,
    "10": 30.184479008658215,
    "11": 30.184479008658215,
    "12": 30.184479008658215,
    "13": 30.184479008658215,
    "14": 16.906205061074424,
    "15": 26.460824636318176,
    "16": 30.184479008658215,
    "17": 30.184479008658215,
    "18": 30.184479008658215,
    "19": 30.184479008658215,
    "20": 6.965744791868193,
    "21": 17.072757622122886,
    "22": 30.184479008658215,
    "23": 24.304657087313803,
    "24": 30.184479008658215,
    "25": 30.184479008658215,
    "26": 13.017679465860471,
    "27": 22.18182766373095,
    "28": 10.416648415512888,
    "29": 20.12949404593384,
    "30": 18.108213695663885,
    "31": 27.601697664787483
  },
  "bundle_prices_selected": {
    "0": 0.0,
    "1": 10.10701283025469,
    "3": 18.133954489422372,
    "5": 15.55279741185148,
    "7": 23.3204355248031,
    "9": 13.51394134536238,
    "14": 16.906205061074424,
    "15": 26.460824636318176,
    "20": 6.965744791868193,
    "23": 24.304657087313803,
    "26": 13.017679465860471,
    "27": 22.18182766373095,
    "28": 10.416648415512888,
    "29": 20.12949404593384,
    "30": 18.108213695663885,
    "31": 27.601697664787483
  },
  "chosen_bundle_idx_by_customer": [
    15,
    29,
    5,
    30,
    1,
    3,
    0,
    0,
    27,
    31,
    7,
    14,
    7,
    15,
    7,
    23,
    15,
    9,
    23,
    29,
    0,
    0,
    31,
    7,
    23,
    1,
    28,
    31,
    15,
    26,
    1,
    23,
    0,
    31,
    15,
    0,
    23,
    23,
    27,
    0,
    31,
    14,
    15,
    20,
    0,
    7,
    23,
    27,
    27,
    3
  ],
  "chosen_product_matrix": [
    [
      0,
      1,
      1,
      1,
      1
    ],
    [
      1,
      1,
      1,
      0,
      1
    ],
    [
      0,
      0,
      1,
      0,
      1
    ],
    [
      1,
      1,
      1,
      1,
      0
    ],
    [
      0,
      0,
      0,
      0,
      1
    ],
    [
      0,
      0,
      0,
      1,
      1
    ],
    [
      0,
      0,
      0,
      0,
      0
    ],
    [
      0,
      0,
      0,
      0,
      0
    ],
    [
      1,
      1,
      0,
      1,
      1
    ],
    [
      1,
      1,
      1,
      1,
      1
    ],
    [
      0,
      0,
      1,
      1,
      1
    ],
    [
      0,
      1,
      1,
      1,
      0
    ],
    [
      0,
      0,
      1,
      1,
      1
    ],
    [
      0,
      1,
      1,
      1,
      1
    ],
    [
      0,
      0,
      1,
      1,
      1
    ],
    [
      1,
      0,
      1,
      1,
      1
    ],
    [
      0,
      1,
      1,
      1,
      1
    ],
    [
      0,
      1,
      0,
      0,
      1
    ],
    [
      1,
      0,
      1,
      1,
      1
    ],
    [
      1,
      1,
      1,
      0,
      1
    ],
    [
      0,
      0,
      0,
      0,
      0
    ],
    [
      0,
      0,
      0,
      0,
      0
    ],
    [
      1,
      1,
      1,
      1,
      1
    ],
    [
      0,
      0,
      1,
      1,
      1
    ],
    [
      1,
      0,
      1,
      1,
      1
    ],
    [
      0,
      0,
      0,
      0,
      1
    ],
    [
      1,
      1,
      1,
      0,
      0
    ],
    [
      1,
      1,
      1,
      1,
      1
    ],
    [
      0,
      1,
      1,
      1,
      1
    ],
    [
      1,
      1,
      0,
      1,
      0
    ],
    [
      0,
      0,
      0,
      0,
      1
    ],
    [
      1,
      0,
      1,
      1,
      1
    ],
    [
      0,
      0,
      0,
      0,
      0
    ],
    [
      1,
      1,
      1,
      1,
      1
    ],
    [
      0,
      1,
      1,
      1,
      1
    ],
    [
      0,
      0,
      0,
      0,
      0
    ],
    [
      1,
      0,
      1,
      1,
      1
    ],
    [
      1,
      0,
      1,
      1,
      1
    ],
    [
      1,
      1,
      0,
      1,
      1
    ],
    [
      0,
      0,
      0,
      0,
      0
    ],
    [
      1,
      1,
      1,
      1,
      1
    ],
    [
      0,
      1,
      1,
      1,
      0
    ],
    [
      0,
      1,
      1,
      1,
      1
    ],
    [
      1,
      0,
      1,
      0,
      0
    ],
    [
      0,
      0,
      0,
      0,
      0
    ],
    [
      0,
      0,
      1,
      1,
      1
    ],
    [
      1,
      0,
      1,
      1,
      1
    ],
    [
      1,
      1,
      0,
      1,
      1
    ],
    [
      1,
      1,
      0,
      1,
      1
    ],
    [
      0,
      0,
      0,
      1,
      1
    ]
  ],
  "assortments": [
    [
      0,
      0,
      0,
      0,
      0
    ],
    [
      0,
      0,
      0,
      0,
      1
    ],
    [
      0,
      0,
      0,
      1,
      0
    ],
    [
      0,
      0,
      0,
      1,
      1
    ],
    [
      0,
      0,
      1,
      0,
      0
    ],
    [
      0,
      0,
      1,
      0,
      1
    ],
    [
      0,
      0,
      1,
      1,
      0
    ],
    [
      0,
      0,
      1,
      1,
      1
    ],
    [
      0,
      1,
      0,
      0,
      0
    ],
    [
      0,
      1,
      0,
      0,
      1
    ],
    [
      0,
      1,
      0,
      1,
      0
    ],
    [
      0,
      1,
      0,
      1,
      1
    ],
    [
      0,
      1,
      1,
      0,
      0
    ],
    [
      0,
      1,
      1,
      0,
      1
    ],
    [
      0,
      1,
      1,
      1,
      0
    ],
    [
      0,
      1,
      1,
      1,
      1
    ],
    [
      1,
      0,
      0,
      0,
      0
    ],
    [
      1,
      0,
      0,
      0,
      1
    ],
    [
      1,
      0,
      0,
      1,
      0
    ],
    [
      1,
      0,
      0,
      1,
      1
    ],
    [
      1,
      0,
      1,
      0,
      0
    ],
    [
      1,
      0,
      1,
      0,
      1
    ],
    [
      1,
      0,
      1,
      1,
      0
    ],
    [
      1,
      0,
      1,
      1,
      1
    ],
    [
      1,
      1,
      0,
      0,
      0
    ],
    [
      1,
      1,
      0,
      0,
      1
    ],
    [
      1,
      1,
      0,
      1,
      0
    ],
    [
      1,
      1,
      0,
      1,
      1
    ],
    [
      1,
      1,
      1,
      0,
      0
    ],
    [
      1,
      1,
      1,
      0,
      1
    ],
    [
      1,
      1,
      1,
      1,
      0
    ],
    [
      1,
      1,
      1,
      1,
      1
    ]
  ]
}