param,mean_cv_revenue,mean_out_revenue
0,1.6037024736729422,1.1502985661683698
1,1.4852413110386185,1.1285085344866996
2,1.3542516612204578,1.092296186583999
3,1.316935260487377,1.0919391888178929
