{
  "solver_status": 2,
  "feasible": true,
  "mb_formulation_version": 5,
  "runtime": 266.5005900859833,
  "wall_time": 266.50235319137573,
  "mip_gap": 0.00991001133505587,
  "objective": 1.680532830464584,
  "bundle_space_size": 32,
  "policy_scope": "full_bundle_prices",
  "bundle_prices": {
    "0": 0.0,
    "3": 18.449996537117855,
    "5": 15.857048765543066,
    "7": 23.86314758448256,
    "9": 14.02956302402468,
    "11": 21.730006809198848,
    "12": 9.21238080332117,
    "13": 19.028059385365687,
    "14": 17.120051456792417,
    "15": 26.96361040828907,
    "19": 19.7361975941382,
    "21": 16.946185126093457,
    "22": 14.502193771972962,
    "23": 24.504937159829613,
    "26": 13.144973173395982,
    "27": 23.07345890964569,
    "29": 20.800228339750582,
    "30": 18.615539125252493,
    "31": 28.01605020221341
  },
  "bundle_prices_full": {
    "0": 0.0,
    "1": 30.82595409894873,
    "2": 30.82595409894873,
    "3": 18.449996537117855,
    "4": 30.82595409894873,
    "5": 15.857048765543066,
    "6": 30.82595409894873,
    "7": 23.86314758448256,
    "8": 30.82595409894873,
    "9": 14.02956302402468,
    "10": 30.82595409894873,
    "11": 21.730006809198848,
    "12": 9.21238080332117,
    "13": 19.028059385365687,
    "14": 17.120051456792417,
    "15": 26.96361040828907,
    "16": 30.82595409894873,
    "17": 30.82595409894873,
    "18": 30.82595409894873,
    "19": 19.7361975941382,
    "20": 30.82595409894873,
    "21": 16.946185126093457,
    "22": 14.502193771972962,
    "23": 24.504937159829613,
    "24": 30.82595409894873,
    "25": 30.82595409894873,
    "26": 13.144973173395982,
    "27": 23.07345890964569,
    "28": 30.82595409894873,
    "29": 20.800228339750582,
    "30": 18.615539125252493,
    "31": 28.01605020221341
  },
  "bundle_prices_selected": {
    "0": 0.0,
    "3": 18.449996537117855,
    "5": 15.857048765543066,
    "7": 23.86314758448256,
    "9": 14.02956302402468,
    "11": 21.730006809198848,
    "12": 9.21238080332117,
    "13": 19.028059385365687,
    "14": 17.120051456792417,
    "15": 26.96361040828907,
    "19": 19.7361975941382,
    "21": 16.946185126093457,
    "22": 14.502193771972962,
    "23": 24.504937159829613,
    "26": 13.144973173395982,
    "27": 23.07345890964569,
    "29": 20.800228339750582,
    "30": 18.615539125252493,
    "31": 28.01605020221341
  },
  "chosen_bundle_idx_by_customer": [
    12,
    13,
    0,
    23,
    23,
    22,
    23,
    9,
    23,
    12,
    31,
    19,
    13,
    22,
    14,
    5,
    22,
    23,
    27,
    11,
    27,
    0,
    31,
    21,
    15,
    0,
    7,
    0,
    27,
    15,
    21,
    3,
    9,
    13,
    30,
    31,
    11,
    11,
    29,
    13,
    27,
    7,
    11,
    3,
    26,
    12,
    23,
    0,
    0,
    0
  ],
  "chosen_product_matrix": [
    [
      0,
      1,
      1,
      0,
      0
    ],
    [
      0,
      1,
      1,
      0,
      1
    ],
    [
      0,
      0,
      0,
      0,
      0
    ],
    [
      1,
      0,
      1,
      1,
      1
    ],
    [
      1,
      0,
      1,
      1,
      1
    ],
    [
      1,
      0,
      1,
      1,
      0
    ],
    [
      1,
      0,
      1,
      1,
      1
    ],
    [
      0,
      1,
      0,
      0,
      1
    ],
    [
      1,
      0,
      1,
      1,
      1
    ],
    [
      0,
      1,
      1,
      0,
      0
    ],
    [
      1,
      1,
      1,
      1,
      1
    ],
    [
      1,
      0,
      0,
      1,
      1
    ],
    [
      0,
      1,
      1,
      0,
      1
    ],
    [
      1,
      0,
      1,
      1,
      0
    ],
    [
      0,
      1,
      1,
      1,
      0
    ],
    [
      0,
      0,
      1,
      0,
      1
    ],
    [
      1,
      0,
      1,
      1,
      0
    ],
    [
      1,
      0,
      1,
      1,
      1
    ],
    [
      1,
      1,
      0,
      1,
      1
    ],
    [
      0,
      1,
      0,
      1,
      1
    ],
    [
      1,
      1,
      0,
      1,
      1
    ],
    [
      0,
      0,
      0,
      0,
      0
    ],
    [
      1,
      1,
      1,
      1,
      1
    ],
    [
      1,
      0,
      1,
      0,
      1
    ],
    [
      0,
      1,
      1,
      1,
      1
    ],
    [
      0,
      0,
      0,
      0,
      0
    ],
    [
      0,
      0,
      1,
      1,
      1
    ],
    [
      0,
      0,
      0,
      0,
      0
    ],
    [
      1,
      1,
      0,
      1,
      1
    ],
    [
      0,
      1,
      1,
      1,
      1
    ],
    [
      1,
      0,
      1,
      0,
      1
    ],
    [
      0,
      0,
      0,
      1,
      1
    ],
    [
      0,
      1,
      0,
      0,
      1
    ],
    [
      0,
      1,
      1,
      0,
      1
    ],
    [
      1,
      1,
      1,
      1,
      0
    ],
    [
      1,
      1,
      1,
      1,
      1
    ],
    [
      0,
      1,
      0,
      1,
      1
    ],
    [
      0,
      1,
      0,
      1,
      1
    ],
    [
      1,
      1,
      1,
      0,
      1
    ],
    [
      0,
      1,
      1,
      0,
      1
    ],
    [
      1,
      1,
      0,
      1,
      1
    ],
    [
      0,
      0,
      1,
      1,
      1
    ],
    [
      0,
      1,
      0,
      1,
      1
    ],
    [
      0,
      0,
      0,
      1,
      1
    ],
    [
      1,
      1,
      0,
      1,
      0
    ],
    [
      0,
      1,
      1,
      0,
      0
    ],
    [
      1,
      0,
      1,
      1,
      1
    ],
    [
      0,
      0,
      0,
      0,
      0
    ],
    [
      0,
      0,
      0,
      0,
      0
    ],
    [
      0,
      0,
      0,
      0,
      0
    ]
  ],
  "assortments": [
    [
      0,
      0,
      0,
      0,
      0
    ],
    [
      0,
      0,
      0,
      0,
      1
    ],
    [
      0,
      0,
      0,
      1,
      0
    ],
    [
      0,
      0,
      0,
      1,
      1
    ],
    [
      0,
      0,
      1,
      0,
      0
    ],
    [
      0,
      0,
      1,
      0,
      1
    ],
    [
      0,
      0,
      1,
      1,
      0
    ],
    [
      0,
      0,
      1,
      1,
      1
    ],
    [
      0,
      1,
      0,
      0,
      0
    ],
    [
      0,
      1,
      0,
      0,
      1
    ],
    [
      0,
      1,
      0,
      1,
      0
    ],
    [
      0,
      1,
      0,
      1,
      1
    ],
    [
      0,
      1,
      1,
      0,
      0
    ],
    [
      0,
      1,
      1,
      0,
      1
    ],
    [
      0,
      1,
      1,
      1,
      0
    ],
    [
      0,
      1,
      1,
      1,
      1
    ],
    [
      1,
      0,
      0,
      0,
      0
    ],
    [
      1,
      0,
      0,
      0,
      1
    ],
    [
      1,
      0,
      0,
      1,
      0
    ],
    [
      1,
      0,
      0,
      1,
      1
    ],
    [
      1,
      0,
      1,
      0,
      0
    ],
    [
      1,
      0,
      1,
      0,
      1
    ],
    [
      1,
      0,
      1,
      1,
      0
    ],
    [
      1,
      0,
      1,
      1,
      1
    ],
    [
      1,
      1,
      0,
      0,
      0
    ],
    [
      1,
      1,
      0,
      0,
      1
    ],
    [
      1,
      1,
      0,
      1,
      0
    ],
    [
      1,
      1,
      0,
      1,
      1
    ],
    [
      1,
      1,
      1,
      0,
      0
    ],
    [
      1,
      1,
      1,
      0,
      1
    ],
    [
      1,
      1,
      1,
      1,
      0
    ],
    [
      1,
      1,
      1,
      1,
      1
    ]
  ]
}