{
  "solver_status": 2,
  "feasible": true,
  "mb_formulation_version": 5,
  "runtime": 133.32735800743103,
  "wall_time": 133.3291940689087,
  "mip_gap": 0.009654533125758664,
  "objective": 1.557297474098356,
  "bundle_space_size": 32,
  "policy_scope": "full_bundle_prices",
  "bundle_prices": {
    "0": 0.0,
    "3": 18.62048006432174,
    "7": 24.56112281355682,
    "9": 13.837897180300459,
    "10": 11.791825362956184,
    "11": 22.067358374309972,
    "12": 9.240767146550546,
    "14": 17.09571711513994,
    "15": 26.937732091585428,
    "17": 11.591199558783488,
    "20": 7.195629231484181,
    "21": 16.591107874305088,
    "22": 15.165834639394863,
    "23": 24.92684114278086,
    "24": 5.009266144422906,
    "25": 14.941003959487563,
    "27": 23.190285922064383,
    "29": 20.193940658222964,
    "30": 18.064702229940306,
    "31": 27.534309554671747
  },
  "bundle_prices_full": {
    "0": 0.0,
    "1": 10.703925599828935,
    "2": 28.721097382797648,
    "3": 18.62048006432174,
    "4": 5.9406427492350815,
    "5": 16.644568349064016,
    "6": 18.521097382797866,
    "7": 24.56112281355682,
    "8": 3.9159533571778633,
    "9": 13.837897180300459,
    "10": 11.791825362956184,
    "11": 22.067358374309972,
    "12": 9.240767146550546,
    "13": 19.124081324738896,
    "14": 17.09571711513994,
    "15": 26.937732091585428,
    "16": 1.6215572327728105,
    "17": 11.591199558783488,
    "18": 25.481817250892085,
    "19": 19.937531010721965,
    "20": 7.195629231484181,
    "21": 16.591107874305088,
    "22": 15.165834639394863,
    "23": 24.92684114278086,
    "24": 5.009266144422906,
    "25": 14.941003959487563,
    "26": 13.411678562813192,
    "27": 23.190285922064383,
    "28": 10.620217297496655,
    "29": 20.193940658222964,
    "30": 18.064702229940306,
    "31": 27.534309554671747
  },
  "bundle_prices_selected": {
    "0": 0.0,
    "3": 18.62048006432174,
    "7": 24.56112281355682,
    "9": 13.837897180300459,
    "10": 11.791825362956184,
    "11": 22.067358374309972,
    "12": 9.240767146550546,
    "14": 17.09571711513994,
    "15": 26.937732091585428,
    "17": 11.591199558783488,
    "20": 7.195629231484181,
    "21": 16.591107874305088,
    "22": 15.165834639394863,
    "23": 24.92684114278086,
    "24": 5.009266144422906,
    "25": 14.941003959487563,
    "27": 23.190285922064383,
    "29": 20.193940658222964,
    "30": 18.064702229940306,
    "31": 27.534309554671747
  },
  "chosen_bundle_idx_by_customer": [
    3,
    10,
    31,
    0,
    15,
    31,
    23,
    0,
    17,
    31,
    27,
    20,
    21,
    25,
    7,
    21,
    31,
    17,
    0,
    21,
    21,
    21,
    0,
    0,
    31,
    31,
    0,
    9,
    31,
    21,
    15,
    30,
    21,
    31,
    30,
    24,
    29,
    14,
    0,
    31,
    15,
    11,
    22,
    0,
    31,
    31,
    12,
    30,
    31,
    15
  ],
  "chosen_product_matrix": [
    [
      0,
      0,
      0,
      1,
      1
    ],
    [
      0,
      1,
      0,
      1,
      0
    ],
    [
      1,
      1,
      1,
      1,
      1
    ],
    [
      0,
      0,
      0,
      0,
      0
    ],
    [
      0,
      1,
      1,
      1,
      1
    ],
    [
      1,
      1,
      1,
      1,
      1
    ],
    [
      1,
      0,
      1,
      1,
      1
    ],
    [
      0,
      0,
      0,
      0,
      0
    ],
    [
      1,
      0,
      0,
      0,
      1
    ],
    [
      1,
      1,
      1,
      1,
      1
    ],
    [
      1,
      1,
      0,
      1,
      1
    ],
    [
      1,
      0,
      1,
      0,
      0
    ],
    [
      1,
      0,
      1,
      0,
      1
    ],
    [
      1,
      1,
      0,
      0,
      1
    ],
    [
      0,
      0,
      1,
      1,
      1
    ],
    [
      1,
      0,
      1,
      0,
      1
    ],
    [
      1,
      1,
      1,
      1,
      1
    ],
    [
      1,
      0,
      0,
      0,
      1
    ],
    [
      0,
      0,
      0,
      0,
      0
    ],
    [
      1,
      0,
      1,
      0,
      1
    ],
    [
      1,
      0,
      1,
      0,
      1
    ],
    [
      1,
      0,
      1,
      0,
      1
    ],
    [
      0,
      0,
      0,
      0,
      0
    ],
    [
      0,
      0,
      0,
      0,
      0
    ],
    [
      1,
      1,
      1,
      1,
      1
    ],
    [
      1,
      1,
      1,
      1,
      1
    ],
    [
      0,
      0,
      0,
      0,
      0
    ],
    [
      0,
      1,
      0,
      0,
      1
    ],
    [
      1,
      1,
      1,
      1,
      1
    ],
    [
      1,
      0,
      1,
      0,
      1
    ],
    [
      0,
      1,
      1,
      1,
      1
    ],
    [
      1,
      1,
      1,
      1,
      0
    ],
    [
      1,
      0,
      1,
      0,
      1
    ],
    [
      1,
      1,
      1,
      1,
      1
    ],
    [
      1,
      1,
      1,
      1,
      0
    ],
    [
      1,
      1,
      0,
      0,
      0
    ],
    [
      1,
      1,
      1,
      0,
      1
    ],
    [
      0,
      1,
      1,
      1,
      0
    ],
    [
      0,
      0,
      0,
      0,
      0
    ],
    [
      1,
      1,
      1,
      1,
      1
    ],
    [
      0,
      1,
      1,
      1,
      1
    ],
    [
      0,
      1,
      0,
      1,
      1
    ],
    [
      1,
      0,
      1,
      1,
      0
    ],
    [
      0,
      0,
      0,
      0,
      0
    ],
    [
      1,
      1,
      1,
      1,
      1
    ],
    [
      1,
      1,
      1,
      1,
      1
    ],
    [
      0,
      1,
      1,
      0,
      0
    ],
    [
      1,
      1,
      1,
      1,
      0
    ],
    [
      1,
      1,
      1,
      1,
      1
    ],
    [
      0,
      1,
      1,
      1,
      1
    ]
  ],
  "assortments": [
    [
      0,
      0,
      0,
      0,
      0
    ],
    [
      0,
      0,
      0,
      0,
      1
    ],
    [
      0,
      0,
      0,
      1,
      0
    ],
    [
      0,
      0,
      0,
      1,
      1
    ],
    [
      0,
      0,
      1,
      0,
      0
    ],
    [
      0,
      0,
      1,
      0,
      1
    ],
    [
      0,
      0,
      1,
      1,
      0
    ],
    [
      0,
      0,
      1,
      1,
      1
    ],
    [
      0,
      1,
      0,
      0,
      0
    ],
    [
      0,
      1,
      0,
      0,
      1
    ],
    [
      0,
      1,
      0,
      1,
      0
    ],
    [
      0,
      1,
      0,
      1,
      1
    ],
    [
      0,
      1,
      1,
      0,
      0
    ],
    [
      0,
      1,
      1,
      0,
      1
    ],
    [
      0,
      1,
      1,
      1,
      0
    ],
    [
      0,
      1,
      1,
      1,
      1
    ],
    [
      1,
      0,
      0,
      0,
      0
    ],
    [
      1,
      0,
      0,
      0,
      1
    ],
    [
      1,
      0,
      0,
      1,
      0
    ],
    [
      1,
      0,
      0,
      1,
      1
    ],
    [
      1,
      0,
      1,
      0,
      0
    ],
    [
      1,
      0,
      1,
      0,
      1
    ],
    [
      1,
      0,
      1,
      1,
      0
    ],
    [
      1,
      0,
      1,
      1,
      1
    ],
    [
      1,
      1,
      0,
      0,
      0
    ],
    [
      1,
      1,
      0,
      0,
      1
    ],
    [
      1,
      1,
      0,
      1,
      0
    ],
    [
      1,
      1,
      0,
      1,
      1
    ],
    [
      1,
      1,
      1,
      0,
      0
    ],
    [
      1,
      1,
      1,
      0,
      1
    ],
    [
      1,
      1,
      1,
      1,
      0
    ],
    [
      1,
      1,
      1,
      1,
      1
    ]
  ]
}