{
  "solver_status": 2,
  "feasible": true,
  "mb_formulation_version": 5,
  "runtime": 15.685534954071045,
  "wall_time": 15.687337875366211,
  "mip_gap": 0.009522049071025013,
  "objective": 1.7149431427481487,
  "bundle_space_size": 32,
  "policy_scope": "full_bundle_prices",
  "bundle_prices": {
    "0": 0.0,
    "3": 18.588315559468782,
    "5": 15.902951859726318,
    "6": 13.857321066111542,
    "7": 23.710590461176817,
    "9": 13.857418900567925,
    "11": 21.738539763364358,
    "12": 9.883162556866083,
    "15": 26.749816649530544,
    "16": 1.4488000046607685,
    "18": 9.641596838958108,
    "19": 19.44258574772542,
    "21": 16.840464107073906,
    "23": 24.771357349496334,
    "27": 22.7652459592819,
    "29": 20.34974968572825,
    "30": 18.732321534402345,
    "31": 27.87243544191514
  },
  "bundle_prices_full": {
    "0": 0.0,
    "1": 19.759421137517727,
    "2": 8.426720907147972,
    "3": 18.588315559468782,
    "4": 29.963745583631013,
    "5": 15.902951859726318,
    "6": 13.857321066111542,
    "7": 23.710590461176817,
    "8": 12.961765895325208,
    "9": 13.857418900567925,
    "10": 17.635953750810003,
    "11": 21.738539763364358,
    "12": 9.883162556866083,
    "13": 24.62650721263661,
    "14": 18.141510655903993,
    "15": 26.749816649530544,
    "16": 1.4488000046607685,
    "17": 11.723990533369971,
    "18": 9.641596838958108,
    "19": 19.44258574772542,
    "20": 25.289557728146214,
    "21": 16.840464107073906,
    "22": 15.177525223851124,
    "23": 24.771357349496334,
    "24": 5.42680852277141,
    "25": 15.306218905228693,
    "26": 12.900741774674325,
    "27": 22.7652459592819,
    "28": 11.20889732119006,
    "29": 20.34974968572825,
    "30": 18.732321534402345,
    "31": 27.87243544191514
  },
  "bundle_prices_selected": {
    "0": 0.0,
    "3": 18.588315559468782,
    "5": 15.902951859726318,
    "6": 13.857321066111542,
    "7": 23.710590461176817,
    "9": 13.857418900567925,
    "11": 21.738539763364358,
    "12": 9.883162556866083,
    "15": 26.749816649530544,
    "16": 1.4488000046607685,
    "18": 9.641596838958108,
    "19": 19.44258574772542,
    "21": 16.840464107073906,
    "23": 24.771357349496334,
    "27": 22.7652459592819,
    "29": 20.34974968572825,
    "30": 18.732321534402345,
    "31": 27.87243544191514
  },
  "chosen_bundle_idx_by_customer": [
    21,
    31,
    23,
    29,
    16,
    31,
    7,
    29,
    16,
    18,
    9,
    31,
    31,
    30,
    31,
    21,
    21,
    15,
    15,
    5,
    23,
    9,
    19,
    31,
    7,
    0,
    27,
    21,
    5,
    15,
    27,
    5,
    31,
    31,
    31,
    6,
    0,
    0,
    11,
    31,
    21,
    3,
    23,
    9,
    15,
    0,
    12,
    0,
    21,
    5
  ],
  "chosen_product_matrix": [
    [
      1,
      0,
      1,
      0,
      1
    ],
    [
      1,
      1,
      1,
      1,
      1
    ],
    [
      1,
      0,
      1,
      1,
      1
    ],
    [
      1,
      1,
      1,
      0,
      1
    ],
    [
      1,
      0,
      0,
      0,
      0
    ],
    [
      1,
      1,
      1,
      1,
      1
    ],
    [
      0,
      0,
      1,
      1,
      1
    ],
    [
      1,
      1,
      1,
      0,
      1
    ],
    [
      1,
      0,
      0,
      0,
      0
    ],
    [
      1,
      0,
      0,
      1,
      0
    ],
    [
      0,
      1,
      0,
      0,
      1
    ],
    [
      1,
      1,
      1,
      1,
      1
    ],
    [
      1,
      1,
      1,
      1,
      1
    ],
    [
      1,
      1,
      1,
      1,
      0
    ],
    [
      1,
      1,
      1,
      1,
      1
    ],
    [
      1,
      0,
      1,
      0,
      1
    ],
    [
      1,
      0,
      1,
      0,
      1
    ],
    [
      0,
      1,
      1,
      1,
      1
    ],
    [
      0,
      1,
      1,
      1,
      1
    ],
    [
      0,
      0,
      1,
      0,
      1
    ],
    [
      1,
      0,
      1,
      1,
      1
    ],
    [
      0,
      1,
      0,
      0,
      1
    ],
    [
      1,
      0,
      0,
      1,
      1
    ],
    [
      1,
      1,
      1,
      1,
      1
    ],
    [
      0,
      0,
      1,
      1,
      1
    ],
    [
      0,
      0,
      0,
      0,
      0
    ],
    [
      1,
      1,
      0,
      1,
      1
    ],
    [
      1,
      0,
      1,
      0,
      1
    ],
    [
      0,
      0,
      1,
      0,
      1
    ],
    [
      0,
      1,
      1,
      1,
      1
    ],
    [
      1,
      1,
      0,
      1,
      1
    ],
    [
      0,
      0,
      1,
      0,
      1
    ],
    [
      1,
      1,
      1,
      1,
      1
    ],
    [
      1,
      1,
      1,
      1,
      1
    ],
    [
      1,
      1,
      1,
      1,
      1
    ],
    [
      0,
      0,
      1,
      1,
      0
    ],
    [
      0,
      0,
      0,
      0,
      0
    ],
    [
      0,
      0,
      0,
      0,
      0
    ],
    [
      0,
      1,
      0,
      1,
      1
    ],
    [
      1,
      1,
      1,
      1,
      1
    ],
    [
      1,
      0,
      1,
      0,
      1
    ],
    [
      0,
      0,
      0,
      1,
      1
    ],
    [
      1,
      0,
      1,
      1,
      1
    ],
    [
      0,
      1,
      0,
      0,
      1
    ],
    [
      0,
      1,
      1,
      1,
      1
    ],
    [
      0,
      0,
      0,
      0,
      0
    ],
    [
      0,
      1,
      1,
      0,
      0
    ],
    [
      0,
      0,
      0,
      0,
      0
    ],
    [
      1,
      0,
      1,
      0,
      1
    ],
    [
      0,
      0,
      1,
      0,
      1
    ]
  ],
  "assortments": [
    [
      0,
      0,
      0,
      0,
      0
    ],
    [
      0,
      0,
      0,
      0,
      1
    ],
    [
      0,
      0,
      0,
      1,
      0
    ],
    [
      0,
      0,
      0,
      1,
      1
    ],
    [
      0,
      0,
      1,
      0,
      0
    ],
    [
      0,
      0,
      1,
      0,
      1
    ],
    [
      0,
      0,
      1,
      1,
      0
    ],
    [
      0,
      0,
      1,
      1,
      1
    ],
    [
      0,
      1,
      0,
      0,
      0
    ],
    [
      0,
      1,
      0,
      0,
      1
    ],
    [
      0,
      1,
      0,
      1,
      0
    ],
    [
      0,
      1,
      0,
      1,
      1
    ],
    [
      0,
      1,
      1,
      0,
      0
    ],
    [
      0,
      1,
      1,
      0,
      1
    ],
    [
      0,
      1,
      1,
      1,
      0
    ],
    [
      0,
      1,
      1,
      1,
      1
    ],
    [
      1,
      0,
      0,
      0,
      0
    ],
    [
      1,
      0,
      0,
      0,
      1
    ],
    [
      1,
      0,
      0,
      1,
      0
    ],
    [
      1,
      0,
      0,
      1,
      1
    ],
    [
      1,
      0,
      1,
      0,
      0
    ],
    [
      1,
      0,
      1,
      0,
      1
    ],
    [
      1,
      0,
      1,
      1,
      0
    ],
    [
      1,
      0,
      1,
      1,
      1
    ],
    [
      1,
      1,
      0,
      0,
      0
    ],
    [
      1,
      1,
      0,
      0,
      1
    ],
    [
      1,
      1,
      0,
      1,
      0
    ],
    [
      1,
      1,
      0,
      1,
      1
    ],
    [
      1,
      1,
      1,
      0,
      0
    ],
    [
      1,
      1,
      1,
      0,
      1
    ],
    [
      1,
      1,
      1,
      1,
      0
    ],
    [
      1,
      1,
      1,
      1,
      1
    ]
  ]
}