{
  "solver_status": 2,
  "feasible": true,
  "mb_formulation_version": 5,
  "runtime": 50.09492516517639,
  "wall_time": 50.09672713279724,
  "mip_gap": 0.009913830918324255,
  "objective": 1.6705398253416428,
  "bundle_space_size": 32,
  "policy_scope": "full_bundle_prices",
  "bundle_prices": {
    "0": 0.0,
    "4": 6.165100679989926,
    "5": 16.15402454535065,
    "7": 23.98924580390907,
    "10": 11.574846668328936,
    "11": 21.484514010917483,
    "13": 19.986593148359212,
    "14": 17.069013178062633,
    "15": 27.04971438180265,
    "17": 11.52305488469334,
    "18": 10.055167301278116,
    "19": 19.875194651934695,
    "21": 17.012579859836798,
    "23": 24.914237200117817,
    "25": 14.90044495850737,
    "26": 12.703450114177825,
    "29": 20.67204811607641,
    "30": 18.056196613262493,
    "31": 28.020237446228723
  },
  "bundle_prices_full": {
    "0": 0.0,
    "1": 19.957195837999492,
    "2": 24.483364485100452,
    "3": 23.565915521718892,
    "4": 6.165100679989926,
    "5": 16.15402454535065,
    "6": 29.822261155079303,
    "7": 23.98924580390907,
    "8": 20.98312840886074,
    "9": 27.42025222309499,
    "10": 11.574846668328936,
    "11": 21.484514010917483,
    "12": 26.23210957183094,
    "13": 19.986593148359212,
    "14": 17.069013178062633,
    "15": 27.04971438180265,
    "16": 21.118973034152802,
    "17": 11.52305488469334,
    "18": 10.055167301278116,
    "19": 19.875194651934695,
    "20": 18.023656380925928,
    "21": 17.012579859836798,
    "22": 15.14220568017118,
    "23": 24.914237200117817,
    "24": 23.830100639846602,
    "25": 14.90044495850737,
    "26": 12.703450114177825,
    "27": 22.624504333542777,
    "28": 19.916018440465418,
    "29": 20.67204811607641,
    "30": 18.056196613262493,
    "31": 28.020237446228723
  },
  "bundle_prices_selected": {
    "0": 0.0,
    "4": 6.165100679989926,
    "5": 16.15402454535065,
    "7": 23.98924580390907,
    "10": 11.574846668328936,
    "11": 21.484514010917483,
    "13": 19.986593148359212,
    "14": 17.069013178062633,
    "15": 27.04971438180265,
    "17": 11.52305488469334,
    "18": 10.055167301278116,
    "19": 19.875194651934695,
    "21": 17.012579859836798,
    "23": 24.914237200117817,
    "25": 14.90044495850737,
    "26": 12.703450114177825,
    "29": 20.67204811607641,
    "30": 18.056196613262493,
    "31": 28.020237446228723
  },
  "chosen_bundle_idx_by_customer": [
    11,
    0,
    26,
    10,
    17,
    23,
    23,
    0,
    21,
    0,
    31,
    23,
    31,
    30,
    30,
    14,
    18,
    15,
    23,
    25,
    11,
    15,
    0,
    23,
    0,
    23,
    21,
    15,
    13,
    4,
    5,
    15,
    5,
    26,
    17,
    0,
    30,
    26,
    14,
    19,
    0,
    10,
    7,
    31,
    14,
    15,
    25,
    5,
    0,
    29
  ],
  "chosen_product_matrix": [
    [
      0,
      1,
      0,
      1,
      1
    ],
    [
      0,
      0,
      0,
      0,
      0
    ],
    [
      1,
      1,
      0,
      1,
      0
    ],
    [
      0,
      1,
      0,
      1,
      0
    ],
    [
      1,
      0,
      0,
      0,
      1
    ],
    [
      1,
      0,
      1,
      1,
      1
    ],
    [
      1,
      0,
      1,
      1,
      1
    ],
    [
      0,
      0,
      0,
      0,
      0
    ],
    [
      1,
      0,
      1,
      0,
      1
    ],
    [
      0,
      0,
      0,
      0,
      0
    ],
    [
      1,
      1,
      1,
      1,
      1
    ],
    [
      1,
      0,
      1,
      1,
      1
    ],
    [
      1,
      1,
      1,
      1,
      1
    ],
    [
      1,
      1,
      1,
      1,
      0
    ],
    [
      1,
      1,
      1,
      1,
      0
    ],
    [
      0,
      1,
      1,
      1,
      0
    ],
    [
      1,
      0,
      0,
      1,
      0
    ],
    [
      0,
      1,
      1,
      1,
      1
    ],
    [
      1,
      0,
      1,
      1,
      1
    ],
    [
      1,
      1,
      0,
      0,
      1
    ],
    [
      0,
      1,
      0,
      1,
      1
    ],
    [
      0,
      1,
      1,
      1,
      1
    ],
    [
      0,
      0,
      0,
      0,
      0
    ],
    [
      1,
      0,
      1,
      1,
      1
    ],
    [
      0,
      0,
      0,
      0,
      0
    ],
    [
      1,
      0,
      1,
      1,
      1
    ],
    [
      1,
      0,
      1,
      0,
      1
    ],
    [
      0,
      1,
      1,
      1,
      1
    ],
    [
      0,
      1,
      1,
      0,
      1
    ],
    [
      0,
      0,
      1,
      0,
      0
    ],
    [
      0,
      0,
      1,
      0,
      1
    ],
    [
      0,
      1,
      1,
      1,
      1
    ],
    [
      0,
      0,
      1,
      0,
      1
    ],
    [
      1,
      1,
      0,
      1,
      0
    ],
    [
      1,
      0,
      0,
      0,
      1
    ],
    [
      0,
      0,
      0,
      0,
      0
    ],
    [
      1,
      1,
      1,
      1,
      0
    ],
    [
      1,
      1,
      0,
      1,
      0
    ],
    [
      0,
      1,
      1,
      1,
      0
    ],
    [
      1,
      0,
      0,
      1,
      1
    ],
    [
      0,
      0,
      0,
      0,
      0
    ],
    [
      0,
      1,
      0,
      1,
      0
    ],
    [
      0,
      0,
      1,
      1,
      1
    ],
    [
      1,
      1,
      1,
      1,
      1
    ],
    [
      0,
      1,
      1,
      1,
      0
    ],
    [
      0,
      1,
      1,
      1,
      1
    ],
    [
      1,
      1,
      0,
      0,
      1
    ],
    [
      0,
      0,
      1,
      0,
      1
    ],
    [
      0,
      0,
      0,
      0,
      0
    ],
    [
      1,
      1,
      1,
      0,
      1
    ]
  ],
  "assortments": [
    [
      0,
      0,
      0,
      0,
      0
    ],
    [
      0,
      0,
      0,
      0,
      1
    ],
    [
      0,
      0,
      0,
      1,
      0
    ],
    [
      0,
      0,
      0,
      1,
      1
    ],
    [
      0,
      0,
      1,
      0,
      0
    ],
    [
      0,
      0,
      1,
      0,
      1
    ],
    [
      0,
      0,
      1,
      1,
      0
    ],
    [
      0,
      0,
      1,
      1,
      1
    ],
    [
      0,
      1,
      0,
      0,
      0
    ],
    [
      0,
      1,
      0,
      0,
      1
    ],
    [
      0,
      1,
      0,
      1,
      0
    ],
    [
      0,
      1,
      0,
      1,
      1
    ],
    [
      0,
      1,
      1,
      0,
      0
    ],
    [
      0,
      1,
      1,
      0,
      1
    ],
    [
      0,
      1,
      1,
      1,
      0
    ],
    [
      0,
      1,
      1,
      1,
      1
    ],
    [
      1,
      0,
      0,
      0,
      0
    ],
    [
      1,
      0,
      0,
      0,
      1
    ],
    [
      1,
      0,
      0,
      1,
      0
    ],
    [
      1,
      0,
      0,
      1,
      1
    ],
    [
      1,
      0,
      1,
      0,
      0
    ],
    [
      1,
      0,
      1,
      0,
      1
    ],
    [
      1,
      0,
      1,
      1,
      0
    ],
    [
      1,
      0,
      1,
      1,
      1
    ],
    [
      1,
      1,
      0,
      0,
      0
    ],
    [
      1,
      1,
      0,
      0,
      1
    ],
    [
      1,
      1,
      0,
      1,
      0
    ],
    [
      1,
      1,
      0,
      1,
      1
    ],
    [
      1,
      1,
      1,
      0,
      0
    ],
    [
      1,
      1,
      1,
      0,
      1
    ],
    [
      1,
      1,
      1,
      1,
      0
    ],
    [
      1,
      1,
      1,
      1,
      1
    ]
  ]
}