{
  "solver_status": 2,
  "feasible": true,
  "mb_formulation_version": 5,
  "runtime": 192.57519102096558,
  "wall_time": 192.57693886756897,
  "mip_gap": 0.009776650140128065,
  "objective": 1.5616427211551833,
  "bundle_space_size": 32,
  "policy_scope": "full_bundle_prices",
  "bundle_prices": {
    "0": 0.0,
    "1": 10.504635479721927,
    "2": 8.020045704479967,
    "3": 18.304148780440315,
    "4": 5.995404439637463,
    "6": 13.699446744949116,
    "9": 14.034138876702215,
    "13": 19.118940130817357,
    "14": 16.995678705237275,
    "15": 26.655121937594664,
    "16": 1.7517991951235725,
    "19": 19.338844240558217,
    "21": 17.40976008534617,
    "23": 24.74703735948416,
    "24": 5.129322330376333,
    "27": 22.693291543184117,
    "29": 20.201547872681573,
    "30": 18.47354508532366,
    "31": 27.635595701239062
  },
  "bundle_prices_full": {
    "0": 0.0,
    "1": 10.504635479721927,
    "2": 8.020045704479967,
    "3": 18.304148780440315,
    "4": 5.995404439637463,
    "5": 16.500039919359388,
    "6": 13.699446744949116,
    "7": 23.791877435935763,
    "8": 29.69348886082401,
    "9": 14.034138876702215,
    "10": 29.69348886082401,
    "11": 22.054184581182184,
    "12": 29.69348886082401,
    "13": 19.118940130817357,
    "14": 16.995678705237275,
    "15": 26.655121937594664,
    "16": 1.7517991951235725,
    "17": 12.256434674845499,
    "18": 9.77184489960354,
    "19": 19.338844240558217,
    "20": 7.747203634761036,
    "21": 17.40976008534617,
    "22": 15.059793362691025,
    "23": 24.74703735948416,
    "24": 5.129322330376333,
    "25": 14.938862775613309,
    "26": 13.1493680348563,
    "27": 22.693291543184117,
    "28": 11.124726770013796,
    "29": 20.201547872681573,
    "30": 18.47354508532366,
    "31": 27.635595701239062
  },
  "bundle_prices_selected": {
    "0": 0.0,
    "1": 10.504635479721927,
    "2": 8.020045704479967,
    "3": 18.304148780440315,
    "4": 5.995404439637463,
    "6": 13.699446744949116,
    "9": 14.034138876702215,
    "13": 19.118940130817357,
    "14": 16.995678705237275,
    "15": 26.655121937594664,
    "16": 1.7517991951235725,
    "19": 19.338844240558217,
    "21": 17.40976008534617,
    "23": 24.74703735948416,
    "24": 5.129322330376333,
    "27": 22.693291543184117,
    "29": 20.201547872681573,
    "30": 18.47354508532366,
    "31": 27.635595701239062
  },
  "chosen_bundle_idx_by_customer": [
    31,
    0,
    4,
    14,
    0,
    31,
    2,
    9,
    6,
    15,
    31,
    31,
    29,
    1,
    30,
    15,
    15,
    29,
    15,
    15,
    16,
    27,
    13,
    0,
    0,
    31,
    3,
    13,
    15,
    29,
    31,
    0,
    23,
    0,
    23,
    21,
    0,
    13,
    14,
    19,
    15,
    2,
    27,
    24,
    1,
    15,
    29,
    31,
    31,
    31
  ],
  "chosen_product_matrix": [
    [
      1,
      1,
      1,
      1,
      1
    ],
    [
      0,
      0,
      0,
      0,
      0
    ],
    [
      0,
      0,
      1,
      0,
      0
    ],
    [
      0,
      1,
      1,
      1,
      0
    ],
    [
      0,
      0,
      0,
      0,
      0
    ],
    [
      1,
      1,
      1,
      1,
      1
    ],
    [
      0,
      0,
      0,
      1,
      0
    ],
    [
      0,
      1,
      0,
      0,
      1
    ],
    [
      0,
      0,
      1,
      1,
      0
    ],
    [
      0,
      1,
      1,
      1,
      1
    ],
    [
      1,
      1,
      1,
      1,
      1
    ],
    [
      1,
      1,
      1,
      1,
      1
    ],
    [
      1,
      1,
      1,
      0,
      1
    ],
    [
      0,
      0,
      0,
      0,
      1
    ],
    [
      1,
      1,
      1,
      1,
      0
    ],
    [
      0,
      1,
      1,
      1,
      1
    ],
    [
      0,
      1,
      1,
      1,
      1
    ],
    [
      1,
      1,
      1,
      0,
      1
    ],
    [
      0,
      1,
      1,
      1,
      1
    ],
    [
      0,
      1,
      1,
      1,
      1
    ],
    [
      1,
      0,
      0,
      0,
      0
    ],
    [
      1,
      1,
      0,
      1,
      1
    ],
    [
      0,
      1,
      1,
      0,
      1
    ],
    [
      0,
      0,
      0,
      0,
      0
    ],
    [
      0,
      0,
      0,
      0,
      0
    ],
    [
      1,
      1,
      1,
      1,
      1
    ],
    [
      0,
      0,
      0,
      1,
      1
    ],
    [
      0,
      1,
      1,
      0,
      1
    ],
    [
      0,
      1,
      1,
      1,
      1
    ],
    [
      1,
      1,
      1,
      0,
      1
    ],
    [
      1,
      1,
      1,
      1,
      1
    ],
    [
      0,
      0,
      0,
      0,
      0
    ],
    [
      1,
      0,
      1,
      1,
      1
    ],
    [
      0,
      0,
      0,
      0,
      0
    ],
    [
      1,
      0,
      1,
      1,
      1
    ],
    [
      1,
      0,
      1,
      0,
      1
    ],
    [
      0,
      0,
      0,
      0,
      0
    ],
    [
      0,
      1,
      1,
      0,
      1
    ],
    [
      0,
      1,
      1,
      1,
      0
    ],
    [
      1,
      0,
      0,
      1,
      1
    ],
    [
      0,
      1,
      1,
      1,
      1
    ],
    [
      0,
      0,
      0,
      1,
      0
    ],
    [
      1,
      1,
      0,
      1,
      1
    ],
    [
      1,
      1,
      0,
      0,
      0
    ],
    [
      0,
      0,
      0,
      0,
      1
    ],
    [
      0,
      1,
      1,
      1,
      1
    ],
    [
      1,
      1,
      1,
      0,
      1
    ],
    [
      1,
      1,
      1,
      1,
      1
    ],
    [
      1,
      1,
      1,
      1,
      1
    ],
    [
      1,
      1,
      1,
      1,
      1
    ]
  ],
  "assortments": [
    [
      0,
      0,
      0,
      0,
      0
    ],
    [
      0,
      0,
      0,
      0,
      1
    ],
    [
      0,
      0,
      0,
      1,
      0
    ],
    [
      0,
      0,
      0,
      1,
      1
    ],
    [
      0,
      0,
      1,
      0,
      0
    ],
    [
      0,
      0,
      1,
      0,
      1
    ],
    [
      0,
      0,
      1,
      1,
      0
    ],
    [
      0,
      0,
      1,
      1,
      1
    ],
    [
      0,
      1,
      0,
      0,
      0
    ],
    [
      0,
      1,
      0,
      0,
      1
    ],
    [
      0,
      1,
      0,
      1,
      0
    ],
    [
      0,
      1,
      0,
      1,
      1
    ],
    [
      0,
      1,
      1,
      0,
      0
    ],
    [
      0,
      1,
      1,
      0,
      1
    ],
    [
      0,
      1,
      1,
      1,
      0
    ],
    [
      0,
      1,
      1,
      1,
      1
    ],
    [
      1,
      0,
      0,
      0,
      0
    ],
    [
      1,
      0,
      0,
      0,
      1
    ],
    [
      1,
      0,
      0,
      1,
      0
    ],
    [
      1,
      0,
      0,
      1,
      1
    ],
    [
      1,
      0,
      1,
      0,
      0
    ],
    [
      1,
      0,
      1,
      0,
      1
    ],
    [
      1,
      0,
      1,
      1,
      0
    ],
    [
      1,
      0,
      1,
      1,
      1
    ],
    [
      1,
      1,
      0,
      0,
      0
    ],
    [
      1,
      1,
      0,
      0,
      1
    ],
    [
      1,
      1,
      0,
      1,
      0
    ],
    [
      1,
      1,
      0,
      1,
      1
    ],
    [
      1,
      1,
      1,
      0,
      0
    ],
    [
      1,
      1,
      1,
      0,
      1
    ],
    [
      1,
      1,
      1,
      1,
      0
    ],
    [
      1,
      1,
      1,
      1,
      1
    ]
  ]
}