{
  "solver_status": 9,
  "feasible": true,
  "mb_formulation_version": 5,
  "runtime": 300.02227210998535,
  "wall_time": 300.02405285835266,
  "mip_gap": 0.0359597463896281,
  "objective": 1.4800475372127426,
  "bundle_space_size": 32,
  "policy_scope": "full_bundle_prices",
  "bundle_prices": {
    "0": 0.0,
    "1": 10.50054588745134,
    "2": 8.297435024824818,
    "6": 14.045181414279,
    "7": 24.400203638761056,
    "11": 22.170302555971,
    "12": 9.235079484600831,
    "13": 19.735625372052443,
    "15": 27.3175075858695,
    "17": 11.79733214830429,
    "19": 19.255012067694732,
    "20": 7.1745487532248,
    "23": 24.99766802113183,
    "25": 15.083035463489285,
    "27": 22.73312974577257,
    "29": 20.477463982485585,
    "30": 18.320218215929337,
    "31": 28.168535903007086
  },
  "bundle_prices_full": {
    "0": 0.0,
    "1": 10.50054588745134,
    "2": 8.297435024824818,
    "3": 18.797980912276177,
    "4": 18.940817601234123,
    "5": 16.404328884440492,
    "6": 14.045181414279,
    "7": 24.400203638761056,
    "8": 9.441688297732426,
    "9": 14.420509234549703,
    "10": 12.84854663151197,
    "11": 22.170302555971,
    "12": 9.235079484600831,
    "13": 19.735625372052443,
    "14": 17.482966011926532,
    "15": 27.3175075858695,
    "16": 10.450356962449671,
    "17": 11.79733214830429,
    "18": 9.704668626548168,
    "19": 19.255012067694732,
    "20": 7.1745487532248,
    "21": 17.41602393343045,
    "22": 15.36288609630446,
    "23": 24.99766802113183,
    "24": 4.904520817700675,
    "25": 15.083035463489285,
    "26": 12.942268173916332,
    "27": 22.73312974577257,
    "28": 10.287504192556483,
    "29": 20.477463982485585,
    "30": 18.320218215929337,
    "31": 28.168535903007086
  },
  "bundle_prices_selected": {
    "0": 0.0,
    "1": 10.50054588745134,
    "2": 8.297435024824818,
    "6": 14.045181414279,
    "7": 24.400203638761056,
    "11": 22.170302555971,
    "12": 9.235079484600831,
    "13": 19.735625372052443,
    "15": 27.3175075858695,
    "17": 11.79733214830429,
    "19": 19.255012067694732,
    "20": 7.1745487532248,
    "23": 24.99766802113183,
    "25": 15.083035463489285,
    "27": 22.73312974577257,
    "29": 20.477463982485585,
    "30": 18.320218215929337,
    "31": 28.168535903007086
  },
  "chosen_bundle_idx_by_customer": [
    0,
    12,
    31,
    27,
    23,
    2,
    23,
    6,
    0,
    0,
    23,
    15,
    0,
    30,
    29,
    11,
    27,
    31,
    12,
    0,
    7,
    0,
    0,
    0,
    0,
    27,
    31,
    23,
    31,
    2,
    0,
    20,
    17,
    19,
    0,
    15,
    13,
    27,
    23,
    31,
    1,
    2,
    1,
    25,
    0,
    23,
    0,
    0,
    1,
    27
  ],
  "chosen_product_matrix": [
    [
      0,
      0,
      0,
      0,
      0
    ],
    [
      0,
      1,
      1,
      0,
      0
    ],
    [
      1,
      1,
      1,
      1,
      1
    ],
    [
      1,
      1,
      0,
      1,
      1
    ],
    [
      1,
      0,
      1,
      1,
      1
    ],
    [
      0,
      0,
      0,
      1,
      0
    ],
    [
      1,
      0,
      1,
      1,
      1
    ],
    [
      0,
      0,
      1,
      1,
      0
    ],
    [
      0,
      0,
      0,
      0,
      0
    ],
    [
      0,
      0,
      0,
      0,
      0
    ],
    [
      1,
      0,
      1,
      1,
      1
    ],
    [
      0,
      1,
      1,
      1,
      1
    ],
    [
      0,
      0,
      0,
      0,
      0
    ],
    [
      1,
      1,
      1,
      1,
      0
    ],
    [
      1,
      1,
      1,
      0,
      1
    ],
    [
      0,
      1,
      0,
      1,
      1
    ],
    [
      1,
      1,
      0,
      1,
      1
    ],
    [
      1,
      1,
      1,
      1,
      1
    ],
    [
      0,
      1,
      1,
      0,
      0
    ],
    [
      0,
      0,
      0,
      0,
      0
    ],
    [
      0,
      0,
      1,
      1,
      1
    ],
    [
      0,
      0,
      0,
      0,
      0
    ],
    [
      0,
      0,
      0,
      0,
      0
    ],
    [
      0,
      0,
      0,
      0,
      0
    ],
    [
      0,
      0,
      0,
      0,
      0
    ],
    [
      1,
      1,
      0,
      1,
      1
    ],
    [
      1,
      1,
      1,
      1,
      1
    ],
    [
      1,
      0,
      1,
      1,
      1
    ],
    [
      1,
      1,
      1,
      1,
      1
    ],
    [
      0,
      0,
      0,
      1,
      0
    ],
    [
      0,
      0,
      0,
      0,
      0
    ],
    [
      1,
      0,
      1,
      0,
      0
    ],
    [
      1,
      0,
      0,
      0,
      1
    ],
    [
      1,
      0,
      0,
      1,
      1
    ],
    [
      0,
      0,
      0,
      0,
      0
    ],
    [
      0,
      1,
      1,
      1,
      1
    ],
    [
      0,
      1,
      1,
      0,
      1
    ],
    [
      1,
      1,
      0,
      1,
      1
    ],
    [
      1,
      0,
      1,
      1,
      1
    ],
    [
      1,
      1,
      1,
      1,
      1
    ],
    [
      0,
      0,
      0,
      0,
      1
    ],
    [
      0,
      0,
      0,
      1,
      0
    ],
    [
      0,
      0,
      0,
      0,
      1
    ],
    [
      1,
      1,
      0,
      0,
      1
    ],
    [
      0,
      0,
      0,
      0,
      0
    ],
    [
      1,
      0,
      1,
      1,
      1
    ],
    [
      0,
      0,
      0,
      0,
      0
    ],
    [
      0,
      0,
      0,
      0,
      0
    ],
    [
      0,
      0,
      0,
      0,
      1
    ],
    [
      1,
      1,
      0,
      1,
      1
    ]
  ],
  "assortments": [
    [
      0,
      0,
      0,
      0,
      0
    ],
    [
      0,
      0,
      0,
      0,
      1
    ],
    [
      0,
      0,
      0,
      1,
      0
    ],
    [
      0,
      0,
      0,
      1,
      1
    ],
    [
      0,
      0,
      1,
      0,
      0
    ],
    [
      0,
      0,
      1,
      0,
      1
    ],
    [
      0,
      0,
      1,
      1,
      0
    ],
    [
      0,
      0,
      1,
      1,
      1
    ],
    [
      0,
      1,
      0,
      0,
      0
    ],
    [
      0,
      1,
      0,
      0,
      1
    ],
    [
      0,
      1,
      0,
      1,
      0
    ],
    [
      0,
      1,
      0,
      1,
      1
    ],
    [
      0,
      1,
      1,
      0,
      0
    ],
    [
      0,
      1,
      1,
      0,
      1
    ],
    [
      0,
      1,
      1,
      1,
      0
    ],
    [
      0,
      1,
      1,
      1,
      1
    ],
    [
      1,
      0,
      0,
      0,
      0
    ],
    [
      1,
      0,
      0,
      0,
      1
    ],
    [
      1,
      0,
      0,
      1,
      0
    ],
    [
      1,
      0,
      0,
      1,
      1
    ],
    [
      1,
      0,
      1,
      0,
      0
    ],
    [
      1,
      0,
      1,
      0,
      1
    ],
    [
      1,
      0,
      1,
      1,
      0
    ],
    [
      1,
      0,
      1,
      1,
      1
    ],
    [
      1,
      1,
      0,
      0,
      0
    ],
    [
      1,
      1,
      0,
      0,
      1
    ],
    [
      1,
      1,
      0,
      1,
      0
    ],
    [
      1,
      1,
      0,
      1,
      1
    ],
    [
      1,
      1,
      1,
      0,
      0
    ],
    [
      1,
      1,
      1,
      0,
      1
    ],
    [
      1,
      1,
      1,
      1,
      0
    ],
    [
      1,
      1,
      1,
      1,
      1
    ]
  ]
}