param,mean_cv_revenue,mean_out_revenue
1.0,1.6119754173856975,1.159846393510846
0.75,1.1602378237700384,1.056620557799086
0.5,1.1929734698762815,1.0741286913428314
0.25,1.2158912597899996,1.0914000017071093
0.0,1.3205561450371215,1.0990773456593392
