{
  "solver_status": 2,
  "feasible": true,
  "mb_formulation_version": 5,
  "runtime": 192.02061486244202,
  "wall_time": 192.02240204811096,
  "mip_gap": 0.009553796037983732,
  "objective": 1.7125819012770567,
  "bundle_space_size": 32,
  "policy_scope": "full_bundle_prices",
  "bundle_prices": {
    "0": 0.0,
    "2": 8.056004568740063,
    "7": 23.731895099926774,
    "8": 3.483865203446216,
    "9": 14.110926885602721,
    "10": 11.356450229294351,
    "11": 21.508313326873257,
    "12": 9.67428551354305,
    "14": 17.296392639935917,
    "15": 26.670535109452594,
    "19": 19.750530665165947,
    "21": 17.609959087689088,
    "23": 24.97054957692619,
    "27": 22.89058311466967,
    "28": 10.767549168665393,
    "29": 20.743583468617974,
    "30": 18.57633834926089,
    "31": 28.006436868831095
  },
  "bundle_prices_full": {
    "0": 0.0,
    "1": 30.855054324487504,
    "2": 8.056004568740063,
    "3": 30.855054324487504,
    "4": 30.855054324487504,
    "5": 30.855054324487504,
    "6": 30.855054324487504,
    "7": 23.731895099926774,
    "8": 3.483865203446216,
    "9": 14.110926885602721,
    "10": 11.356450229294351,
    "11": 21.508313326873257,
    "12": 9.67428551354305,
    "13": 30.855054324487504,
    "14": 17.296392639935917,
    "15": 26.670535109452594,
    "16": 30.855054324487504,
    "17": 30.855054324487504,
    "18": 30.855054324487504,
    "19": 19.750530665165947,
    "20": 30.855054324487504,
    "21": 17.609959087689088,
    "22": 30.855054324487504,
    "23": 24.97054957692619,
    "24": 30.855054324487504,
    "25": 30.855054324487504,
    "26": 30.855054324487504,
    "27": 22.89058311466967,
    "28": 10.767549168665393,
    "29": 20.743583468617974,
    "30": 18.57633834926089,
    "31": 28.006436868831095
  },
  "bundle_prices_selected": {
    "0": 0.0,
    "2": 8.056004568740063,
    "7": 23.731895099926774,
    "8": 3.483865203446216,
    "9": 14.110926885602721,
    "10": 11.356450229294351,
    "11": 21.508313326873257,
    "12": 9.67428551354305,
    "14": 17.296392639935917,
    "15": 26.670535109452594,
    "19": 19.750530665165947,
    "21": 17.609959087689088,
    "23": 24.97054957692619,
    "27": 22.89058311466967,
    "28": 10.767549168665393,
    "29": 20.743583468617974,
    "30": 18.57633834926089,
    "31": 28.006436868831095
  },
  "chosen_bundle_idx_by_customer": [
    0,
    31,
    15,
    15,
    31,
    8,
    7,
    7,
    15,
    2,
    0,
    31,
    11,
    0,
    30,
    15,
    23,
    15,
    29,
    0,
    9,
    23,
    28,
    14,
    8,
    7,
    2,
    0,
    21,
    8,
    11,
    10,
    27,
    15,
    12,
    15,
    8,
    15,
    0,
    31,
    15,
    31,
    31,
    15,
    19,
    31,
    31,
    7,
    31,
    31
  ],
  "chosen_product_matrix": [
    [
      0,
      0,
      0,
      0,
      0
    ],
    [
      1,
      1,
      1,
      1,
      1
    ],
    [
      0,
      1,
      1,
      1,
      1
    ],
    [
      0,
      1,
      1,
      1,
      1
    ],
    [
      1,
      1,
      1,
      1,
      1
    ],
    [
      0,
      1,
      0,
      0,
      0
    ],
    [
      0,
      0,
      1,
      1,
      1
    ],
    [
      0,
      0,
      1,
      1,
      1
    ],
    [
      0,
      1,
      1,
      1,
      1
    ],
    [
      0,
      0,
      0,
      1,
      0
    ],
    [
      0,
      0,
      0,
      0,
      0
    ],
    [
      1,
      1,
      1,
      1,
      1
    ],
    [
      0,
      1,
      0,
      1,
      1
    ],
    [
      0,
      0,
      0,
      0,
      0
    ],
    [
      1,
      1,
      1,
      1,
      0
    ],
    [
      0,
      1,
      1,
      1,
      1
    ],
    [
      1,
      0,
      1,
      1,
      1
    ],
    [
      0,
      1,
      1,
      1,
      1
    ],
    [
      1,
      1,
      1,
      0,
      1
    ],
    [
      0,
      0,
      0,
      0,
      0
    ],
    [
      0,
      1,
      0,
      0,
      1
    ],
    [
      1,
      0,
      1,
      1,
      1
    ],
    [
      1,
      1,
      1,
      0,
      0
    ],
    [
      0,
      1,
      1,
      1,
      0
    ],
    [
      0,
      1,
      0,
      0,
      0
    ],
    [
      0,
      0,
      1,
      1,
      1
    ],
    [
      0,
      0,
      0,
      1,
      0
    ],
    [
      0,
      0,
      0,
      0,
      0
    ],
    [
      1,
      0,
      1,
      0,
      1
    ],
    [
      0,
      1,
      0,
      0,
      0
    ],
    [
      0,
      1,
      0,
      1,
      1
    ],
    [
      0,
      1,
      0,
      1,
      0
    ],
    [
      1,
      1,
      0,
      1,
      1
    ],
    [
      0,
      1,
      1,
      1,
      1
    ],
    [
      0,
      1,
      1,
      0,
      0
    ],
    [
      0,
      1,
      1,
      1,
      1
    ],
    [
      0,
      1,
      0,
      0,
      0
    ],
    [
      0,
      1,
      1,
      1,
      1
    ],
    [
      0,
      0,
      0,
      0,
      0
    ],
    [
      1,
      1,
      1,
      1,
      1
    ],
    [
      0,
      1,
      1,
      1,
      1
    ],
    [
      1,
      1,
      1,
      1,
      1
    ],
    [
      1,
      1,
      1,
      1,
      1
    ],
    [
      0,
      1,
      1,
      1,
      1
    ],
    [
      1,
      0,
      0,
      1,
      1
    ],
    [
      1,
      1,
      1,
      1,
      1
    ],
    [
      1,
      1,
      1,
      1,
      1
    ],
    [
      0,
      0,
      1,
      1,
      1
    ],
    [
      1,
      1,
      1,
      1,
      1
    ],
    [
      1,
      1,
      1,
      1,
      1
    ]
  ],
  "assortments": [
    [
      0,
      0,
      0,
      0,
      0
    ],
    [
      0,
      0,
      0,
      0,
      1
    ],
    [
      0,
      0,
      0,
      1,
      0
    ],
    [
      0,
      0,
      0,
      1,
      1
    ],
    [
      0,
      0,
      1,
      0,
      0
    ],
    [
      0,
      0,
      1,
      0,
      1
    ],
    [
      0,
      0,
      1,
      1,
      0
    ],
    [
      0,
      0,
      1,
      1,
      1
    ],
    [
      0,
      1,
      0,
      0,
      0
    ],
    [
      0,
      1,
      0,
      0,
      1
    ],
    [
      0,
      1,
      0,
      1,
      0
    ],
    [
      0,
      1,
      0,
      1,
      1
    ],
    [
      0,
      1,
      1,
      0,
      0
    ],
    [
      0,
      1,
      1,
      0,
      1
    ],
    [
      0,
      1,
      1,
      1,
      0
    ],
    [
      0,
      1,
      1,
      1,
      1
    ],
    [
      1,
      0,
      0,
      0,
      0
    ],
    [
      1,
      0,
      0,
      0,
      1
    ],
    [
      1,
      0,
      0,
      1,
      0
    ],
    [
      1,
      0,
      0,
      1,
      1
    ],
    [
      1,
      0,
      1,
      0,
      0
    ],
    [
      1,
      0,
      1,
      0,
      1
    ],
    [
      1,
      0,
      1,
      1,
      0
    ],
    [
      1,
      0,
      1,
      1,
      1
    ],
    [
      1,
      1,
      0,
      0,
      0
    ],
    [
      1,
      1,
      0,
      0,
      1
    ],
    [
      1,
      1,
      0,
      1,
      0
    ],
    [
      1,
      1,
      0,
      1,
      1
    ],
    [
      1,
      1,
      1,
      0,
      0
    ],
    [
      1,
      1,
      1,
      0,
      1
    ],
    [
      1,
      1,
      1,
      1,
      0
    ],
    [
      1,
      1,
      1,
      1,
      1
    ]
  ]
}