{
  "solver_status": 2,
  "feasible": true,
  "mb_formulation_version": 5,
  "runtime": 173.7211480140686,
  "wall_time": 173.72296690940857,
  "mip_gap": 0.009984924631258376,
  "objective": 1.7079070081301753,
  "bundle_space_size": 32,
  "policy_scope": "full_bundle_prices",
  "bundle_prices": {
    "0": 0.0,
    "1": 10.456217827517714,
    "7": 23.994342133965567,
    "8": 3.9027819897926403,
    "11": 21.78824682804139,
    "13": 19.216656008658767,
    "15": 26.923140176422557,
    "16": 1.5806232680653507,
    "17": 11.8674073641625,
    "21": 17.319446030080844,
    "22": 15.116383266888805,
    "23": 25.014043575136085,
    "25": 14.83929180485454,
    "26": 12.80008222601953,
    "29": 20.498531080438706,
    "30": 18.605827982518,
    "31": 28.119785446671436
  },
  "bundle_prices_full": {
    "0": 0.0,
    "1": 10.456217827517714,
    "2": 29.876816604757927,
    "3": 29.876816604757927,
    "4": 29.876816604757927,
    "5": 29.876816604757927,
    "6": 29.876816604757927,
    "7": 23.994342133965567,
    "8": 3.9027819897926403,
    "9": 14.358999817310353,
    "10": 29.876816604757927,
    "11": 21.78824682804139,
    "12": 29.876816604757927,
    "13": 19.216656008658767,
    "14": 29.876816604757927,
    "15": 26.923140176422557,
    "16": 1.5806232680653507,
    "17": 11.8674073641625,
    "18": 29.876816604757927,
    "19": 29.876816604757927,
    "20": 29.876816604757927,
    "21": 17.319446030080844,
    "22": 15.116383266888805,
    "23": 25.014043575136085,
    "24": 5.483405257857991,
    "25": 14.83929180485454,
    "26": 12.80008222601953,
    "27": 23.256300053537245,
    "28": 29.876816604757927,
    "29": 20.498531080438706,
    "30": 18.605827982518,
    "31": 28.119785446671436
  },
  "bundle_prices_selected": {
    "0": 0.0,
    "1": 10.456217827517714,
    "7": 23.994342133965567,
    "8": 3.9027819897926403,
    "11": 21.78824682804139,
    "13": 19.216656008658767,
    "15": 26.923140176422557,
    "16": 1.5806232680653507,
    "17": 11.8674073641625,
    "21": 17.319446030080844,
    "22": 15.116383266888805,
    "23": 25.014043575136085,
    "25": 14.83929180485454,
    "26": 12.80008222601953,
    "29": 20.498531080438706,
    "30": 18.605827982518,
    "31": 28.119785446671436
  },
  "chosen_bundle_idx_by_customer": [
    0,
    26,
    31,
    0,
    13,
    13,
    15,
    30,
    15,
    22,
    31,
    23,
    7,
    0,
    0,
    15,
    15,
    23,
    13,
    21,
    0,
    25,
    31,
    15,
    17,
    8,
    15,
    16,
    31,
    23,
    13,
    7,
    25,
    31,
    13,
    29,
    13,
    15,
    25,
    13,
    29,
    0,
    31,
    1,
    1,
    25,
    31,
    0,
    11,
    0
  ],
  "chosen_product_matrix": [
    [
      0,
      0,
      0,
      0,
      0
    ],
    [
      1,
      1,
      0,
      1,
      0
    ],
    [
      1,
      1,
      1,
      1,
      1
    ],
    [
      0,
      0,
      0,
      0,
      0
    ],
    [
      0,
      1,
      1,
      0,
      1
    ],
    [
      0,
      1,
      1,
      0,
      1
    ],
    [
      0,
      1,
      1,
      1,
      1
    ],
    [
      1,
      1,
      1,
      1,
      0
    ],
    [
      0,
      1,
      1,
      1,
      1
    ],
    [
      1,
      0,
      1,
      1,
      0
    ],
    [
      1,
      1,
      1,
      1,
      1
    ],
    [
      1,
      0,
      1,
      1,
      1
    ],
    [
      0,
      0,
      1,
      1,
      1
    ],
    [
      0,
      0,
      0,
      0,
      0
    ],
    [
      0,
      0,
      0,
      0,
      0
    ],
    [
      0,
      1,
      1,
      1,
      1
    ],
    [
      0,
      1,
      1,
      1,
      1
    ],
    [
      1,
      0,
      1,
      1,
      1
    ],
    [
      0,
      1,
      1,
      0,
      1
    ],
    [
      1,
      0,
      1,
      0,
      1
    ],
    [
      0,
      0,
      0,
      0,
      0
    ],
    [
      1,
      1,
      0,
      0,
      1
    ],
    [
      1,
      1,
      1,
      1,
      1
    ],
    [
      0,
      1,
      1,
      1,
      1
    ],
    [
      1,
      0,
      0,
      0,
      1
    ],
    [
      0,
      1,
      0,
      0,
      0
    ],
    [
      0,
      1,
      1,
      1,
      1
    ],
    [
      1,
      0,
      0,
      0,
      0
    ],
    [
      1,
      1,
      1,
      1,
      1
    ],
    [
      1,
      0,
      1,
      1,
      1
    ],
    [
      0,
      1,
      1,
      0,
      1
    ],
    [
      0,
      0,
      1,
      1,
      1
    ],
    [
      1,
      1,
      0,
      0,
      1
    ],
    [
      1,
      1,
      1,
      1,
      1
    ],
    [
      0,
      1,
      1,
      0,
      1
    ],
    [
      1,
      1,
      1,
      0,
      1
    ],
    [
      0,
      1,
      1,
      0,
      1
    ],
    [
      0,
      1,
      1,
      1,
      1
    ],
    [
      1,
      1,
      0,
      0,
      1
    ],
    [
      0,
      1,
      1,
      0,
      1
    ],
    [
      1,
      1,
      1,
      0,
      1
    ],
    [
      0,
      0,
      0,
      0,
      0
    ],
    [
      1,
      1,
      1,
      1,
      1
    ],
    [
      0,
      0,
      0,
      0,
      1
    ],
    [
      0,
      0,
      0,
      0,
      1
    ],
    [
      1,
      1,
      0,
      0,
      1
    ],
    [
      1,
      1,
      1,
      1,
      1
    ],
    [
      0,
      0,
      0,
      0,
      0
    ],
    [
      0,
      1,
      0,
      1,
      1
    ],
    [
      0,
      0,
      0,
      0,
      0
    ]
  ],
  "assortments": [
    [
      0,
      0,
      0,
      0,
      0
    ],
    [
      0,
      0,
      0,
      0,
      1
    ],
    [
      0,
      0,
      0,
      1,
      0
    ],
    [
      0,
      0,
      0,
      1,
      1
    ],
    [
      0,
      0,
      1,
      0,
      0
    ],
    [
      0,
      0,
      1,
      0,
      1
    ],
    [
      0,
      0,
      1,
      1,
      0
    ],
    [
      0,
      0,
      1,
      1,
      1
    ],
    [
      0,
      1,
      0,
      0,
      0
    ],
    [
      0,
      1,
      0,
      0,
      1
    ],
    [
      0,
      1,
      0,
      1,
      0
    ],
    [
      0,
      1,
      0,
      1,
      1
    ],
    [
      0,
      1,
      1,
      0,
      0
    ],
    [
      0,
      1,
      1,
      0,
      1
    ],
    [
      0,
      1,
      1,
      1,
      0
    ],
    [
      0,
      1,
      1,
      1,
      1
    ],
    [
      1,
      0,
      0,
      0,
      0
    ],
    [
      1,
      0,
      0,
      0,
      1
    ],
    [
      1,
      0,
      0,
      1,
      0
    ],
    [
      1,
      0,
      0,
      1,
      1
    ],
    [
      1,
      0,
      1,
      0,
      0
    ],
    [
      1,
      0,
      1,
      0,
      1
    ],
    [
      1,
      0,
      1,
      1,
      0
    ],
    [
      1,
      0,
      1,
      1,
      1
    ],
    [
      1,
      1,
      0,
      0,
      0
    ],
    [
      1,
      1,
      0,
      0,
      1
    ],
    [
      1,
      1,
      0,
      1,
      0
    ],
    [
      1,
      1,
      0,
      1,
      1
    ],
    [
      1,
      1,
      1,
      0,
      0
    ],
    [
      1,
      1,
      1,
      0,
      1
    ],
    [
      1,
      1,
      1,
      1,
      0
    ],
    [
      1,
      1,
      1,
      1,
      1
    ]
  ]
}