{
  "solver_status": 2,
  "feasible": true,
  "mb_formulation_version": 5,
  "runtime": 110.05191993713379,
  "wall_time": 110.053719997406,
  "mip_gap": 0.00980376365063002,
  "objective": 1.7227909230647702,
  "bundle_space_size": 32,
  "policy_scope": "full_bundle_prices",
  "bundle_prices": {
    "0": 0.0,
    "2": 8.26614103415124,
    "3": 18.255560858075857,
    "4": 5.958516875897467,
    "6": 13.747114063414571,
    "7": 24.08437862462005,
    "9": 14.068997361373803,
    "10": 11.77209837020672,
    "11": 21.598871001401058,
    "13": 19.44424031982007,
    "15": 26.850554162789543,
    "19": 19.72529009662793,
    "23": 25.30676091902098,
    "25": 14.925322975428031,
    "28": 11.284993761964502,
    "29": 20.676773716648132,
    "31": 28.09540095202876
  },
  "bundle_prices_full": {
    "0": 0.0,
    "1": 10.933927522967931,
    "2": 8.26614103415124,
    "3": 18.255560858075857,
    "4": 5.958516875897467,
    "5": 16.551087794090765,
    "6": 13.747114063414571,
    "7": 24.08437862462005,
    "8": 4.918641483204068,
    "9": 14.068997361373803,
    "10": 11.77209837020672,
    "11": 21.598871001401058,
    "12": 10.168093944716908,
    "13": 19.44424031982007,
    "14": 17.238454452723097,
    "15": 26.850554162789543,
    "16": 27.806577346569515,
    "17": 19.58829960757035,
    "18": 27.88191935895549,
    "19": 19.72529009662793,
    "20": 7.815805761345837,
    "21": 17.53229744706538,
    "22": 15.312155514518157,
    "23": 25.30676091902098,
    "24": 5.8738636933058626,
    "25": 14.925322975428031,
    "26": 13.592869660819053,
    "27": 23.191464009579324,
    "28": 11.284993761964502,
    "29": 20.676773716648132,
    "30": 18.712936435219255,
    "31": 28.09540095202876
  },
  "bundle_prices_selected": {
    "0": 0.0,
    "2": 8.26614103415124,
    "3": 18.255560858075857,
    "4": 5.958516875897467,
    "6": 13.747114063414571,
    "7": 24.08437862462005,
    "9": 14.068997361373803,
    "10": 11.77209837020672,
    "11": 21.598871001401058,
    "13": 19.44424031982007,
    "15": 26.850554162789543,
    "19": 19.72529009662793,
    "23": 25.30676091902098,
    "25": 14.925322975428031,
    "28": 11.284993761964502,
    "29": 20.676773716648132,
    "31": 28.09540095202876
  },
  "chosen_bundle_idx_by_customer": [
    25,
    0,
    15,
    31,
    31,
    0,
    23,
    15,
    4,
    6,
    13,
    4,
    31,
    0,
    11,
    9,
    3,
    31,
    11,
    6,
    19,
    0,
    11,
    15,
    15,
    0,
    11,
    10,
    0,
    11,
    28,
    25,
    29,
    25,
    2,
    31,
    31,
    23,
    0,
    0,
    31,
    15,
    13,
    15,
    7,
    19,
    15,
    15,
    11,
    25
  ],
  "chosen_product_matrix": [
    [
      1,
      1,
      0,
      0,
      1
    ],
    [
      0,
      0,
      0,
      0,
      0
    ],
    [
      0,
      1,
      1,
      1,
      1
    ],
    [
      1,
      1,
      1,
      1,
      1
    ],
    [
      1,
      1,
      1,
      1,
      1
    ],
    [
      0,
      0,
      0,
      0,
      0
    ],
    [
      1,
      0,
      1,
      1,
      1
    ],
    [
      0,
      1,
      1,
      1,
      1
    ],
    [
      0,
      0,
      1,
      0,
      0
    ],
    [
      0,
      0,
      1,
      1,
      0
    ],
    [
      0,
      1,
      1,
      0,
      1
    ],
    [
      0,
      0,
      1,
      0,
      0
    ],
    [
      1,
      1,
      1,
      1,
      1
    ],
    [
      0,
      0,
      0,
      0,
      0
    ],
    [
      0,
      1,
      0,
      1,
      1
    ],
    [
      0,
      1,
      0,
      0,
      1
    ],
    [
      0,
      0,
      0,
      1,
      1
    ],
    [
      1,
      1,
      1,
      1,
      1
    ],
    [
      0,
      1,
      0,
      1,
      1
    ],
    [
      0,
      0,
      1,
      1,
      0
    ],
    [
      1,
      0,
      0,
      1,
      1
    ],
    [
      0,
      0,
      0,
      0,
      0
    ],
    [
      0,
      1,
      0,
      1,
      1
    ],
    [
      0,
      1,
      1,
      1,
      1
    ],
    [
      0,
      1,
      1,
      1,
      1
    ],
    [
      0,
      0,
      0,
      0,
      0
    ],
    [
      0,
      1,
      0,
      1,
      1
    ],
    [
      0,
      1,
      0,
      1,
      0
    ],
    [
      0,
      0,
      0,
      0,
      0
    ],
    [
      0,
      1,
      0,
      1,
      1
    ],
    [
      1,
      1,
      1,
      0,
      0
    ],
    [
      1,
      1,
      0,
      0,
      1
    ],
    [
      1,
      1,
      1,
      0,
      1
    ],
    [
      1,
      1,
      0,
      0,
      1
    ],
    [
      0,
      0,
      0,
      1,
      0
    ],
    [
      1,
      1,
      1,
      1,
      1
    ],
    [
      1,
      1,
      1,
      1,
      1
    ],
    [
      1,
      0,
      1,
      1,
      1
    ],
    [
      0,
      0,
      0,
      0,
      0
    ],
    [
      0,
      0,
      0,
      0,
      0
    ],
    [
      1,
      1,
      1,
      1,
      1
    ],
    [
      0,
      1,
      1,
      1,
      1
    ],
    [
      0,
      1,
      1,
      0,
      1
    ],
    [
      0,
      1,
      1,
      1,
      1
    ],
    [
      0,
      0,
      1,
      1,
      1
    ],
    [
      1,
      0,
      0,
      1,
      1
    ],
    [
      0,
      1,
      1,
      1,
      1
    ],
    [
      0,
      1,
      1,
      1,
      1
    ],
    [
      0,
      1,
      0,
      1,
      1
    ],
    [
      1,
      1,
      0,
      0,
      1
    ]
  ],
  "assortments": [
    [
      0,
      0,
      0,
      0,
      0
    ],
    [
      0,
      0,
      0,
      0,
      1
    ],
    [
      0,
      0,
      0,
      1,
      0
    ],
    [
      0,
      0,
      0,
      1,
      1
    ],
    [
      0,
      0,
      1,
      0,
      0
    ],
    [
      0,
      0,
      1,
      0,
      1
    ],
    [
      0,
      0,
      1,
      1,
      0
    ],
    [
      0,
      0,
      1,
      1,
      1
    ],
    [
      0,
      1,
      0,
      0,
      0
    ],
    [
      0,
      1,
      0,
      0,
      1
    ],
    [
      0,
      1,
      0,
      1,
      0
    ],
    [
      0,
      1,
      0,
      1,
      1
    ],
    [
      0,
      1,
      1,
      0,
      0
    ],
    [
      0,
      1,
      1,
      0,
      1
    ],
    [
      0,
      1,
      1,
      1,
      0
    ],
    [
      0,
      1,
      1,
      1,
      1
    ],
    [
      1,
      0,
      0,
      0,
      0
    ],
    [
      1,
      0,
      0,
      0,
      1
    ],
    [
      1,
      0,
      0,
      1,
      0
    ],
    [
      1,
      0,
      0,
      1,
      1
    ],
    [
      1,
      0,
      1,
      0,
      0
    ],
    [
      1,
      0,
      1,
      0,
      1
    ],
    [
      1,
      0,
      1,
      1,
      0
    ],
    [
      1,
      0,
      1,
      1,
      1
    ],
    [
      1,
      1,
      0,
      0,
      0
    ],
    [
      1,
      1,
      0,
      0,
      1
    ],
    [
      1,
      1,
      0,
      1,
      0
    ],
    [
      1,
      1,
      0,
      1,
      1
    ],
    [
      1,
      1,
      1,
      0,
      0
    ],
    [
      1,
      1,
      1,
      0,
      1
    ],
    [
      1,
      1,
      1,
      1,
      0
    ],
    [
      1,
      1,
      1,
      1,
      1
    ]
  ]
}