{
  "solver_status": 2,
  "feasible": true,
  "mb_formulation_version": 5,
  "runtime": 65.65973687171936,
  "wall_time": 65.66154885292053,
  "mip_gap": 0.009965315020482543,
  "objective": 1.4793967414984077,
  "bundle_space_size": 32,
  "policy_scope": "full_bundle_prices",
  "bundle_prices": {
    "0": 0.0,
    "3": 18.178931544925728,
    "4": 5.903486448511896,
    "5": 15.601123488641846,
    "6": 13.520494357298107,
    "7": 23.314289466202183,
    "9": 14.155438705751163,
    "11": 21.493114779773943,
    "13": 18.796287309536346,
    "15": 26.699469951365998,
    "17": 11.914027743043793,
    "22": 14.506915530571462,
    "23": 24.434209797418667,
    "24": 4.842675392175142,
    "27": 22.095872251323957,
    "28": 10.533546899492546,
    "29": 20.1728529851944,
    "31": 27.450694089524184
  },
  "bundle_prices_full": {
    "0": 0.0,
    "1": 10.79878560767959,
    "2": 8.075127670357848,
    "3": 18.178931544925728,
    "4": 5.903486448511896,
    "5": 15.601123488641846,
    "6": 13.520494357298107,
    "7": 23.314289466202183,
    "8": 16.95335542458499,
    "9": 14.155438705751163,
    "10": 11.842786306623298,
    "11": 21.493114779773943,
    "12": 9.237943363445098,
    "13": 18.796287309536346,
    "14": 17.313071033802945,
    "15": 26.699469951365998,
    "16": 21.62053695373101,
    "17": 11.914027743043793,
    "18": 9.367691224824158,
    "19": 19.18404894770301,
    "20": 7.298480696125249,
    "21": 17.050260187952027,
    "22": 14.506915530571462,
    "23": 24.434209797418667,
    "24": 4.842675392175142,
    "25": 14.81751808118554,
    "26": 12.91780306253299,
    "27": 22.095872251323957,
    "28": 10.533546899492546,
    "29": 20.1728529851944,
    "30": 18.36316974947325,
    "31": 27.450694089524184
  },
  "bundle_prices_selected": {
    "0": 0.0,
    "3": 18.178931544925728,
    "4": 5.903486448511896,
    "5": 15.601123488641846,
    "6": 13.520494357298107,
    "7": 23.314289466202183,
    "9": 14.155438705751163,
    "11": 21.493114779773943,
    "13": 18.796287309536346,
    "15": 26.699469951365998,
    "17": 11.914027743043793,
    "22": 14.506915530571462,
    "23": 24.434209797418667,
    "24": 4.842675392175142,
    "27": 22.095872251323957,
    "28": 10.533546899492546,
    "29": 20.1728529851944,
    "31": 27.450694089524184
  },
  "chosen_bundle_idx_by_customer": [
    4,
    22,
    23,
    24,
    11,
    15,
    13,
    0,
    31,
    0,
    27,
    23,
    28,
    5,
    29,
    23,
    13,
    7,
    11,
    27,
    13,
    31,
    23,
    28,
    22,
    31,
    13,
    31,
    27,
    3,
    17,
    27,
    0,
    7,
    6,
    5,
    31,
    6,
    23,
    9,
    27,
    22,
    31,
    31,
    24,
    6,
    0,
    31,
    22,
    27
  ],
  "chosen_product_matrix": [
    [
      0,
      0,
      1,
      0,
      0
    ],
    [
      1,
      0,
      1,
      1,
      0
    ],
    [
      1,
      0,
      1,
      1,
      1
    ],
    [
      1,
      1,
      0,
      0,
      0
    ],
    [
      0,
      1,
      0,
      1,
      1
    ],
    [
      0,
      1,
      1,
      1,
      1
    ],
    [
      0,
      1,
      1,
      0,
      1
    ],
    [
      0,
      0,
      0,
      0,
      0
    ],
    [
      1,
      1,
      1,
      1,
      1
    ],
    [
      0,
      0,
      0,
      0,
      0
    ],
    [
      1,
      1,
      0,
      1,
      1
    ],
    [
      1,
      0,
      1,
      1,
      1
    ],
    [
      1,
      1,
      1,
      0,
      0
    ],
    [
      0,
      0,
      1,
      0,
      1
    ],
    [
      1,
      1,
      1,
      0,
      1
    ],
    [
      1,
      0,
      1,
      1,
      1
    ],
    [
      0,
      1,
      1,
      0,
      1
    ],
    [
      0,
      0,
      1,
      1,
      1
    ],
    [
      0,
      1,
      0,
      1,
      1
    ],
    [
      1,
      1,
      0,
      1,
      1
    ],
    [
      0,
      1,
      1,
      0,
      1
    ],
    [
      1,
      1,
      1,
      1,
      1
    ],
    [
      1,
      0,
      1,
      1,
      1
    ],
    [
      1,
      1,
      1,
      0,
      0
    ],
    [
      1,
      0,
      1,
      1,
      0
    ],
    [
      1,
      1,
      1,
      1,
      1
    ],
    [
      0,
      1,
      1,
      0,
      1
    ],
    [
      1,
      1,
      1,
      1,
      1
    ],
    [
      1,
      1,
      0,
      1,
      1
    ],
    [
      0,
      0,
      0,
      1,
      1
    ],
    [
      1,
      0,
      0,
      0,
      1
    ],
    [
      1,
      1,
      0,
      1,
      1
    ],
    [
      0,
      0,
      0,
      0,
      0
    ],
    [
      0,
      0,
      1,
      1,
      1
    ],
    [
      0,
      0,
      1,
      1,
      0
    ],
    [
      0,
      0,
      1,
      0,
      1
    ],
    [
      1,
      1,
      1,
      1,
      1
    ],
    [
      0,
      0,
      1,
      1,
      0
    ],
    [
      1,
      0,
      1,
      1,
      1
    ],
    [
      0,
      1,
      0,
      0,
      1
    ],
    [
      1,
      1,
      0,
      1,
      1
    ],
    [
      1,
      0,
      1,
      1,
      0
    ],
    [
      1,
      1,
      1,
      1,
      1
    ],
    [
      1,
      1,
      1,
      1,
      1
    ],
    [
      1,
      1,
      0,
      0,
      0
    ],
    [
      0,
      0,
      1,
      1,
      0
    ],
    [
      0,
      0,
      0,
      0,
      0
    ],
    [
      1,
      1,
      1,
      1,
      1
    ],
    [
      1,
      0,
      1,
      1,
      0
    ],
    [
      1,
      1,
      0,
      1,
      1
    ]
  ],
  "assortments": [
    [
      0,
      0,
      0,
      0,
      0
    ],
    [
      0,
      0,
      0,
      0,
      1
    ],
    [
      0,
      0,
      0,
      1,
      0
    ],
    [
      0,
      0,
      0,
      1,
      1
    ],
    [
      0,
      0,
      1,
      0,
      0
    ],
    [
      0,
      0,
      1,
      0,
      1
    ],
    [
      0,
      0,
      1,
      1,
      0
    ],
    [
      0,
      0,
      1,
      1,
      1
    ],
    [
      0,
      1,
      0,
      0,
      0
    ],
    [
      0,
      1,
      0,
      0,
      1
    ],
    [
      0,
      1,
      0,
      1,
      0
    ],
    [
      0,
      1,
      0,
      1,
      1
    ],
    [
      0,
      1,
      1,
      0,
      0
    ],
    [
      0,
      1,
      1,
      0,
      1
    ],
    [
      0,
      1,
      1,
      1,
      0
    ],
    [
      0,
      1,
      1,
      1,
      1
    ],
    [
      1,
      0,
      0,
      0,
      0
    ],
    [
      1,
      0,
      0,
      0,
      1
    ],
    [
      1,
      0,
      0,
      1,
      0
    ],
    [
      1,
      0,
      0,
      1,
      1
    ],
    [
      1,
      0,
      1,
      0,
      0
    ],
    [
      1,
      0,
      1,
      0,
      1
    ],
    [
      1,
      0,
      1,
      1,
      0
    ],
    [
      1,
      0,
      1,
      1,
      1
    ],
    [
      1,
      1,
      0,
      0,
      0
    ],
    [
      1,
      1,
      0,
      0,
      1
    ],
    [
      1,
      1,
      0,
      1,
      0
    ],
    [
      1,
      1,
      0,
      1,
      1
    ],
    [
      1,
      1,
      1,
      0,
      0
    ],
    [
      1,
      1,
      1,
      0,
      1
    ],
    [
      1,
      1,
      1,
      1,
      0
    ],
    [
      1,
      1,
      1,
      1,
      1
    ]
  ]
}