{
  "solver_status": 2,
  "feasible": true,
  "mb_formulation_version": 5,
  "runtime": 173.63940382003784,
  "wall_time": 173.64123797416687,
  "mip_gap": 0.009833124893340837,
  "objective": 1.7206419146367102,
  "bundle_space_size": 32,
  "policy_scope": "full_bundle_prices",
  "bundle_prices": {
    "0": 0.0,
    "1": 10.578948690548232,
    "3": 18.229621310407467,
    "5": 15.664405087159246,
    "7": 23.796632776279477,
    "10": 11.812839979724018,
    "14": 16.93883253377026,
    "15": 27.149356356314115,
    "19": 19.26640595918982,
    "22": 14.94385086545235,
    "23": 24.93929943041091,
    "24": 5.115184761768865,
    "25": 15.538224368725063,
    "26": 12.91568232759759,
    "29": 20.64431491565032,
    "30": 18.08330191206418,
    "31": 27.954426506508792
  },
  "bundle_prices_full": {
    "0": 0.0,
    "1": 10.578948690548232,
    "2": 30.336615217216167,
    "3": 18.229621310407467,
    "4": 30.336615217216167,
    "5": 15.664405087159246,
    "6": 30.336615217216167,
    "7": 23.796632776279477,
    "8": 30.336615217216167,
    "9": 30.336615217216167,
    "10": 11.812839979724018,
    "11": 22.39178867027225,
    "12": 30.336615217216167,
    "13": 30.336615217216167,
    "14": 16.93883253377026,
    "15": 27.149356356314115,
    "16": 30.336615217216167,
    "17": 30.336615217216167,
    "18": 30.336615217216167,
    "19": 19.26640595918982,
    "20": 30.336615217216167,
    "21": 30.336615217216167,
    "22": 14.94385086545235,
    "23": 24.93929943041091,
    "24": 5.115184761768865,
    "25": 15.538224368725063,
    "26": 12.91568232759759,
    "27": 23.344806072176333,
    "28": 30.336615217216167,
    "29": 20.64431491565032,
    "30": 18.08330191206418,
    "31": 27.954426506508792
  },
  "bundle_prices_selected": {
    "0": 0.0,
    "1": 10.578948690548232,
    "3": 18.229621310407467,
    "5": 15.664405087159246,
    "7": 23.796632776279477,
    "10": 11.812839979724018,
    "14": 16.93883253377026,
    "15": 27.149356356314115,
    "19": 19.26640595918982,
    "22": 14.94385086545235,
    "23": 24.93929943041091,
    "24": 5.115184761768865,
    "25": 15.538224368725063,
    "26": 12.91568232759759,
    "29": 20.64431491565032,
    "30": 18.08330191206418,
    "31": 27.954426506508792
  },
  "chosen_bundle_idx_by_customer": [
    7,
    31,
    5,
    14,
    24,
    14,
    25,
    19,
    26,
    15,
    5,
    26,
    30,
    22,
    30,
    31,
    0,
    5,
    31,
    0,
    0,
    29,
    1,
    31,
    5,
    24,
    31,
    15,
    5,
    19,
    0,
    31,
    19,
    23,
    19,
    5,
    31,
    5,
    3,
    19,
    14,
    5,
    10,
    31,
    31,
    0,
    31,
    31,
    31,
    31
  ],
  "chosen_product_matrix": [
    [
      0,
      0,
      1,
      1,
      1
    ],
    [
      1,
      1,
      1,
      1,
      1
    ],
    [
      0,
      0,
      1,
      0,
      1
    ],
    [
      0,
      1,
      1,
      1,
      0
    ],
    [
      1,
      1,
      0,
      0,
      0
    ],
    [
      0,
      1,
      1,
      1,
      0
    ],
    [
      1,
      1,
      0,
      0,
      1
    ],
    [
      1,
      0,
      0,
      1,
      1
    ],
    [
      1,
      1,
      0,
      1,
      0
    ],
    [
      0,
      1,
      1,
      1,
      1
    ],
    [
      0,
      0,
      1,
      0,
      1
    ],
    [
      1,
      1,
      0,
      1,
      0
    ],
    [
      1,
      1,
      1,
      1,
      0
    ],
    [
      1,
      0,
      1,
      1,
      0
    ],
    [
      1,
      1,
      1,
      1,
      0
    ],
    [
      1,
      1,
      1,
      1,
      1
    ],
    [
      0,
      0,
      0,
      0,
      0
    ],
    [
      0,
      0,
      1,
      0,
      1
    ],
    [
      1,
      1,
      1,
      1,
      1
    ],
    [
      0,
      0,
      0,
      0,
      0
    ],
    [
      0,
      0,
      0,
      0,
      0
    ],
    [
      1,
      1,
      1,
      0,
      1
    ],
    [
      0,
      0,
      0,
      0,
      1
    ],
    [
      1,
      1,
      1,
      1,
      1
    ],
    [
      0,
      0,
      1,
      0,
      1
    ],
    [
      1,
      1,
      0,
      0,
      0
    ],
    [
      1,
      1,
      1,
      1,
      1
    ],
    [
      0,
      1,
      1,
      1,
      1
    ],
    [
      0,
      0,
      1,
      0,
      1
    ],
    [
      1,
      0,
      0,
      1,
      1
    ],
    [
      0,
      0,
      0,
      0,
      0
    ],
    [
      1,
      1,
      1,
      1,
      1
    ],
    [
      1,
      0,
      0,
      1,
      1
    ],
    [
      1,
      0,
      1,
      1,
      1
    ],
    [
      1,
      0,
      0,
      1,
      1
    ],
    [
      0,
      0,
      1,
      0,
      1
    ],
    [
      1,
      1,
      1,
      1,
      1
    ],
    [
      0,
      0,
      1,
      0,
      1
    ],
    [
      0,
      0,
      0,
      1,
      1
    ],
    [
      1,
      0,
      0,
      1,
      1
    ],
    [
      0,
      1,
      1,
      1,
      0
    ],
    [
      0,
      0,
      1,
      0,
      1
    ],
    [
      0,
      1,
      0,
      1,
      0
    ],
    [
      1,
      1,
      1,
      1,
      1
    ],
    [
      1,
      1,
      1,
      1,
      1
    ],
    [
      0,
      0,
      0,
      0,
      0
    ],
    [
      1,
      1,
      1,
      1,
      1
    ],
    [
      1,
      1,
      1,
      1,
      1
    ],
    [
      1,
      1,
      1,
      1,
      1
    ],
    [
      1,
      1,
      1,
      1,
      1
    ]
  ],
  "assortments": [
    [
      0,
      0,
      0,
      0,
      0
    ],
    [
      0,
      0,
      0,
      0,
      1
    ],
    [
      0,
      0,
      0,
      1,
      0
    ],
    [
      0,
      0,
      0,
      1,
      1
    ],
    [
      0,
      0,
      1,
      0,
      0
    ],
    [
      0,
      0,
      1,
      0,
      1
    ],
    [
      0,
      0,
      1,
      1,
      0
    ],
    [
      0,
      0,
      1,
      1,
      1
    ],
    [
      0,
      1,
      0,
      0,
      0
    ],
    [
      0,
      1,
      0,
      0,
      1
    ],
    [
      0,
      1,
      0,
      1,
      0
    ],
    [
      0,
      1,
      0,
      1,
      1
    ],
    [
      0,
      1,
      1,
      0,
      0
    ],
    [
      0,
      1,
      1,
      0,
      1
    ],
    [
      0,
      1,
      1,
      1,
      0
    ],
    [
      0,
      1,
      1,
      1,
      1
    ],
    [
      1,
      0,
      0,
      0,
      0
    ],
    [
      1,
      0,
      0,
      0,
      1
    ],
    [
      1,
      0,
      0,
      1,
      0
    ],
    [
      1,
      0,
      0,
      1,
      1
    ],
    [
      1,
      0,
      1,
      0,
      0
    ],
    [
      1,
      0,
      1,
      0,
      1
    ],
    [
      1,
      0,
      1,
      1,
      0
    ],
    [
      1,
      0,
      1,
      1,
      1
    ],
    [
      1,
      1,
      0,
      0,
      0
    ],
    [
      1,
      1,
      0,
      0,
      1
    ],
    [
      1,
      1,
      0,
      1,
      0
    ],
    [
      1,
      1,
      0,
      1,
      1
    ],
    [
      1,
      1,
      1,
      0,
      0
    ],
    [
      1,
      1,
      1,
      0,
      1
    ],
    [
      1,
      1,
      1,
      1,
      0
    ],
    [
      1,
      1,
      1,
      1,
      1
    ]
  ]
}