{
  "solver_status": 2,
  "feasible": true,
  "runtime": 0.7020649909973145,
  "wall_time": 0.7044479846954346,
  "mip_gap": 0.00030880111736111544,
  "objective": 52.651354960730814,
  "size_prices": {
    "9": 52.29380329222632,
    "10": 52.70011200643599
  }
}