{
  "solver_status": 2,
  "feasible": true,
  "mb_formulation_version": 5,
  "runtime": 141.46582198143005,
  "wall_time": 141.46758580207825,
  "mip_gap": 0.009853014217415423,
  "objective": 1.6291877228820668,
  "bundle_space_size": 32,
  "policy_scope": "full_bundle_prices",
  "bundle_prices": {
    "0": 0.0,
    "3": 18.39156018553066,
    "4": 5.969105839015978,
    "6": 13.793012253980265,
    "7": 23.34865456380833,
    "9": 14.356806934847754,
    "10": 11.8220535967147,
    "14": 17.240537899703288,
    "15": 27.014924038505313,
    "17": 11.545369635896984,
    "19": 19.491530451436624,
    "20": 6.911193728368977,
    "21": 17.13729354508544,
    "23": 24.61005507802601,
    "26": 12.921521092360582,
    "27": 22.79411509627811,
    "28": 10.70682848974586,
    "29": 20.877695860713075,
    "31": 27.955224077580947
  },
  "bundle_prices_full": {
    "0": 0.0,
    "1": 31.634277065376395,
    "2": 31.634277065376395,
    "3": 18.39156018553066,
    "4": 5.969105839015978,
    "5": 31.634277065376395,
    "6": 13.793012253980265,
    "7": 23.34865456380833,
    "8": 31.634277065376395,
    "9": 14.356806934847754,
    "10": 11.8220535967147,
    "11": 31.634277065376395,
    "12": 31.634277065376395,
    "13": 20.32591277386373,
    "14": 17.240537899703288,
    "15": 27.014924038505313,
    "16": 31.634277065376395,
    "17": 11.545369635896984,
    "18": 31.634277065376395,
    "19": 19.491530451436624,
    "20": 6.911193728368977,
    "21": 17.13729354508544,
    "22": 31.634277065376395,
    "23": 24.61005507802601,
    "24": 31.634277065376395,
    "25": 31.634277065376395,
    "26": 12.921521092360582,
    "27": 22.79411509627811,
    "28": 10.70682848974586,
    "29": 20.877695860713075,
    "30": 18.733247325083674,
    "31": 27.955224077580947
  },
  "bundle_prices_selected": {
    "0": 0.0,
    "3": 18.39156018553066,
    "4": 5.969105839015978,
    "6": 13.793012253980265,
    "7": 23.34865456380833,
    "9": 14.356806934847754,
    "10": 11.8220535967147,
    "14": 17.240537899703288,
    "15": 27.014924038505313,
    "17": 11.545369635896984,
    "19": 19.491530451436624,
    "20": 6.911193728368977,
    "21": 17.13729354508544,
    "23": 24.61005507802601,
    "26": 12.921521092360582,
    "27": 22.79411509627811,
    "28": 10.70682848974586,
    "29": 20.877695860713075,
    "31": 27.955224077580947
  },
  "chosen_bundle_idx_by_customer": [
    31,
    7,
    23,
    7,
    23,
    10,
    0,
    28,
    0,
    31,
    4,
    6,
    23,
    7,
    31,
    0,
    17,
    7,
    7,
    29,
    0,
    19,
    0,
    21,
    31,
    20,
    7,
    7,
    0,
    14,
    27,
    15,
    15,
    23,
    27,
    31,
    23,
    7,
    19,
    31,
    31,
    0,
    0,
    7,
    31,
    9,
    26,
    20,
    27,
    3
  ],
  "chosen_product_matrix": [
    [
      1,
      1,
      1,
      1,
      1
    ],
    [
      0,
      0,
      1,
      1,
      1
    ],
    [
      1,
      0,
      1,
      1,
      1
    ],
    [
      0,
      0,
      1,
      1,
      1
    ],
    [
      1,
      0,
      1,
      1,
      1
    ],
    [
      0,
      1,
      0,
      1,
      0
    ],
    [
      0,
      0,
      0,
      0,
      0
    ],
    [
      1,
      1,
      1,
      0,
      0
    ],
    [
      0,
      0,
      0,
      0,
      0
    ],
    [
      1,
      1,
      1,
      1,
      1
    ],
    [
      0,
      0,
      1,
      0,
      0
    ],
    [
      0,
      0,
      1,
      1,
      0
    ],
    [
      1,
      0,
      1,
      1,
      1
    ],
    [
      0,
      0,
      1,
      1,
      1
    ],
    [
      1,
      1,
      1,
      1,
      1
    ],
    [
      0,
      0,
      0,
      0,
      0
    ],
    [
      1,
      0,
      0,
      0,
      1
    ],
    [
      0,
      0,
      1,
      1,
      1
    ],
    [
      0,
      0,
      1,
      1,
      1
    ],
    [
      1,
      1,
      1,
      0,
      1
    ],
    [
      0,
      0,
      0,
      0,
      0
    ],
    [
      1,
      0,
      0,
      1,
      1
    ],
    [
      0,
      0,
      0,
      0,
      0
    ],
    [
      1,
      0,
      1,
      0,
      1
    ],
    [
      1,
      1,
      1,
      1,
      1
    ],
    [
      1,
      0,
      1,
      0,
      0
    ],
    [
      0,
      0,
      1,
      1,
      1
    ],
    [
      0,
      0,
      1,
      1,
      1
    ],
    [
      0,
      0,
      0,
      0,
      0
    ],
    [
      0,
      1,
      1,
      1,
      0
    ],
    [
      1,
      1,
      0,
      1,
      1
    ],
    [
      0,
      1,
      1,
      1,
      1
    ],
    [
      0,
      1,
      1,
      1,
      1
    ],
    [
      1,
      0,
      1,
      1,
      1
    ],
    [
      1,
      1,
      0,
      1,
      1
    ],
    [
      1,
      1,
      1,
      1,
      1
    ],
    [
      1,
      0,
      1,
      1,
      1
    ],
    [
      0,
      0,
      1,
      1,
      1
    ],
    [
      1,
      0,
      0,
      1,
      1
    ],
    [
      1,
      1,
      1,
      1,
      1
    ],
    [
      1,
      1,
      1,
      1,
      1
    ],
    [
      0,
      0,
      0,
      0,
      0
    ],
    [
      0,
      0,
      0,
      0,
      0
    ],
    [
      0,
      0,
      1,
      1,
      1
    ],
    [
      1,
      1,
      1,
      1,
      1
    ],
    [
      0,
      1,
      0,
      0,
      1
    ],
    [
      1,
      1,
      0,
      1,
      0
    ],
    [
      1,
      0,
      1,
      0,
      0
    ],
    [
      1,
      1,
      0,
      1,
      1
    ],
    [
      0,
      0,
      0,
      1,
      1
    ]
  ],
  "assortments": [
    [
      0,
      0,
      0,
      0,
      0
    ],
    [
      0,
      0,
      0,
      0,
      1
    ],
    [
      0,
      0,
      0,
      1,
      0
    ],
    [
      0,
      0,
      0,
      1,
      1
    ],
    [
      0,
      0,
      1,
      0,
      0
    ],
    [
      0,
      0,
      1,
      0,
      1
    ],
    [
      0,
      0,
      1,
      1,
      0
    ],
    [
      0,
      0,
      1,
      1,
      1
    ],
    [
      0,
      1,
      0,
      0,
      0
    ],
    [
      0,
      1,
      0,
      0,
      1
    ],
    [
      0,
      1,
      0,
      1,
      0
    ],
    [
      0,
      1,
      0,
      1,
      1
    ],
    [
      0,
      1,
      1,
      0,
      0
    ],
    [
      0,
      1,
      1,
      0,
      1
    ],
    [
      0,
      1,
      1,
      1,
      0
    ],
    [
      0,
      1,
      1,
      1,
      1
    ],
    [
      1,
      0,
      0,
      0,
      0
    ],
    [
      1,
      0,
      0,
      0,
      1
    ],
    [
      1,
      0,
      0,
      1,
      0
    ],
    [
      1,
      0,
      0,
      1,
      1
    ],
    [
      1,
      0,
      1,
      0,
      0
    ],
    [
      1,
      0,
      1,
      0,
      1
    ],
    [
      1,
      0,
      1,
      1,
      0
    ],
    [
      1,
      0,
      1,
      1,
      1
    ],
    [
      1,
      1,
      0,
      0,
      0
    ],
    [
      1,
      1,
      0,
      0,
      1
    ],
    [
      1,
      1,
      0,
      1,
      0
    ],
    [
      1,
      1,
      0,
      1,
      1
    ],
    [
      1,
      1,
      1,
      0,
      0
    ],
    [
      1,
      1,
      1,
      0,
      1
    ],
    [
      1,
      1,
      1,
      1,
      0
    ],
    [
      1,
      1,
      1,
      1,
      1
    ]
  ]
}