{
  "solver_status": 2,
  "feasible": true,
  "mb_formulation_version": 5,
  "runtime": 51.9904260635376,
  "wall_time": 51.992193937301636,
  "mip_gap": 0.009869094211147834,
  "objective": 1.8648215706867608,
  "bundle_space_size": 32,
  "policy_scope": "full_bundle_prices",
  "bundle_prices": {
    "0": 0.0,
    "1": 10.42581387017137,
    "4": 5.8951580654074665,
    "5": 15.90743233350863,
    "7": 23.752511614871143,
    "10": 11.564618887883146,
    "11": 21.68138434406989,
    "13": 19.21822219600288,
    "15": 26.779625190154814,
    "18": 10.035892099743354,
    "19": 19.724232456947313,
    "21": 17.006764379628727,
    "22": 14.824782164586658,
    "23": 24.859604547650108,
    "25": 15.24234093592321,
    "27": 22.68213667312584,
    "29": 20.073407166113448,
    "30": 18.239287675311488,
    "31": 27.76779077563274
  },
  "bundle_prices_full": {
    "0": 0.0,
    "1": 10.42581387017137,
    "2": 28.41158862739257,
    "3": 28.411588627392568,
    "4": 5.8951580654074665,
    "5": 15.90743233350863,
    "6": 17.400293466863424,
    "7": 23.752511614871143,
    "8": 19.184770937858914,
    "9": 17.92780797961378,
    "10": 11.564618887883146,
    "11": 21.68138434406989,
    "12": 23.732803898543715,
    "13": 19.21822219600288,
    "14": 17.220973496298516,
    "15": 26.779625190154814,
    "16": 16.9729233959725,
    "17": 24.810974292015544,
    "18": 10.035892099743354,
    "19": 19.724232456947313,
    "20": 12.075395699595102,
    "21": 17.006764379628727,
    "22": 14.824782164586658,
    "23": 24.859604547650108,
    "24": 18.151335303758675,
    "25": 15.24234093592321,
    "26": 18.066756591170744,
    "27": 22.68213667312584,
    "28": 10.613054302372902,
    "29": 20.073407166113448,
    "30": 18.239287675311488,
    "31": 27.76779077563274
  },
  "bundle_prices_selected": {
    "0": 0.0,
    "1": 10.42581387017137,
    "4": 5.8951580654074665,
    "5": 15.90743233350863,
    "7": 23.752511614871143,
    "10": 11.564618887883146,
    "11": 21.68138434406989,
    "13": 19.21822219600288,
    "15": 26.779625190154814,
    "18": 10.035892099743354,
    "19": 19.724232456947313,
    "21": 17.006764379628727,
    "22": 14.824782164586658,
    "23": 24.859604547650108,
    "25": 15.24234093592321,
    "27": 22.68213667312584,
    "29": 20.073407166113448,
    "30": 18.239287675311488,
    "31": 27.76779077563274
  },
  "chosen_bundle_idx_by_customer": [
    31,
    13,
    27,
    27,
    30,
    5,
    4,
    31,
    1,
    29,
    31,
    29,
    7,
    13,
    18,
    5,
    23,
    0,
    0,
    29,
    31,
    23,
    10,
    25,
    31,
    31,
    29,
    15,
    27,
    0,
    13,
    31,
    1,
    31,
    22,
    31,
    31,
    11,
    23,
    31,
    23,
    27,
    15,
    31,
    21,
    19,
    30,
    22,
    27,
    29
  ],
  "chosen_product_matrix": [
    [
      1,
      1,
      1,
      1,
      1
    ],
    [
      0,
      1,
      1,
      0,
      1
    ],
    [
      1,
      1,
      0,
      1,
      1
    ],
    [
      1,
      1,
      0,
      1,
      1
    ],
    [
      1,
      1,
      1,
      1,
      0
    ],
    [
      0,
      0,
      1,
      0,
      1
    ],
    [
      0,
      0,
      1,
      0,
      0
    ],
    [
      1,
      1,
      1,
      1,
      1
    ],
    [
      0,
      0,
      0,
      0,
      1
    ],
    [
      1,
      1,
      1,
      0,
      1
    ],
    [
      1,
      1,
      1,
      1,
      1
    ],
    [
      1,
      1,
      1,
      0,
      1
    ],
    [
      0,
      0,
      1,
      1,
      1
    ],
    [
      0,
      1,
      1,
      0,
      1
    ],
    [
      1,
      0,
      0,
      1,
      0
    ],
    [
      0,
      0,
      1,
      0,
      1
    ],
    [
      1,
      0,
      1,
      1,
      1
    ],
    [
      0,
      0,
      0,
      0,
      0
    ],
    [
      0,
      0,
      0,
      0,
      0
    ],
    [
      1,
      1,
      1,
      0,
      1
    ],
    [
      1,
      1,
      1,
      1,
      1
    ],
    [
      1,
      0,
      1,
      1,
      1
    ],
    [
      0,
      1,
      0,
      1,
      0
    ],
    [
      1,
      1,
      0,
      0,
      1
    ],
    [
      1,
      1,
      1,
      1,
      1
    ],
    [
      1,
      1,
      1,
      1,
      1
    ],
    [
      1,
      1,
      1,
      0,
      1
    ],
    [
      0,
      1,
      1,
      1,
      1
    ],
    [
      1,
      1,
      0,
      1,
      1
    ],
    [
      0,
      0,
      0,
      0,
      0
    ],
    [
      0,
      1,
      1,
      0,
      1
    ],
    [
      1,
      1,
      1,
      1,
      1
    ],
    [
      0,
      0,
      0,
      0,
      1
    ],
    [
      1,
      1,
      1,
      1,
      1
    ],
    [
      1,
      0,
      1,
      1,
      0
    ],
    [
      1,
      1,
      1,
      1,
      1
    ],
    [
      1,
      1,
      1,
      1,
      1
    ],
    [
      0,
      1,
      0,
      1,
      1
    ],
    [
      1,
      0,
      1,
      1,
      1
    ],
    [
      1,
      1,
      1,
      1,
      1
    ],
    [
      1,
      0,
      1,
      1,
      1
    ],
    [
      1,
      1,
      0,
      1,
      1
    ],
    [
      0,
      1,
      1,
      1,
      1
    ],
    [
      1,
      1,
      1,
      1,
      1
    ],
    [
      1,
      0,
      1,
      0,
      1
    ],
    [
      1,
      0,
      0,
      1,
      1
    ],
    [
      1,
      1,
      1,
      1,
      0
    ],
    [
      1,
      0,
      1,
      1,
      0
    ],
    [
      1,
      1,
      0,
      1,
      1
    ],
    [
      1,
      1,
      1,
      0,
      1
    ]
  ],
  "assortments": [
    [
      0,
      0,
      0,
      0,
      0
    ],
    [
      0,
      0,
      0,
      0,
      1
    ],
    [
      0,
      0,
      0,
      1,
      0
    ],
    [
      0,
      0,
      0,
      1,
      1
    ],
    [
      0,
      0,
      1,
      0,
      0
    ],
    [
      0,
      0,
      1,
      0,
      1
    ],
    [
      0,
      0,
      1,
      1,
      0
    ],
    [
      0,
      0,
      1,
      1,
      1
    ],
    [
      0,
      1,
      0,
      0,
      0
    ],
    [
      0,
      1,
      0,
      0,
      1
    ],
    [
      0,
      1,
      0,
      1,
      0
    ],
    [
      0,
      1,
      0,
      1,
      1
    ],
    [
      0,
      1,
      1,
      0,
      0
    ],
    [
      0,
      1,
      1,
      0,
      1
    ],
    [
      0,
      1,
      1,
      1,
      0
    ],
    [
      0,
      1,
      1,
      1,
      1
    ],
    [
      1,
      0,
      0,
      0,
      0
    ],
    [
      1,
      0,
      0,
      0,
      1
    ],
    [
      1,
      0,
      0,
      1,
      0
    ],
    [
      1,
      0,
      0,
      1,
      1
    ],
    [
      1,
      0,
      1,
      0,
      0
    ],
    [
      1,
      0,
      1,
      0,
      1
    ],
    [
      1,
      0,
      1,
      1,
      0
    ],
    [
      1,
      0,
      1,
      1,
      1
    ],
    [
      1,
      1,
      0,
      0,
      0
    ],
    [
      1,
      1,
      0,
      0,
      1
    ],
    [
      1,
      1,
      0,
      1,
      0
    ],
    [
      1,
      1,
      0,
      1,
      1
    ],
    [
      1,
      1,
      1,
      0,
      0
    ],
    [
      1,
      1,
      1,
      0,
      1
    ],
    [
      1,
      1,
      1,
      1,
      0
    ],
    [
      1,
      1,
      1,
      1,
      1
    ]
  ]
}