{
  "solver_status": 2,
  "feasible": true,
  "mb_formulation_version": 5,
  "runtime": 48.14202690124512,
  "wall_time": 48.143794775009155,
  "mip_gap": 0.009905298796520254,
  "objective": 1.5947387052683095,
  "bundle_space_size": 32,
  "policy_scope": "full_bundle_prices",
  "bundle_prices": {
    "0": 0.0,
    "3": 18.1130599283198,
    "4": 6.219336859251995,
    "5": 16.124204124381524,
    "7": 23.726818997029433,
    "9": 13.941115028631911,
    "10": 11.615140985974715,
    "11": 21.677977083198964,
    "13": 19.346018846087194,
    "15": 26.704993647794197,
    "21": 16.95061069771935,
    "22": 14.805764985224044,
    "23": 24.962350720192347,
    "25": 15.124206516372496,
    "26": 12.998834592839755,
    "27": 22.71398042496915,
    "28": 10.737693022222906,
    "29": 20.288106167945134,
    "30": 18.2070406279563,
    "31": 27.986225034004796
  },
  "bundle_prices_full": {
    "0": 0.0,
    "1": 27.859185139587815,
    "2": 27.85918513958781,
    "3": 18.1130599283198,
    "4": 6.219336859251995,
    "5": 16.124204124381524,
    "6": 27.859185139587826,
    "7": 23.726818997029433,
    "8": 14.77620130334208,
    "9": 13.941115028631911,
    "10": 11.615140985974715,
    "11": 21.677977083198964,
    "12": 9.579349381046391,
    "13": 19.346018846087194,
    "14": 17.83447784522671,
    "15": 26.704993647794197,
    "16": 17.125899906752103,
    "17": 23.77057118981836,
    "18": 23.770571189818373,
    "19": 23.77057118981836,
    "20": 22.396005783325826,
    "21": 16.95061069771935,
    "22": 14.805764985224044,
    "23": 24.962350720192347,
    "24": 19.418124264056434,
    "25": 15.124206516372496,
    "26": 12.998834592839755,
    "27": 22.71398042496915,
    "28": 10.737693022222906,
    "29": 20.288106167945134,
    "30": 18.2070406279563,
    "31": 27.986225034004796
  },
  "bundle_prices_selected": {
    "0": 0.0,
    "3": 18.1130599283198,
    "4": 6.219336859251995,
    "5": 16.124204124381524,
    "7": 23.726818997029433,
    "9": 13.941115028631911,
    "10": 11.615140985974715,
    "11": 21.677977083198964,
    "13": 19.346018846087194,
    "15": 26.704993647794197,
    "21": 16.95061069771935,
    "22": 14.805764985224044,
    "23": 24.962350720192347,
    "25": 15.124206516372496,
    "26": 12.998834592839755,
    "27": 22.71398042496915,
    "28": 10.737693022222906,
    "29": 20.288106167945134,
    "30": 18.2070406279563,
    "31": 27.986225034004796
  },
  "chosen_bundle_idx_by_customer": [
    15,
    10,
    3,
    11,
    27,
    15,
    5,
    7,
    25,
    22,
    10,
    3,
    21,
    31,
    7,
    22,
    15,
    27,
    13,
    29,
    0,
    0,
    4,
    10,
    27,
    0,
    15,
    10,
    21,
    0,
    22,
    28,
    0,
    0,
    11,
    15,
    26,
    13,
    13,
    3,
    3,
    0,
    27,
    23,
    30,
    26,
    5,
    7,
    29,
    9
  ],
  "chosen_product_matrix": [
    [
      0,
      1,
      1,
      1,
      1
    ],
    [
      0,
      1,
      0,
      1,
      0
    ],
    [
      0,
      0,
      0,
      1,
      1
    ],
    [
      0,
      1,
      0,
      1,
      1
    ],
    [
      1,
      1,
      0,
      1,
      1
    ],
    [
      0,
      1,
      1,
      1,
      1
    ],
    [
      0,
      0,
      1,
      0,
      1
    ],
    [
      0,
      0,
      1,
      1,
      1
    ],
    [
      1,
      1,
      0,
      0,
      1
    ],
    [
      1,
      0,
      1,
      1,
      0
    ],
    [
      0,
      1,
      0,
      1,
      0
    ],
    [
      0,
      0,
      0,
      1,
      1
    ],
    [
      1,
      0,
      1,
      0,
      1
    ],
    [
      1,
      1,
      1,
      1,
      1
    ],
    [
      0,
      0,
      1,
      1,
      1
    ],
    [
      1,
      0,
      1,
      1,
      0
    ],
    [
      0,
      1,
      1,
      1,
      1
    ],
    [
      1,
      1,
      0,
      1,
      1
    ],
    [
      0,
      1,
      1,
      0,
      1
    ],
    [
      1,
      1,
      1,
      0,
      1
    ],
    [
      0,
      0,
      0,
      0,
      0
    ],
    [
      0,
      0,
      0,
      0,
      0
    ],
    [
      0,
      0,
      1,
      0,
      0
    ],
    [
      0,
      1,
      0,
      1,
      0
    ],
    [
      1,
      1,
      0,
      1,
      1
    ],
    [
      0,
      0,
      0,
      0,
      0
    ],
    [
      0,
      1,
      1,
      1,
      1
    ],
    [
      0,
      1,
      0,
      1,
      0
    ],
    [
      1,
      0,
      1,
      0,
      1
    ],
    [
      0,
      0,
      0,
      0,
      0
    ],
    [
      1,
      0,
      1,
      1,
      0
    ],
    [
      1,
      1,
      1,
      0,
      0
    ],
    [
      0,
      0,
      0,
      0,
      0
    ],
    [
      0,
      0,
      0,
      0,
      0
    ],
    [
      0,
      1,
      0,
      1,
      1
    ],
    [
      0,
      1,
      1,
      1,
      1
    ],
    [
      1,
      1,
      0,
      1,
      0
    ],
    [
      0,
      1,
      1,
      0,
      1
    ],
    [
      0,
      1,
      1,
      0,
      1
    ],
    [
      0,
      0,
      0,
      1,
      1
    ],
    [
      0,
      0,
      0,
      1,
      1
    ],
    [
      0,
      0,
      0,
      0,
      0
    ],
    [
      1,
      1,
      0,
      1,
      1
    ],
    [
      1,
      0,
      1,
      1,
      1
    ],
    [
      1,
      1,
      1,
      1,
      0
    ],
    [
      1,
      1,
      0,
      1,
      0
    ],
    [
      0,
      0,
      1,
      0,
      1
    ],
    [
      0,
      0,
      1,
      1,
      1
    ],
    [
      1,
      1,
      1,
      0,
      1
    ],
    [
      0,
      1,
      0,
      0,
      1
    ]
  ],
  "assortments": [
    [
      0,
      0,
      0,
      0,
      0
    ],
    [
      0,
      0,
      0,
      0,
      1
    ],
    [
      0,
      0,
      0,
      1,
      0
    ],
    [
      0,
      0,
      0,
      1,
      1
    ],
    [
      0,
      0,
      1,
      0,
      0
    ],
    [
      0,
      0,
      1,
      0,
      1
    ],
    [
      0,
      0,
      1,
      1,
      0
    ],
    [
      0,
      0,
      1,
      1,
      1
    ],
    [
      0,
      1,
      0,
      0,
      0
    ],
    [
      0,
      1,
      0,
      0,
      1
    ],
    [
      0,
      1,
      0,
      1,
      0
    ],
    [
      0,
      1,
      0,
      1,
      1
    ],
    [
      0,
      1,
      1,
      0,
      0
    ],
    [
      0,
      1,
      1,
      0,
      1
    ],
    [
      0,
      1,
      1,
      1,
      0
    ],
    [
      0,
      1,
      1,
      1,
      1
    ],
    [
      1,
      0,
      0,
      0,
      0
    ],
    [
      1,
      0,
      0,
      0,
      1
    ],
    [
      1,
      0,
      0,
      1,
      0
    ],
    [
      1,
      0,
      0,
      1,
      1
    ],
    [
      1,
      0,
      1,
      0,
      0
    ],
    [
      1,
      0,
      1,
      0,
      1
    ],
    [
      1,
      0,
      1,
      1,
      0
    ],
    [
      1,
      0,
      1,
      1,
      1
    ],
    [
      1,
      1,
      0,
      0,
      0
    ],
    [
      1,
      1,
      0,
      0,
      1
    ],
    [
      1,
      1,
      0,
      1,
      0
    ],
    [
      1,
      1,
      0,
      1,
      1
    ],
    [
      1,
      1,
      1,
      0,
      0
    ],
    [
      1,
      1,
      1,
      0,
      1
    ],
    [
      1,
      1,
      1,
      1,
      0
    ],
    [
      1,
      1,
      1,
      1,
      1
    ]
  ]
}