{
  "solver_status": 2,
  "feasible": true,
  "mb_formulation_version": 5,
  "runtime": 69.97431802749634,
  "wall_time": 69.97607803344727,
  "mip_gap": 0.009951165256932746,
  "objective": 1.6188845346271548,
  "bundle_space_size": 32,
  "policy_scope": "full_bundle_prices",
  "bundle_prices": {
    "0": 0.0,
    "4": 5.891658391898483,
    "5": 16.449268910547186,
    "6": 14.341185271664894,
    "7": 24.14625918137437,
    "11": 22.443287404055184,
    "12": 9.651140400619413,
    "13": 19.384577368839814,
    "14": 17.684225620583057,
    "15": 27.338517629341275,
    "17": 11.778129886304773,
    "19": 19.680447503248292,
    "22": 15.14990723714892,
    "23": 25.13104471509691,
    "24": 5.109798366658142,
    "25": 15.37217483649683,
    "26": 13.208995821664267,
    "27": 23.62587166386215,
    "28": 10.372005384166888,
    "29": 20.443291961172616,
    "31": 28.40647997373149
  },
  "bundle_prices_full": {
    "0": 0.0,
    "1": 30.211331041256784,
    "2": 16.19903834572695,
    "3": 30.21133104125677,
    "4": 5.891658391898483,
    "5": 16.449268910547186,
    "6": 14.341185271664894,
    "7": 24.14625918137437,
    "8": 21.548777854663648,
    "9": 28.338638576710718,
    "10": 28.33863857671073,
    "11": 22.443287404055184,
    "12": 9.651140400619413,
    "13": 19.384577368839814,
    "14": 17.684225620583057,
    "15": 27.338517629341275,
    "16": 1.6677874178457621,
    "17": 11.778129886304773,
    "18": 17.866825763572713,
    "19": 19.680447503248292,
    "20": 7.421898342400182,
    "21": 17.450417693154222,
    "22": 15.14990723714892,
    "23": 25.13104471509691,
    "24": 5.109798366658142,
    "25": 15.37217483649683,
    "26": 13.208995821664267,
    "27": 23.62587166386215,
    "28": 10.372005384166888,
    "29": 20.443291961172616,
    "30": 18.636303401102747,
    "31": 28.40647997373149
  },
  "bundle_prices_selected": {
    "0": 0.0,
    "4": 5.891658391898483,
    "5": 16.449268910547186,
    "6": 14.341185271664894,
    "7": 24.14625918137437,
    "11": 22.443287404055184,
    "12": 9.651140400619413,
    "13": 19.384577368839814,
    "14": 17.684225620583057,
    "15": 27.338517629341275,
    "17": 11.778129886304773,
    "19": 19.680447503248292,
    "22": 15.14990723714892,
    "23": 25.13104471509691,
    "24": 5.109798366658142,
    "25": 15.37217483649683,
    "26": 13.208995821664267,
    "27": 23.62587166386215,
    "28": 10.372005384166888,
    "29": 20.443291961172616,
    "31": 28.40647997373149
  },
  "chosen_bundle_idx_by_customer": [
    5,
    15,
    0,
    0,
    15,
    0,
    19,
    11,
    15,
    29,
    13,
    25,
    23,
    7,
    0,
    4,
    0,
    19,
    14,
    15,
    0,
    26,
    0,
    0,
    29,
    13,
    28,
    27,
    28,
    23,
    31,
    6,
    0,
    22,
    15,
    0,
    19,
    0,
    0,
    19,
    31,
    23,
    24,
    17,
    31,
    12,
    23,
    13,
    0,
    0
  ],
  "chosen_product_matrix": [
    [
      0,
      0,
      1,
      0,
      1
    ],
    [
      0,
      1,
      1,
      1,
      1
    ],
    [
      0,
      0,
      0,
      0,
      0
    ],
    [
      0,
      0,
      0,
      0,
      0
    ],
    [
      0,
      1,
      1,
      1,
      1
    ],
    [
      0,
      0,
      0,
      0,
      0
    ],
    [
      1,
      0,
      0,
      1,
      1
    ],
    [
      0,
      1,
      0,
      1,
      1
    ],
    [
      0,
      1,
      1,
      1,
      1
    ],
    [
      1,
      1,
      1,
      0,
      1
    ],
    [
      0,
      1,
      1,
      0,
      1
    ],
    [
      1,
      1,
      0,
      0,
      1
    ],
    [
      1,
      0,
      1,
      1,
      1
    ],
    [
      0,
      0,
      1,
      1,
      1
    ],
    [
      0,
      0,
      0,
      0,
      0
    ],
    [
      0,
      0,
      1,
      0,
      0
    ],
    [
      0,
      0,
      0,
      0,
      0
    ],
    [
      1,
      0,
      0,
      1,
      1
    ],
    [
      0,
      1,
      1,
      1,
      0
    ],
    [
      0,
      1,
      1,
      1,
      1
    ],
    [
      0,
      0,
      0,
      0,
      0
    ],
    [
      1,
      1,
      0,
      1,
      0
    ],
    [
      0,
      0,
      0,
      0,
      0
    ],
    [
      0,
      0,
      0,
      0,
      0
    ],
    [
      1,
      1,
      1,
      0,
      1
    ],
    [
      0,
      1,
      1,
      0,
      1
    ],
    [
      1,
      1,
      1,
      0,
      0
    ],
    [
      1,
      1,
      0,
      1,
      1
    ],
    [
      1,
      1,
      1,
      0,
      0
    ],
    [
      1,
      0,
      1,
      1,
      1
    ],
    [
      1,
      1,
      1,
      1,
      1
    ],
    [
      0,
      0,
      1,
      1,
      0
    ],
    [
      0,
      0,
      0,
      0,
      0
    ],
    [
      1,
      0,
      1,
      1,
      0
    ],
    [
      0,
      1,
      1,
      1,
      1
    ],
    [
      0,
      0,
      0,
      0,
      0
    ],
    [
      1,
      0,
      0,
      1,
      1
    ],
    [
      0,
      0,
      0,
      0,
      0
    ],
    [
      0,
      0,
      0,
      0,
      0
    ],
    [
      1,
      0,
      0,
      1,
      1
    ],
    [
      1,
      1,
      1,
      1,
      1
    ],
    [
      1,
      0,
      1,
      1,
      1
    ],
    [
      1,
      1,
      0,
      0,
      0
    ],
    [
      1,
      0,
      0,
      0,
      1
    ],
    [
      1,
      1,
      1,
      1,
      1
    ],
    [
      0,
      1,
      1,
      0,
      0
    ],
    [
      1,
      0,
      1,
      1,
      1
    ],
    [
      0,
      1,
      1,
      0,
      1
    ],
    [
      0,
      0,
      0,
      0,
      0
    ],
    [
      0,
      0,
      0,
      0,
      0
    ]
  ],
  "assortments": [
    [
      0,
      0,
      0,
      0,
      0
    ],
    [
      0,
      0,
      0,
      0,
      1
    ],
    [
      0,
      0,
      0,
      1,
      0
    ],
    [
      0,
      0,
      0,
      1,
      1
    ],
    [
      0,
      0,
      1,
      0,
      0
    ],
    [
      0,
      0,
      1,
      0,
      1
    ],
    [
      0,
      0,
      1,
      1,
      0
    ],
    [
      0,
      0,
      1,
      1,
      1
    ],
    [
      0,
      1,
      0,
      0,
      0
    ],
    [
      0,
      1,
      0,
      0,
      1
    ],
    [
      0,
      1,
      0,
      1,
      0
    ],
    [
      0,
      1,
      0,
      1,
      1
    ],
    [
      0,
      1,
      1,
      0,
      0
    ],
    [
      0,
      1,
      1,
      0,
      1
    ],
    [
      0,
      1,
      1,
      1,
      0
    ],
    [
      0,
      1,
      1,
      1,
      1
    ],
    [
      1,
      0,
      0,
      0,
      0
    ],
    [
      1,
      0,
      0,
      0,
      1
    ],
    [
      1,
      0,
      0,
      1,
      0
    ],
    [
      1,
      0,
      0,
      1,
      1
    ],
    [
      1,
      0,
      1,
      0,
      0
    ],
    [
      1,
      0,
      1,
      0,
      1
    ],
    [
      1,
      0,
      1,
      1,
      0
    ],
    [
      1,
      0,
      1,
      1,
      1
    ],
    [
      1,
      1,
      0,
      0,
      0
    ],
    [
      1,
      1,
      0,
      0,
      1
    ],
    [
      1,
      1,
      0,
      1,
      0
    ],
    [
      1,
      1,
      0,
      1,
      1
    ],
    [
      1,
      1,
      1,
      0,
      0
    ],
    [
      1,
      1,
      1,
      0,
      1
    ],
    [
      1,
      1,
      1,
      1,
      0
    ],
    [
      1,
      1,
      1,
      1,
      1
    ]
  ]
}