{
  "solver_status": 2,
  "feasible": true,
  "mb_formulation_version": 5,
  "runtime": 81.51124000549316,
  "wall_time": 81.51301312446594,
  "mip_gap": 0.00980766981712241,
  "objective": 1.6896655116389503,
  "bundle_space_size": 32,
  "policy_scope": "full_bundle_prices",
  "bundle_prices": {
    "0": 0.0,
    "1": 10.361730432762823,
    "4": 6.036469906734091,
    "6": 13.78826078356836,
    "7": 23.628800943009594,
    "11": 21.504110427391684,
    "13": 19.491413425721166,
    "14": 17.01917792756643,
    "15": 26.959716351268412,
    "16": 1.4534006453908415,
    "17": 11.788729167516516,
    "18": 10.02683429479831,
    "19": 19.51095923516911,
    "23": 24.539830983169225,
    "24": 4.583606286776659,
    "25": 14.91558121187699,
    "27": 22.393152880945568,
    "28": 10.620076193510707,
    "29": 20.607264334747327,
    "30": 18.168932222479974,
    "31": 27.746326355378493
  },
  "bundle_prices_full": {
    "0": 0.0,
    "1": 10.361730432762823,
    "2": 27.91347692901139,
    "3": 18.64559250126603,
    "4": 6.036469906734091,
    "5": 16.398200339497002,
    "6": 13.78826078356836,
    "7": 23.628800943009594,
    "8": 11.626534978896887,
    "9": 13.913317468599878,
    "10": 16.91461414605493,
    "11": 21.504110427391684,
    "12": 9.511301233953287,
    "13": 19.491413425721166,
    "14": 17.01917792756643,
    "15": 26.959716351268412,
    "16": 1.4534006453908415,
    "17": 11.788729167516516,
    "18": 10.02683429479831,
    "19": 19.51095923516911,
    "20": 7.489870552124923,
    "21": 17.82519907425068,
    "22": 14.929578684851489,
    "23": 24.539830983169225,
    "24": 4.583606286776659,
    "25": 14.91558121187699,
    "26": 12.882520650915847,
    "27": 22.393152880945568,
    "28": 10.620076193510707,
    "29": 20.607264334747327,
    "30": 18.168932222479974,
    "31": 27.746326355378493
  },
  "bundle_prices_selected": {
    "0": 0.0,
    "1": 10.361730432762823,
    "4": 6.036469906734091,
    "6": 13.78826078356836,
    "7": 23.628800943009594,
    "11": 21.504110427391684,
    "13": 19.491413425721166,
    "14": 17.01917792756643,
    "15": 26.959716351268412,
    "16": 1.4534006453908415,
    "17": 11.788729167516516,
    "18": 10.02683429479831,
    "19": 19.51095923516911,
    "23": 24.539830983169225,
    "24": 4.583606286776659,
    "25": 14.91558121187699,
    "27": 22.393152880945568,
    "28": 10.620076193510707,
    "29": 20.607264334747327,
    "30": 18.168932222479974,
    "31": 27.746326355378493
  },
  "chosen_bundle_idx_by_customer": [
    24,
    15,
    1,
    13,
    15,
    19,
    7,
    31,
    23,
    23,
    0,
    15,
    31,
    30,
    0,
    23,
    23,
    7,
    11,
    4,
    17,
    19,
    31,
    31,
    18,
    31,
    23,
    29,
    0,
    28,
    7,
    23,
    4,
    24,
    23,
    31,
    6,
    29,
    16,
    24,
    1,
    0,
    14,
    31,
    23,
    25,
    31,
    7,
    27,
    31
  ],
  "chosen_product_matrix": [
    [
      1,
      1,
      0,
      0,
      0
    ],
    [
      0,
      1,
      1,
      1,
      1
    ],
    [
      0,
      0,
      0,
      0,
      1
    ],
    [
      0,
      1,
      1,
      0,
      1
    ],
    [
      0,
      1,
      1,
      1,
      1
    ],
    [
      1,
      0,
      0,
      1,
      1
    ],
    [
      0,
      0,
      1,
      1,
      1
    ],
    [
      1,
      1,
      1,
      1,
      1
    ],
    [
      1,
      0,
      1,
      1,
      1
    ],
    [
      1,
      0,
      1,
      1,
      1
    ],
    [
      0,
      0,
      0,
      0,
      0
    ],
    [
      0,
      1,
      1,
      1,
      1
    ],
    [
      1,
      1,
      1,
      1,
      1
    ],
    [
      1,
      1,
      1,
      1,
      0
    ],
    [
      0,
      0,
      0,
      0,
      0
    ],
    [
      1,
      0,
      1,
      1,
      1
    ],
    [
      1,
      0,
      1,
      1,
      1
    ],
    [
      0,
      0,
      1,
      1,
      1
    ],
    [
      0,
      1,
      0,
      1,
      1
    ],
    [
      0,
      0,
      1,
      0,
      0
    ],
    [
      1,
      0,
      0,
      0,
      1
    ],
    [
      1,
      0,
      0,
      1,
      1
    ],
    [
      1,
      1,
      1,
      1,
      1
    ],
    [
      1,
      1,
      1,
      1,
      1
    ],
    [
      1,
      0,
      0,
      1,
      0
    ],
    [
      1,
      1,
      1,
      1,
      1
    ],
    [
      1,
      0,
      1,
      1,
      1
    ],
    [
      1,
      1,
      1,
      0,
      1
    ],
    [
      0,
      0,
      0,
      0,
      0
    ],
    [
      1,
      1,
      1,
      0,
      0
    ],
    [
      0,
      0,
      1,
      1,
      1
    ],
    [
      1,
      0,
      1,
      1,
      1
    ],
    [
      0,
      0,
      1,
      0,
      0
    ],
    [
      1,
      1,
      0,
      0,
      0
    ],
    [
      1,
      0,
      1,
      1,
      1
    ],
    [
      1,
      1,
      1,
      1,
      1
    ],
    [
      0,
      0,
      1,
      1,
      0
    ],
    [
      1,
      1,
      1,
      0,
      1
    ],
    [
      1,
      0,
      0,
      0,
      0
    ],
    [
      1,
      1,
      0,
      0,
      0
    ],
    [
      0,
      0,
      0,
      0,
      1
    ],
    [
      0,
      0,
      0,
      0,
      0
    ],
    [
      0,
      1,
      1,
      1,
      0
    ],
    [
      1,
      1,
      1,
      1,
      1
    ],
    [
      1,
      0,
      1,
      1,
      1
    ],
    [
      1,
      1,
      0,
      0,
      1
    ],
    [
      1,
      1,
      1,
      1,
      1
    ],
    [
      0,
      0,
      1,
      1,
      1
    ],
    [
      1,
      1,
      0,
      1,
      1
    ],
    [
      1,
      1,
      1,
      1,
      1
    ]
  ],
  "assortments": [
    [
      0,
      0,
      0,
      0,
      0
    ],
    [
      0,
      0,
      0,
      0,
      1
    ],
    [
      0,
      0,
      0,
      1,
      0
    ],
    [
      0,
      0,
      0,
      1,
      1
    ],
    [
      0,
      0,
      1,
      0,
      0
    ],
    [
      0,
      0,
      1,
      0,
      1
    ],
    [
      0,
      0,
      1,
      1,
      0
    ],
    [
      0,
      0,
      1,
      1,
      1
    ],
    [
      0,
      1,
      0,
      0,
      0
    ],
    [
      0,
      1,
      0,
      0,
      1
    ],
    [
      0,
      1,
      0,
      1,
      0
    ],
    [
      0,
      1,
      0,
      1,
      1
    ],
    [
      0,
      1,
      1,
      0,
      0
    ],
    [
      0,
      1,
      1,
      0,
      1
    ],
    [
      0,
      1,
      1,
      1,
      0
    ],
    [
      0,
      1,
      1,
      1,
      1
    ],
    [
      1,
      0,
      0,
      0,
      0
    ],
    [
      1,
      0,
      0,
      0,
      1
    ],
    [
      1,
      0,
      0,
      1,
      0
    ],
    [
      1,
      0,
      0,
      1,
      1
    ],
    [
      1,
      0,
      1,
      0,
      0
    ],
    [
      1,
      0,
      1,
      0,
      1
    ],
    [
      1,
      0,
      1,
      1,
      0
    ],
    [
      1,
      0,
      1,
      1,
      1
    ],
    [
      1,
      1,
      0,
      0,
      0
    ],
    [
      1,
      1,
      0,
      0,
      1
    ],
    [
      1,
      1,
      0,
      1,
      0
    ],
    [
      1,
      1,
      0,
      1,
      1
    ],
    [
      1,
      1,
      1,
      0,
      0
    ],
    [
      1,
      1,
      1,
      0,
      1
    ],
    [
      1,
      1,
      1,
      1,
      0
    ],
    [
      1,
      1,
      1,
      1,
      1
    ]
  ]
}