{
  "solver_status": 2,
  "feasible": true,
  "mb_formulation_version": 5,
  "runtime": 119.41828680038452,
  "wall_time": 119.42007803916931,
  "mip_gap": 0.009930285132699373,
  "objective": 1.4829159449698772,
  "bundle_space_size": 32,
  "policy_scope": "full_bundle_prices",
  "bundle_prices": {
    "0": 0.0,
    "5": 16.02463067473169,
    "8": 3.992238563727874,
    "10": 11.69958553849236,
    "13": 19.24354156317031,
    "14": 17.367315464219068,
    "15": 27.1333211344085,
    "18": 9.334068596023805,
    "19": 19.414755592633863,
    "21": 17.327562731656627,
    "22": 14.604815003119253,
    "23": 24.474013297562735,
    "27": 22.631210921619513,
    "29": 20.346300491611476,
    "31": 27.896434761160602
  },
  "bundle_prices_full": {
    "0": 0.0,
    "1": 26.432693005928137,
    "2": 21.815310455930007,
    "3": 26.432693005928154,
    "4": 26.432693005928137,
    "5": 16.02463067473169,
    "6": 25.89154366276746,
    "7": 26.432693005928154,
    "8": 3.992238563727874,
    "9": 24.245892022401762,
    "10": 11.69958553849236,
    "11": 24.24589202240178,
    "12": 22.16314443285259,
    "13": 19.24354156317031,
    "14": 17.367315464219068,
    "15": 27.1333211344085,
    "16": 15.002595451445977,
    "17": 22.348887611128724,
    "18": 9.334068596023805,
    "19": 19.414755592633863,
    "20": 11.008737680597434,
    "21": 17.327562731656627,
    "22": 14.604815003119253,
    "23": 24.474013297562735,
    "24": 8.951999164287624,
    "25": 18.079339038053195,
    "26": 12.773956958028508,
    "27": 22.631210921619513,
    "28": 13.958737680597409,
    "29": 20.346300491611476,
    "30": 18.359397306132603,
    "31": 27.896434761160602
  },
  "bundle_prices_selected": {
    "0": 0.0,
    "5": 16.02463067473169,
    "8": 3.992238563727874,
    "10": 11.69958553849236,
    "13": 19.24354156317031,
    "14": 17.367315464219068,
    "15": 27.1333211344085,
    "18": 9.334068596023805,
    "19": 19.414755592633863,
    "21": 17.327562731656627,
    "22": 14.604815003119253,
    "23": 24.474013297562735,
    "27": 22.631210921619513,
    "29": 20.346300491611476,
    "31": 27.896434761160602
  },
  "chosen_bundle_idx_by_customer": [
    8,
    23,
    29,
    22,
    0,
    13,
    27,
    14,
    23,
    5,
    19,
    23,
    31,
    23,
    0,
    31,
    22,
    0,
    19,
    0,
    5,
    29,
    21,
    18,
    31,
    31,
    0,
    23,
    0,
    23,
    15,
    0,
    19,
    31,
    0,
    10,
    0,
    23,
    15,
    0,
    23,
    31,
    21,
    13,
    23,
    0,
    23,
    0,
    23,
    23
  ],
  "chosen_product_matrix": [
    [
      0,
      1,
      0,
      0,
      0
    ],
    [
      1,
      0,
      1,
      1,
      1
    ],
    [
      1,
      1,
      1,
      0,
      1
    ],
    [
      1,
      0,
      1,
      1,
      0
    ],
    [
      0,
      0,
      0,
      0,
      0
    ],
    [
      0,
      1,
      1,
      0,
      1
    ],
    [
      1,
      1,
      0,
      1,
      1
    ],
    [
      0,
      1,
      1,
      1,
      0
    ],
    [
      1,
      0,
      1,
      1,
      1
    ],
    [
      0,
      0,
      1,
      0,
      1
    ],
    [
      1,
      0,
      0,
      1,
      1
    ],
    [
      1,
      0,
      1,
      1,
      1
    ],
    [
      1,
      1,
      1,
      1,
      1
    ],
    [
      1,
      0,
      1,
      1,
      1
    ],
    [
      0,
      0,
      0,
      0,
      0
    ],
    [
      1,
      1,
      1,
      1,
      1
    ],
    [
      1,
      0,
      1,
      1,
      0
    ],
    [
      0,
      0,
      0,
      0,
      0
    ],
    [
      1,
      0,
      0,
      1,
      1
    ],
    [
      0,
      0,
      0,
      0,
      0
    ],
    [
      0,
      0,
      1,
      0,
      1
    ],
    [
      1,
      1,
      1,
      0,
      1
    ],
    [
      1,
      0,
      1,
      0,
      1
    ],
    [
      1,
      0,
      0,
      1,
      0
    ],
    [
      1,
      1,
      1,
      1,
      1
    ],
    [
      1,
      1,
      1,
      1,
      1
    ],
    [
      0,
      0,
      0,
      0,
      0
    ],
    [
      1,
      0,
      1,
      1,
      1
    ],
    [
      0,
      0,
      0,
      0,
      0
    ],
    [
      1,
      0,
      1,
      1,
      1
    ],
    [
      0,
      1,
      1,
      1,
      1
    ],
    [
      0,
      0,
      0,
      0,
      0
    ],
    [
      1,
      0,
      0,
      1,
      1
    ],
    [
      1,
      1,
      1,
      1,
      1
    ],
    [
      0,
      0,
      0,
      0,
      0
    ],
    [
      0,
      1,
      0,
      1,
      0
    ],
    [
      0,
      0,
      0,
      0,
      0
    ],
    [
      1,
      0,
      1,
      1,
      1
    ],
    [
      0,
      1,
      1,
      1,
      1
    ],
    [
      0,
      0,
      0,
      0,
      0
    ],
    [
      1,
      0,
      1,
      1,
      1
    ],
    [
      1,
      1,
      1,
      1,
      1
    ],
    [
      1,
      0,
      1,
      0,
      1
    ],
    [
      0,
      1,
      1,
      0,
      1
    ],
    [
      1,
      0,
      1,
      1,
      1
    ],
    [
      0,
      0,
      0,
      0,
      0
    ],
    [
      1,
      0,
      1,
      1,
      1
    ],
    [
      0,
      0,
      0,
      0,
      0
    ],
    [
      1,
      0,
      1,
      1,
      1
    ],
    [
      1,
      0,
      1,
      1,
      1
    ]
  ],
  "assortments": [
    [
      0,
      0,
      0,
      0,
      0
    ],
    [
      0,
      0,
      0,
      0,
      1
    ],
    [
      0,
      0,
      0,
      1,
      0
    ],
    [
      0,
      0,
      0,
      1,
      1
    ],
    [
      0,
      0,
      1,
      0,
      0
    ],
    [
      0,
      0,
      1,
      0,
      1
    ],
    [
      0,
      0,
      1,
      1,
      0
    ],
    [
      0,
      0,
      1,
      1,
      1
    ],
    [
      0,
      1,
      0,
      0,
      0
    ],
    [
      0,
      1,
      0,
      0,
      1
    ],
    [
      0,
      1,
      0,
      1,
      0
    ],
    [
      0,
      1,
      0,
      1,
      1
    ],
    [
      0,
      1,
      1,
      0,
      0
    ],
    [
      0,
      1,
      1,
      0,
      1
    ],
    [
      0,
      1,
      1,
      1,
      0
    ],
    [
      0,
      1,
      1,
      1,
      1
    ],
    [
      1,
      0,
      0,
      0,
      0
    ],
    [
      1,
      0,
      0,
      0,
      1
    ],
    [
      1,
      0,
      0,
      1,
      0
    ],
    [
      1,
      0,
      0,
      1,
      1
    ],
    [
      1,
      0,
      1,
      0,
      0
    ],
    [
      1,
      0,
      1,
      0,
      1
    ],
    [
      1,
      0,
      1,
      1,
      0
    ],
    [
      1,
      0,
      1,
      1,
      1
    ],
    [
      1,
      1,
      0,
      0,
      0
    ],
    [
      1,
      1,
      0,
      0,
      1
    ],
    [
      1,
      1,
      0,
      1,
      0
    ],
    [
      1,
      1,
      0,
      1,
      1
    ],
    [
      1,
      1,
      1,
      0,
      0
    ],
    [
      1,
      1,
      1,
      0,
      1
    ],
    [
      1,
      1,
      1,
      1,
      0
    ],
    [
      1,
      1,
      1,
      1,
      1
    ]
  ]
}