{
  "solver_status": 2,
  "feasible": true,
  "mb_formulation_version": 5,
  "runtime": 245.00769114494324,
  "wall_time": 245.0094530582428,
  "mip_gap": 0.0099641168868554,
  "objective": 1.5265540756256148,
  "bundle_space_size": 32,
  "policy_scope": "full_bundle_prices",
  "bundle_prices": {
    "0": 0.0,
    "3": 18.546338768267546,
    "6": 13.922984545495048,
    "7": 23.5938996402709,
    "11": 21.087242272555745,
    "12": 8.956554250883988,
    "13": 18.979995291283128,
    "14": 17.289362831776135,
    "15": 26.848953156216044,
    "17": 11.047947564392185,
    "19": 19.191367846017584,
    "20": 6.770228746879514,
    "22": 14.866748919546456,
    "23": 24.145063941540876,
    "26": 12.59401283587342,
    "27": 22.090726741118157,
    "29": 19.95643377901985,
    "30": 17.981222201132702,
    "31": 27.757481702738072
  },
  "bundle_prices_full": {
    "0": 0.0,
    "1": 30.08770625070745,
    "2": 30.08770625070745,
    "3": 18.546338768267546,
    "4": 30.08770625070745,
    "5": 30.08770625070745,
    "6": 13.922984545495048,
    "7": 23.5938996402709,
    "8": 30.08770625070745,
    "9": 30.08770625070745,
    "10": 30.08770625070745,
    "11": 21.087242272555745,
    "12": 8.956554250883988,
    "13": 18.979995291283128,
    "14": 17.289362831776135,
    "15": 26.848953156216044,
    "16": 30.08770625070745,
    "17": 11.047947564392185,
    "18": 30.08770625070745,
    "19": 19.191367846017584,
    "20": 6.770228746879514,
    "21": 30.08770625070745,
    "22": 14.866748919546456,
    "23": 24.145063941540876,
    "24": 30.08770625070745,
    "25": 30.08770625070745,
    "26": 12.59401283587342,
    "27": 22.090726741118157,
    "28": 30.08770625070745,
    "29": 19.95643377901985,
    "30": 17.981222201132702,
    "31": 27.757481702738072
  },
  "bundle_prices_selected": {
    "0": 0.0,
    "3": 18.546338768267546,
    "6": 13.922984545495048,
    "7": 23.5938996402709,
    "11": 21.087242272555745,
    "12": 8.956554250883988,
    "13": 18.979995291283128,
    "14": 17.289362831776135,
    "15": 26.848953156216044,
    "17": 11.047947564392185,
    "19": 19.191367846017584,
    "20": 6.770228746879514,
    "22": 14.866748919546456,
    "23": 24.145063941540876,
    "26": 12.59401283587342,
    "27": 22.090726741118157,
    "29": 19.95643377901985,
    "30": 17.981222201132702,
    "31": 27.757481702738072
  },
  "chosen_bundle_idx_by_customer": [
    23,
    23,
    12,
    31,
    6,
    23,
    30,
    23,
    23,
    27,
    27,
    0,
    17,
    27,
    3,
    22,
    14,
    23,
    23,
    15,
    27,
    27,
    13,
    7,
    29,
    11,
    31,
    19,
    12,
    11,
    15,
    12,
    7,
    23,
    23,
    11,
    13,
    20,
    17,
    26,
    11,
    11,
    17,
    23,
    23,
    0,
    13,
    22,
    23,
    31
  ],
  "chosen_product_matrix": [
    [
      1,
      0,
      1,
      1,
      1
    ],
    [
      1,
      0,
      1,
      1,
      1
    ],
    [
      0,
      1,
      1,
      0,
      0
    ],
    [
      1,
      1,
      1,
      1,
      1
    ],
    [
      0,
      0,
      1,
      1,
      0
    ],
    [
      1,
      0,
      1,
      1,
      1
    ],
    [
      1,
      1,
      1,
      1,
      0
    ],
    [
      1,
      0,
      1,
      1,
      1
    ],
    [
      1,
      0,
      1,
      1,
      1
    ],
    [
      1,
      1,
      0,
      1,
      1
    ],
    [
      1,
      1,
      0,
      1,
      1
    ],
    [
      0,
      0,
      0,
      0,
      0
    ],
    [
      1,
      0,
      0,
      0,
      1
    ],
    [
      1,
      1,
      0,
      1,
      1
    ],
    [
      0,
      0,
      0,
      1,
      1
    ],
    [
      1,
      0,
      1,
      1,
      0
    ],
    [
      0,
      1,
      1,
      1,
      0
    ],
    [
      1,
      0,
      1,
      1,
      1
    ],
    [
      1,
      0,
      1,
      1,
      1
    ],
    [
      0,
      1,
      1,
      1,
      1
    ],
    [
      1,
      1,
      0,
      1,
      1
    ],
    [
      1,
      1,
      0,
      1,
      1
    ],
    [
      0,
      1,
      1,
      0,
      1
    ],
    [
      0,
      0,
      1,
      1,
      1
    ],
    [
      1,
      1,
      1,
      0,
      1
    ],
    [
      0,
      1,
      0,
      1,
      1
    ],
    [
      1,
      1,
      1,
      1,
      1
    ],
    [
      1,
      0,
      0,
      1,
      1
    ],
    [
      0,
      1,
      1,
      0,
      0
    ],
    [
      0,
      1,
      0,
      1,
      1
    ],
    [
      0,
      1,
      1,
      1,
      1
    ],
    [
      0,
      1,
      1,
      0,
      0
    ],
    [
      0,
      0,
      1,
      1,
      1
    ],
    [
      1,
      0,
      1,
      1,
      1
    ],
    [
      1,
      0,
      1,
      1,
      1
    ],
    [
      0,
      1,
      0,
      1,
      1
    ],
    [
      0,
      1,
      1,
      0,
      1
    ],
    [
      1,
      0,
      1,
      0,
      0
    ],
    [
      1,
      0,
      0,
      0,
      1
    ],
    [
      1,
      1,
      0,
      1,
      0
    ],
    [
      0,
      1,
      0,
      1,
      1
    ],
    [
      0,
      1,
      0,
      1,
      1
    ],
    [
      1,
      0,
      0,
      0,
      1
    ],
    [
      1,
      0,
      1,
      1,
      1
    ],
    [
      1,
      0,
      1,
      1,
      1
    ],
    [
      0,
      0,
      0,
      0,
      0
    ],
    [
      0,
      1,
      1,
      0,
      1
    ],
    [
      1,
      0,
      1,
      1,
      0
    ],
    [
      1,
      0,
      1,
      1,
      1
    ],
    [
      1,
      1,
      1,
      1,
      1
    ]
  ],
  "assortments": [
    [
      0,
      0,
      0,
      0,
      0
    ],
    [
      0,
      0,
      0,
      0,
      1
    ],
    [
      0,
      0,
      0,
      1,
      0
    ],
    [
      0,
      0,
      0,
      1,
      1
    ],
    [
      0,
      0,
      1,
      0,
      0
    ],
    [
      0,
      0,
      1,
      0,
      1
    ],
    [
      0,
      0,
      1,
      1,
      0
    ],
    [
      0,
      0,
      1,
      1,
      1
    ],
    [
      0,
      1,
      0,
      0,
      0
    ],
    [
      0,
      1,
      0,
      0,
      1
    ],
    [
      0,
      1,
      0,
      1,
      0
    ],
    [
      0,
      1,
      0,
      1,
      1
    ],
    [
      0,
      1,
      1,
      0,
      0
    ],
    [
      0,
      1,
      1,
      0,
      1
    ],
    [
      0,
      1,
      1,
      1,
      0
    ],
    [
      0,
      1,
      1,
      1,
      1
    ],
    [
      1,
      0,
      0,
      0,
      0
    ],
    [
      1,
      0,
      0,
      0,
      1
    ],
    [
      1,
      0,
      0,
      1,
      0
    ],
    [
      1,
      0,
      0,
      1,
      1
    ],
    [
      1,
      0,
      1,
      0,
      0
    ],
    [
      1,
      0,
      1,
      0,
      1
    ],
    [
      1,
      0,
      1,
      1,
      0
    ],
    [
      1,
      0,
      1,
      1,
      1
    ],
    [
      1,
      1,
      0,
      0,
      0
    ],
    [
      1,
      1,
      0,
      0,
      1
    ],
    [
      1,
      1,
      0,
      1,
      0
    ],
    [
      1,
      1,
      0,
      1,
      1
    ],
    [
      1,
      1,
      1,
      0,
      0
    ],
    [
      1,
      1,
      1,
      0,
      1
    ],
    [
      1,
      1,
      1,
      1,
      0
    ],
    [
      1,
      1,
      1,
      1,
      1
    ]
  ]
}