{
  "solver_status": 2,
  "feasible": true,
  "runtime": 0.7232968807220459,
  "wall_time": 0.7240707874298096,
  "mip_gap": 0.0025239787364378942,
  "objective": 22.37666262797249,
  "size_prices": {
    "3": 26.058713289514504,
    "4": 32.95710343361394,
    "6": 45.10688572219852,
    "7": 48.788725279803515
  }
}