{
  "solver_status": 2,
  "feasible": true,
  "mb_formulation_version": 4,
  "runtime": 120.31876802444458,
  "wall_time": 120.32059907913208,
  "mip_gap": 0.009843768164631186,
  "objective": 1.687486642735429,
  "bundle_space_size": 32,
  "policy_scope": "full_bundle_prices",
  "bundle_prices": {
    "0": 0.0,
    "1": 10.37196352306412,
    "2": 8.28593916155288,
    "3": 18.23517724064725,
    "9": 13.623849715411602,
    "10": 11.457496481759518,
    "14": 17.20529047916645,
    "19": 19.398363106157202,
    "23": 24.627233574147212,
    "24": 5.064377367596787,
    "27": 22.7356092757041,
    "28": 10.489199326669961,
    "29": 20.4021572875277,
    "30": 18.086067760920216,
    "31": 27.95976816941808
  },
  "bundle_prices_full": {
    "0": 0.0,
    "1": 10.37196352306412,
    "2": 8.28593916155288,
    "3": 18.23517724064725,
    "4": 29.832422548234256,
    "5": 29.832422548234256,
    "6": 29.832422548234256,
    "7": 29.832422548234256,
    "8": 29.832422548234256,
    "9": 13.623849715411602,
    "10": 11.457496481759518,
    "11": 21.829460004823638,
    "12": 29.832422548234256,
    "13": 29.832422548234256,
    "14": 17.20529047916645,
    "15": 27.577254002230568,
    "16": 29.832422548234256,
    "17": 29.832422548234256,
    "18": 29.832422548234256,
    "19": 19.398363106157202,
    "20": 29.832422548234256,
    "21": 29.832422548234256,
    "22": 29.832422548234256,
    "23": 24.627233574147212,
    "24": 5.064377367596787,
    "25": 15.436340890660906,
    "26": 13.350316529149667,
    "27": 22.7356092757041,
    "28": 10.489199326669961,
    "29": 20.4021572875277,
    "30": 18.086067760920216,
    "31": 27.95976816941808
  },
  "bundle_prices_selected": {
    "0": 0.0,
    "1": 10.37196352306412,
    "2": 8.28593916155288,
    "3": 18.23517724064725,
    "9": 13.623849715411602,
    "10": 11.457496481759518,
    "14": 17.20529047916645,
    "19": 19.398363106157202,
    "23": 24.627233574147212,
    "24": 5.064377367596787,
    "27": 22.7356092757041,
    "28": 10.489199326669961,
    "29": 20.4021572875277,
    "30": 18.086067760920216,
    "31": 27.95976816941808
  },
  "chosen_bundle_idx_by_customer": [
    30,
    31,
    29,
    27,
    23,
    14,
    10,
    0,
    0,
    31,
    23,
    0,
    31,
    23,
    0,
    9,
    31,
    23,
    31,
    23,
    0,
    1,
    23,
    3,
    31,
    9,
    23,
    1,
    0,
    3,
    23,
    23,
    31,
    24,
    23,
    23,
    27,
    23,
    2,
    28,
    23,
    23,
    31,
    29,
    31,
    10,
    24,
    19,
    3,
    9
  ],
  "chosen_product_matrix": [
    [
      1,
      1,
      1,
      1,
      0
    ],
    [
      1,
      1,
      1,
      1,
      1
    ],
    [
      1,
      1,
      1,
      0,
      1
    ],
    [
      1,
      1,
      0,
      1,
      1
    ],
    [
      1,
      0,
      1,
      1,
      1
    ],
    [
      0,
      1,
      1,
      1,
      0
    ],
    [
      0,
      1,
      0,
      1,
      0
    ],
    [
      0,
      0,
      0,
      0,
      0
    ],
    [
      0,
      0,
      0,
      0,
      0
    ],
    [
      1,
      1,
      1,
      1,
      1
    ],
    [
      1,
      0,
      1,
      1,
      1
    ],
    [
      0,
      0,
      0,
      0,
      0
    ],
    [
      1,
      1,
      1,
      1,
      1
    ],
    [
      1,
      0,
      1,
      1,
      1
    ],
    [
      0,
      0,
      0,
      0,
      0
    ],
    [
      0,
      1,
      0,
      0,
      1
    ],
    [
      1,
      1,
      1,
      1,
      1
    ],
    [
      1,
      0,
      1,
      1,
      1
    ],
    [
      1,
      1,
      1,
      1,
      1
    ],
    [
      1,
      0,
      1,
      1,
      1
    ],
    [
      0,
      0,
      0,
      0,
      0
    ],
    [
      0,
      0,
      0,
      0,
      1
    ],
    [
      1,
      0,
      1,
      1,
      1
    ],
    [
      0,
      0,
      0,
      1,
      1
    ],
    [
      1,
      1,
      1,
      1,
      1
    ],
    [
      0,
      1,
      0,
      0,
      1
    ],
    [
      1,
      0,
      1,
      1,
      1
    ],
    [
      0,
      0,
      0,
      0,
      1
    ],
    [
      0,
      0,
      0,
      0,
      0
    ],
    [
      0,
      0,
      0,
      1,
      1
    ],
    [
      1,
      0,
      1,
      1,
      1
    ],
    [
      1,
      0,
      1,
      1,
      1
    ],
    [
      1,
      1,
      1,
      1,
      1
    ],
    [
      1,
      1,
      0,
      0,
      0
    ],
    [
      1,
      0,
      1,
      1,
      1
    ],
    [
      1,
      0,
      1,
      1,
      1
    ],
    [
      1,
      1,
      0,
      1,
      1
    ],
    [
      1,
      0,
      1,
      1,
      1
    ],
    [
      0,
      0,
      0,
      1,
      0
    ],
    [
      1,
      1,
      1,
      0,
      0
    ],
    [
      1,
      0,
      1,
      1,
      1
    ],
    [
      1,
      0,
      1,
      1,
      1
    ],
    [
      1,
      1,
      1,
      1,
      1
    ],
    [
      1,
      1,
      1,
      0,
      1
    ],
    [
      1,
      1,
      1,
      1,
      1
    ],
    [
      0,
      1,
      0,
      1,
      0
    ],
    [
      1,
      1,
      0,
      0,
      0
    ],
    [
      1,
      0,
      0,
      1,
      1
    ],
    [
      0,
      0,
      0,
      1,
      1
    ],
    [
      0,
      1,
      0,
      0,
      1
    ]
  ],
  "assortments": [
    [
      0,
      0,
      0,
      0,
      0
    ],
    [
      0,
      0,
      0,
      0,
      1
    ],
    [
      0,
      0,
      0,
      1,
      0
    ],
    [
      0,
      0,
      0,
      1,
      1
    ],
    [
      0,
      0,
      1,
      0,
      0
    ],
    [
      0,
      0,
      1,
      0,
      1
    ],
    [
      0,
      0,
      1,
      1,
      0
    ],
    [
      0,
      0,
      1,
      1,
      1
    ],
    [
      0,
      1,
      0,
      0,
      0
    ],
    [
      0,
      1,
      0,
      0,
      1
    ],
    [
      0,
      1,
      0,
      1,
      0
    ],
    [
      0,
      1,
      0,
      1,
      1
    ],
    [
      0,
      1,
      1,
      0,
      0
    ],
    [
      0,
      1,
      1,
      0,
      1
    ],
    [
      0,
      1,
      1,
      1,
      0
    ],
    [
      0,
      1,
      1,
      1,
      1
    ],
    [
      1,
      0,
      0,
      0,
      0
    ],
    [
      1,
      0,
      0,
      0,
      1
    ],
    [
      1,
      0,
      0,
      1,
      0
    ],
    [
      1,
      0,
      0,
      1,
      1
    ],
    [
      1,
      0,
      1,
      0,
      0
    ],
    [
      1,
      0,
      1,
      0,
      1
    ],
    [
      1,
      0,
      1,
      1,
      0
    ],
    [
      1,
      0,
      1,
      1,
      1
    ],
    [
      1,
      1,
      0,
      0,
      0
    ],
    [
      1,
      1,
      0,
      0,
      1
    ],
    [
      1,
      1,
      0,
      1,
      0
    ],
    [
      1,
      1,
      0,
      1,
      1
    ],
    [
      1,
      1,
      1,
      0,
      0
    ],
    [
      1,
      1,
      1,
      0,
      1
    ],
    [
      1,
      1,
      1,
      1,
      0
    ],
    [
      1,
      1,
      1,
      1,
      1
    ]
  ]
}