{
  "solver_status": 2,
  "feasible": true,
  "mb_formulation_version": 5,
  "runtime": 136.82851696014404,
  "wall_time": 136.83029294013977,
  "mip_gap": 0.009995843155472573,
  "objective": 1.637753981058784,
  "bundle_space_size": 32,
  "policy_scope": "full_bundle_prices",
  "bundle_prices": {
    "0": 0.0,
    "4": 5.882125771660958,
    "9": 14.6070063584902,
    "10": 11.62506488052907,
    "11": 21.546697230330523,
    "14": 16.72124648230546,
    "15": 27.00667479994202,
    "19": 19.592283977224604,
    "20": 6.831812474302634,
    "21": 17.42813475121466,
    "22": 15.222320853061019,
    "23": 25.020039770721965,
    "27": 22.465102526293343,
    "29": 20.745772779217642,
    "30": 17.778596330326927,
    "31": 27.981361287553476
  },
  "bundle_prices_full": {
    "0": 0.0,
    "1": 29.737420184853796,
    "2": 29.737420184853796,
    "3": 29.737420184853796,
    "4": 5.882125771660958,
    "5": 29.737420184853796,
    "6": 29.737420184853796,
    "7": 29.737420184853796,
    "8": 29.737420184853796,
    "9": 14.6070063584902,
    "10": 11.62506488052907,
    "11": 21.546697230330523,
    "12": 29.737420184853796,
    "13": 20.489132130151155,
    "14": 16.72124648230546,
    "15": 27.00667479994202,
    "16": 29.737420184853796,
    "17": 29.737420184853796,
    "18": 29.737420184853796,
    "19": 19.592283977224604,
    "20": 6.831812474302634,
    "21": 17.42813475121466,
    "22": 15.222320853061019,
    "23": 25.020039770721965,
    "24": 29.737420184853796,
    "25": 29.737420184853796,
    "26": 29.737420184853796,
    "27": 22.465102526293343,
    "28": 29.737420184853796,
    "29": 20.745772779217642,
    "30": 17.778596330326927,
    "31": 27.981361287553476
  },
  "bundle_prices_selected": {
    "0": 0.0,
    "4": 5.882125771660958,
    "9": 14.6070063584902,
    "10": 11.62506488052907,
    "11": 21.546697230330523,
    "14": 16.72124648230546,
    "15": 27.00667479994202,
    "19": 19.592283977224604,
    "20": 6.831812474302634,
    "21": 17.42813475121466,
    "22": 15.222320853061019,
    "23": 25.020039770721965,
    "27": 22.465102526293343,
    "29": 20.745772779217642,
    "30": 17.778596330326927,
    "31": 27.981361287553476
  },
  "chosen_bundle_idx_by_customer": [
    15,
    23,
    20,
    0,
    31,
    0,
    23,
    14,
    29,
    27,
    14,
    27,
    21,
    0,
    15,
    15,
    27,
    30,
    4,
    27,
    19,
    27,
    10,
    27,
    20,
    23,
    29,
    23,
    14,
    27,
    15,
    20,
    11,
    0,
    0,
    14,
    30,
    21,
    22,
    0,
    0,
    0,
    27,
    9,
    31,
    0,
    31,
    31,
    19,
    31
  ],
  "chosen_product_matrix": [
    [
      0,
      1,
      1,
      1,
      1
    ],
    [
      1,
      0,
      1,
      1,
      1
    ],
    [
      1,
      0,
      1,
      0,
      0
    ],
    [
      0,
      0,
      0,
      0,
      0
    ],
    [
      1,
      1,
      1,
      1,
      1
    ],
    [
      0,
      0,
      0,
      0,
      0
    ],
    [
      1,
      0,
      1,
      1,
      1
    ],
    [
      0,
      1,
      1,
      1,
      0
    ],
    [
      1,
      1,
      1,
      0,
      1
    ],
    [
      1,
      1,
      0,
      1,
      1
    ],
    [
      0,
      1,
      1,
      1,
      0
    ],
    [
      1,
      1,
      0,
      1,
      1
    ],
    [
      1,
      0,
      1,
      0,
      1
    ],
    [
      0,
      0,
      0,
      0,
      0
    ],
    [
      0,
      1,
      1,
      1,
      1
    ],
    [
      0,
      1,
      1,
      1,
      1
    ],
    [
      1,
      1,
      0,
      1,
      1
    ],
    [
      1,
      1,
      1,
      1,
      0
    ],
    [
      0,
      0,
      1,
      0,
      0
    ],
    [
      1,
      1,
      0,
      1,
      1
    ],
    [
      1,
      0,
      0,
      1,
      1
    ],
    [
      1,
      1,
      0,
      1,
      1
    ],
    [
      0,
      1,
      0,
      1,
      0
    ],
    [
      1,
      1,
      0,
      1,
      1
    ],
    [
      1,
      0,
      1,
      0,
      0
    ],
    [
      1,
      0,
      1,
      1,
      1
    ],
    [
      1,
      1,
      1,
      0,
      1
    ],
    [
      1,
      0,
      1,
      1,
      1
    ],
    [
      0,
      1,
      1,
      1,
      0
    ],
    [
      1,
      1,
      0,
      1,
      1
    ],
    [
      0,
      1,
      1,
      1,
      1
    ],
    [
      1,
      0,
      1,
      0,
      0
    ],
    [
      0,
      1,
      0,
      1,
      1
    ],
    [
      0,
      0,
      0,
      0,
      0
    ],
    [
      0,
      0,
      0,
      0,
      0
    ],
    [
      0,
      1,
      1,
      1,
      0
    ],
    [
      1,
      1,
      1,
      1,
      0
    ],
    [
      1,
      0,
      1,
      0,
      1
    ],
    [
      1,
      0,
      1,
      1,
      0
    ],
    [
      0,
      0,
      0,
      0,
      0
    ],
    [
      0,
      0,
      0,
      0,
      0
    ],
    [
      0,
      0,
      0,
      0,
      0
    ],
    [
      1,
      1,
      0,
      1,
      1
    ],
    [
      0,
      1,
      0,
      0,
      1
    ],
    [
      1,
      1,
      1,
      1,
      1
    ],
    [
      0,
      0,
      0,
      0,
      0
    ],
    [
      1,
      1,
      1,
      1,
      1
    ],
    [
      1,
      1,
      1,
      1,
      1
    ],
    [
      1,
      0,
      0,
      1,
      1
    ],
    [
      1,
      1,
      1,
      1,
      1
    ]
  ],
  "assortments": [
    [
      0,
      0,
      0,
      0,
      0
    ],
    [
      0,
      0,
      0,
      0,
      1
    ],
    [
      0,
      0,
      0,
      1,
      0
    ],
    [
      0,
      0,
      0,
      1,
      1
    ],
    [
      0,
      0,
      1,
      0,
      0
    ],
    [
      0,
      0,
      1,
      0,
      1
    ],
    [
      0,
      0,
      1,
      1,
      0
    ],
    [
      0,
      0,
      1,
      1,
      1
    ],
    [
      0,
      1,
      0,
      0,
      0
    ],
    [
      0,
      1,
      0,
      0,
      1
    ],
    [
      0,
      1,
      0,
      1,
      0
    ],
    [
      0,
      1,
      0,
      1,
      1
    ],
    [
      0,
      1,
      1,
      0,
      0
    ],
    [
      0,
      1,
      1,
      0,
      1
    ],
    [
      0,
      1,
      1,
      1,
      0
    ],
    [
      0,
      1,
      1,
      1,
      1
    ],
    [
      1,
      0,
      0,
      0,
      0
    ],
    [
      1,
      0,
      0,
      0,
      1
    ],
    [
      1,
      0,
      0,
      1,
      0
    ],
    [
      1,
      0,
      0,
      1,
      1
    ],
    [
      1,
      0,
      1,
      0,
      0
    ],
    [
      1,
      0,
      1,
      0,
      1
    ],
    [
      1,
      0,
      1,
      1,
      0
    ],
    [
      1,
      0,
      1,
      1,
      1
    ],
    [
      1,
      1,
      0,
      0,
      0
    ],
    [
      1,
      1,
      0,
      0,
      1
    ],
    [
      1,
      1,
      0,
      1,
      0
    ],
    [
      1,
      1,
      0,
      1,
      1
    ],
    [
      1,
      1,
      1,
      0,
      0
    ],
    [
      1,
      1,
      1,
      0,
      1
    ],
    [
      1,
      1,
      1,
      1,
      0
    ],
    [
      1,
      1,
      1,
      1,
      1
    ]
  ]
}