{
  "solver_status": 2,
  "feasible": true,
  "mb_formulation_version": 5,
  "runtime": 71.36158895492554,
  "wall_time": 71.36338901519775,
  "mip_gap": 0.009359797699975579,
  "objective": 1.7199820203406229,
  "bundle_space_size": 32,
  "policy_scope": "full_bundle_prices",
  "bundle_prices": {
    "0": 0.0,
    "5": 15.871854608015125,
    "7": 23.9132867590396,
    "8": 3.8677412182195345,
    "11": 21.49051297038431,
    "13": 19.310267667341428,
    "14": 17.3512229005846,
    "15": 26.989038195926703,
    "16": 1.5054764537075784,
    "23": 24.875755691405356,
    "25": 14.933444868898993,
    "27": 22.536520685456406,
    "29": 20.199773441727295,
    "30": 18.226778684053848,
    "31": 27.9294452486772
  },
  "bundle_prices_full": {
    "0": 0.0,
    "1": 15.656177182540269,
    "2": 12.27470570388742,
    "3": 19.10486281749777,
    "4": 5.8827346898781565,
    "5": 15.871854608015125,
    "6": 18.157440393765576,
    "7": 23.9132867590396,
    "8": 3.8677412182195345,
    "9": 13.859974627685432,
    "10": 15.953418950459945,
    "11": 21.49051297038431,
    "12": 9.341114853317404,
    "13": 19.310267667341428,
    "14": 17.3512229005846,
    "15": 26.989038195926703,
    "16": 1.5054764537075784,
    "17": 12.054996810336863,
    "18": 9.617998800440885,
    "19": 19.636551991969828,
    "20": 7.388211143585735,
    "21": 17.2699155343737,
    "22": 15.500733490319043,
    "23": 24.875755691405356,
    "24": 5.373217671927113,
    "25": 14.933444868898993,
    "26": 12.859716147841931,
    "27": 22.536520685456406,
    "28": 10.48128103936832,
    "29": 20.199773441727295,
    "30": 18.226778684053848,
    "31": 27.9294452486772
  },
  "bundle_prices_selected": {
    "0": 0.0,
    "5": 15.871854608015125,
    "7": 23.9132867590396,
    "8": 3.8677412182195345,
    "11": 21.49051297038431,
    "13": 19.310267667341428,
    "14": 17.3512229005846,
    "15": 26.989038195926703,
    "16": 1.5054764537075784,
    "23": 24.875755691405356,
    "25": 14.933444868898993,
    "27": 22.536520685456406,
    "29": 20.199773441727295,
    "30": 18.226778684053848,
    "31": 27.9294452486772
  },
  "chosen_bundle_idx_by_customer": [
    29,
    14,
    29,
    15,
    7,
    30,
    0,
    31,
    31,
    25,
    23,
    7,
    0,
    31,
    25,
    11,
    0,
    0,
    30,
    31,
    31,
    5,
    15,
    29,
    29,
    23,
    31,
    27,
    8,
    0,
    11,
    11,
    23,
    27,
    29,
    0,
    15,
    8,
    31,
    27,
    23,
    0,
    25,
    16,
    31,
    31,
    0,
    29,
    31,
    13
  ],
  "chosen_product_matrix": [
    [
      1,
      1,
      1,
      0,
      1
    ],
    [
      0,
      1,
      1,
      1,
      0
    ],
    [
      1,
      1,
      1,
      0,
      1
    ],
    [
      0,
      1,
      1,
      1,
      1
    ],
    [
      0,
      0,
      1,
      1,
      1
    ],
    [
      1,
      1,
      1,
      1,
      0
    ],
    [
      0,
      0,
      0,
      0,
      0
    ],
    [
      1,
      1,
      1,
      1,
      1
    ],
    [
      1,
      1,
      1,
      1,
      1
    ],
    [
      1,
      1,
      0,
      0,
      1
    ],
    [
      1,
      0,
      1,
      1,
      1
    ],
    [
      0,
      0,
      1,
      1,
      1
    ],
    [
      0,
      0,
      0,
      0,
      0
    ],
    [
      1,
      1,
      1,
      1,
      1
    ],
    [
      1,
      1,
      0,
      0,
      1
    ],
    [
      0,
      1,
      0,
      1,
      1
    ],
    [
      0,
      0,
      0,
      0,
      0
    ],
    [
      0,
      0,
      0,
      0,
      0
    ],
    [
      1,
      1,
      1,
      1,
      0
    ],
    [
      1,
      1,
      1,
      1,
      1
    ],
    [
      1,
      1,
      1,
      1,
      1
    ],
    [
      0,
      0,
      1,
      0,
      1
    ],
    [
      0,
      1,
      1,
      1,
      1
    ],
    [
      1,
      1,
      1,
      0,
      1
    ],
    [
      1,
      1,
      1,
      0,
      1
    ],
    [
      1,
      0,
      1,
      1,
      1
    ],
    [
      1,
      1,
      1,
      1,
      1
    ],
    [
      1,
      1,
      0,
      1,
      1
    ],
    [
      0,
      1,
      0,
      0,
      0
    ],
    [
      0,
      0,
      0,
      0,
      0
    ],
    [
      0,
      1,
      0,
      1,
      1
    ],
    [
      0,
      1,
      0,
      1,
      1
    ],
    [
      1,
      0,
      1,
      1,
      1
    ],
    [
      1,
      1,
      0,
      1,
      1
    ],
    [
      1,
      1,
      1,
      0,
      1
    ],
    [
      0,
      0,
      0,
      0,
      0
    ],
    [
      0,
      1,
      1,
      1,
      1
    ],
    [
      0,
      1,
      0,
      0,
      0
    ],
    [
      1,
      1,
      1,
      1,
      1
    ],
    [
      1,
      1,
      0,
      1,
      1
    ],
    [
      1,
      0,
      1,
      1,
      1
    ],
    [
      0,
      0,
      0,
      0,
      0
    ],
    [
      1,
      1,
      0,
      0,
      1
    ],
    [
      1,
      0,
      0,
      0,
      0
    ],
    [
      1,
      1,
      1,
      1,
      1
    ],
    [
      1,
      1,
      1,
      1,
      1
    ],
    [
      0,
      0,
      0,
      0,
      0
    ],
    [
      1,
      1,
      1,
      0,
      1
    ],
    [
      1,
      1,
      1,
      1,
      1
    ],
    [
      0,
      1,
      1,
      0,
      1
    ]
  ],
  "assortments": [
    [
      0,
      0,
      0,
      0,
      0
    ],
    [
      0,
      0,
      0,
      0,
      1
    ],
    [
      0,
      0,
      0,
      1,
      0
    ],
    [
      0,
      0,
      0,
      1,
      1
    ],
    [
      0,
      0,
      1,
      0,
      0
    ],
    [
      0,
      0,
      1,
      0,
      1
    ],
    [
      0,
      0,
      1,
      1,
      0
    ],
    [
      0,
      0,
      1,
      1,
      1
    ],
    [
      0,
      1,
      0,
      0,
      0
    ],
    [
      0,
      1,
      0,
      0,
      1
    ],
    [
      0,
      1,
      0,
      1,
      0
    ],
    [
      0,
      1,
      0,
      1,
      1
    ],
    [
      0,
      1,
      1,
      0,
      0
    ],
    [
      0,
      1,
      1,
      0,
      1
    ],
    [
      0,
      1,
      1,
      1,
      0
    ],
    [
      0,
      1,
      1,
      1,
      1
    ],
    [
      1,
      0,
      0,
      0,
      0
    ],
    [
      1,
      0,
      0,
      0,
      1
    ],
    [
      1,
      0,
      0,
      1,
      0
    ],
    [
      1,
      0,
      0,
      1,
      1
    ],
    [
      1,
      0,
      1,
      0,
      0
    ],
    [
      1,
      0,
      1,
      0,
      1
    ],
    [
      1,
      0,
      1,
      1,
      0
    ],
    [
      1,
      0,
      1,
      1,
      1
    ],
    [
      1,
      1,
      0,
      0,
      0
    ],
    [
      1,
      1,
      0,
      0,
      1
    ],
    [
      1,
      1,
      0,
      1,
      0
    ],
    [
      1,
      1,
      0,
      1,
      1
    ],
    [
      1,
      1,
      1,
      0,
      0
    ],
    [
      1,
      1,
      1,
      0,
      1
    ],
    [
      1,
      1,
      1,
      1,
      0
    ],
    [
      1,
      1,
      1,
      1,
      1
    ]
  ]
}