{
  "solver_status": 2,
  "feasible": true,
  "mb_formulation_version": 5,
  "runtime": 104.51273918151855,
  "wall_time": 104.51451110839844,
  "mip_gap": 0.00985686918711954,
  "objective": 1.658744818200128,
  "bundle_space_size": 32,
  "policy_scope": "full_bundle_prices",
  "bundle_prices": {
    "0": 0.0,
    "3": 18.225911254115417,
    "5": 16.070137937217577,
    "11": 21.67804304128166,
    "12": 10.259755268351165,
    "14": 17.531214612570793,
    "15": 27.07906064656658,
    "19": 19.153177401063132,
    "22": 14.650547584529981,
    "23": 24.626392616275904,
    "25": 15.103147583682766,
    "26": 12.576602873378992,
    "27": 22.350780155924888,
    "28": 10.572859160408244,
    "31": 27.906858166855358
  },
  "bundle_prices_full": {
    "0": 0.0,
    "1": 29.91462429021439,
    "2": 29.91462429021439,
    "3": 18.225911254115417,
    "4": 29.91462429021439,
    "5": 16.070137937217577,
    "6": 29.91462429021439,
    "7": 29.91462429021439,
    "8": 29.91462429021439,
    "9": 29.91462429021439,
    "10": 29.91462429021439,
    "11": 21.67804304128166,
    "12": 10.259755268351165,
    "13": 29.91462429021439,
    "14": 17.531214612570793,
    "15": 27.07906064656658,
    "16": 29.91462429021439,
    "17": 29.91462429021439,
    "18": 29.91462429021439,
    "19": 19.153177401063132,
    "20": 29.91462429021439,
    "21": 29.91462429021439,
    "22": 14.650547584529981,
    "23": 24.626392616275904,
    "24": 29.91462429021439,
    "25": 15.103147583682766,
    "26": 12.576602873378992,
    "27": 22.350780155924888,
    "28": 10.572859160408244,
    "29": 29.91462429021439,
    "30": 29.91462429021439,
    "31": 27.906858166855358
  },
  "bundle_prices_selected": {
    "0": 0.0,
    "3": 18.225911254115417,
    "5": 16.070137937217577,
    "11": 21.67804304128166,
    "12": 10.259755268351165,
    "14": 17.531214612570793,
    "15": 27.07906064656658,
    "19": 19.153177401063132,
    "22": 14.650547584529981,
    "23": 24.626392616275904,
    "25": 15.103147583682766,
    "26": 12.576602873378992,
    "27": 22.350780155924888,
    "28": 10.572859160408244,
    "31": 27.906858166855358
  },
  "chosen_bundle_idx_by_customer": [
    19,
    15,
    22,
    25,
    0,
    0,
    12,
    23,
    23,
    31,
    14,
    15,
    27,
    0,
    15,
    19,
    27,
    19,
    5,
    31,
    19,
    22,
    0,
    31,
    19,
    23,
    15,
    19,
    31,
    3,
    28,
    0,
    27,
    11,
    27,
    31,
    15,
    26,
    27,
    27,
    27,
    0,
    19,
    23,
    19,
    23,
    19,
    28,
    0,
    0
  ],
  "chosen_product_matrix": [
    [
      1,
      0,
      0,
      1,
      1
    ],
    [
      0,
      1,
      1,
      1,
      1
    ],
    [
      1,
      0,
      1,
      1,
      0
    ],
    [
      1,
      1,
      0,
      0,
      1
    ],
    [
      0,
      0,
      0,
      0,
      0
    ],
    [
      0,
      0,
      0,
      0,
      0
    ],
    [
      0,
      1,
      1,
      0,
      0
    ],
    [
      1,
      0,
      1,
      1,
      1
    ],
    [
      1,
      0,
      1,
      1,
      1
    ],
    [
      1,
      1,
      1,
      1,
      1
    ],
    [
      0,
      1,
      1,
      1,
      0
    ],
    [
      0,
      1,
      1,
      1,
      1
    ],
    [
      1,
      1,
      0,
      1,
      1
    ],
    [
      0,
      0,
      0,
      0,
      0
    ],
    [
      0,
      1,
      1,
      1,
      1
    ],
    [
      1,
      0,
      0,
      1,
      1
    ],
    [
      1,
      1,
      0,
      1,
      1
    ],
    [
      1,
      0,
      0,
      1,
      1
    ],
    [
      0,
      0,
      1,
      0,
      1
    ],
    [
      1,
      1,
      1,
      1,
      1
    ],
    [
      1,
      0,
      0,
      1,
      1
    ],
    [
      1,
      0,
      1,
      1,
      0
    ],
    [
      0,
      0,
      0,
      0,
      0
    ],
    [
      1,
      1,
      1,
      1,
      1
    ],
    [
      1,
      0,
      0,
      1,
      1
    ],
    [
      1,
      0,
      1,
      1,
      1
    ],
    [
      0,
      1,
      1,
      1,
      1
    ],
    [
      1,
      0,
      0,
      1,
      1
    ],
    [
      1,
      1,
      1,
      1,
      1
    ],
    [
      0,
      0,
      0,
      1,
      1
    ],
    [
      1,
      1,
      1,
      0,
      0
    ],
    [
      0,
      0,
      0,
      0,
      0
    ],
    [
      1,
      1,
      0,
      1,
      1
    ],
    [
      0,
      1,
      0,
      1,
      1
    ],
    [
      1,
      1,
      0,
      1,
      1
    ],
    [
      1,
      1,
      1,
      1,
      1
    ],
    [
      0,
      1,
      1,
      1,
      1
    ],
    [
      1,
      1,
      0,
      1,
      0
    ],
    [
      1,
      1,
      0,
      1,
      1
    ],
    [
      1,
      1,
      0,
      1,
      1
    ],
    [
      1,
      1,
      0,
      1,
      1
    ],
    [
      0,
      0,
      0,
      0,
      0
    ],
    [
      1,
      0,
      0,
      1,
      1
    ],
    [
      1,
      0,
      1,
      1,
      1
    ],
    [
      1,
      0,
      0,
      1,
      1
    ],
    [
      1,
      0,
      1,
      1,
      1
    ],
    [
      1,
      0,
      0,
      1,
      1
    ],
    [
      1,
      1,
      1,
      0,
      0
    ],
    [
      0,
      0,
      0,
      0,
      0
    ],
    [
      0,
      0,
      0,
      0,
      0
    ]
  ],
  "assortments": [
    [
      0,
      0,
      0,
      0,
      0
    ],
    [
      0,
      0,
      0,
      0,
      1
    ],
    [
      0,
      0,
      0,
      1,
      0
    ],
    [
      0,
      0,
      0,
      1,
      1
    ],
    [
      0,
      0,
      1,
      0,
      0
    ],
    [
      0,
      0,
      1,
      0,
      1
    ],
    [
      0,
      0,
      1,
      1,
      0
    ],
    [
      0,
      0,
      1,
      1,
      1
    ],
    [
      0,
      1,
      0,
      0,
      0
    ],
    [
      0,
      1,
      0,
      0,
      1
    ],
    [
      0,
      1,
      0,
      1,
      0
    ],
    [
      0,
      1,
      0,
      1,
      1
    ],
    [
      0,
      1,
      1,
      0,
      0
    ],
    [
      0,
      1,
      1,
      0,
      1
    ],
    [
      0,
      1,
      1,
      1,
      0
    ],
    [
      0,
      1,
      1,
      1,
      1
    ],
    [
      1,
      0,
      0,
      0,
      0
    ],
    [
      1,
      0,
      0,
      0,
      1
    ],
    [
      1,
      0,
      0,
      1,
      0
    ],
    [
      1,
      0,
      0,
      1,
      1
    ],
    [
      1,
      0,
      1,
      0,
      0
    ],
    [
      1,
      0,
      1,
      0,
      1
    ],
    [
      1,
      0,
      1,
      1,
      0
    ],
    [
      1,
      0,
      1,
      1,
      1
    ],
    [
      1,
      1,
      0,
      0,
      0
    ],
    [
      1,
      1,
      0,
      0,
      1
    ],
    [
      1,
      1,
      0,
      1,
      0
    ],
    [
      1,
      1,
      0,
      1,
      1
    ],
    [
      1,
      1,
      1,
      0,
      0
    ],
    [
      1,
      1,
      1,
      0,
      1
    ],
    [
      1,
      1,
      1,
      1,
      0
    ],
    [
      1,
      1,
      1,
      1,
      1
    ]
  ]
}