{
  "solver_status": 9,
  "feasible": true,
  "mb_formulation_version": 5,
  "runtime": 300.00862288475037,
  "wall_time": 300.01038789749146,
  "mip_gap": 0.03306351672113052,
  "objective": 1.653384402694477,
  "bundle_space_size": 32,
  "policy_scope": "full_bundle_prices",
  "bundle_prices": {
    "0": 0.0,
    "2": 8.301250008817394,
    "3": 18.432487815176984,
    "4": 5.906222080921742,
    "5": 15.892028546040912,
    "6": 13.779152312484603,
    "7": 23.820847989011785,
    "10": 11.535813349716003,
    "11": 22.057539027882175,
    "13": 19.735977436340992,
    "14": 17.066332601504268,
    "15": 27.191077969272413,
    "18": 9.597261409607182,
    "19": 20.036025195154593,
    "24": 5.179103986751582,
    "27": 23.275177194349812,
    "28": 11.085326067673869,
    "30": 18.497322982222673,
    "31": 28.30185728834121
  },
  "bundle_prices_full": {
    "0": 0.0,
    "1": 27.14809931662629,
    "2": 8.301250008817394,
    "3": 18.432487815176984,
    "4": 5.906222080921742,
    "5": 15.892028546040912,
    "6": 13.779152312484603,
    "7": 23.820847989011785,
    "8": 24.980901040114436,
    "9": 29.37174432813409,
    "10": 11.535813349716003,
    "11": 22.057539027882175,
    "12": 29.983277682295753,
    "13": 19.735977436340992,
    "14": 17.066332601504268,
    "15": 27.191077969272413,
    "16": 23.8031582643231,
    "17": 12.09116107260129,
    "18": 9.597261409607182,
    "19": 20.036025195154593,
    "20": 7.415416138030215,
    "21": 17.34596265744724,
    "22": 15.410659848609233,
    "23": 25.31381556131379,
    "24": 5.179103986751582,
    "25": 29.98327768229574,
    "26": 13.049067329020772,
    "27": 23.275177194349812,
    "28": 11.085326067673869,
    "29": 20.961641633833583,
    "30": 18.497322982222673,
    "31": 28.30185728834121
  },
  "bundle_prices_selected": {
    "0": 0.0,
    "2": 8.301250008817394,
    "3": 18.432487815176984,
    "4": 5.906222080921742,
    "5": 15.892028546040912,
    "6": 13.779152312484603,
    "7": 23.820847989011785,
    "10": 11.535813349716003,
    "11": 22.057539027882175,
    "13": 19.735977436340992,
    "14": 17.066332601504268,
    "15": 27.191077969272413,
    "18": 9.597261409607182,
    "19": 20.036025195154593,
    "24": 5.179103986751582,
    "27": 23.275177194349812,
    "28": 11.085326067673869,
    "30": 18.497322982222673,
    "31": 28.30185728834121
  },
  "chosen_bundle_idx_by_customer": [
    3,
    27,
    24,
    14,
    31,
    0,
    31,
    0,
    13,
    11,
    31,
    4,
    0,
    15,
    31,
    0,
    5,
    0,
    31,
    28,
    14,
    4,
    2,
    15,
    19,
    0,
    10,
    0,
    31,
    14,
    0,
    15,
    31,
    19,
    30,
    14,
    7,
    15,
    31,
    10,
    5,
    14,
    31,
    6,
    18,
    5,
    0,
    0,
    5,
    7
  ],
  "chosen_product_matrix": [
    [
      0,
      0,
      0,
      1,
      1
    ],
    [
      1,
      1,
      0,
      1,
      1
    ],
    [
      1,
      1,
      0,
      0,
      0
    ],
    [
      0,
      1,
      1,
      1,
      0
    ],
    [
      1,
      1,
      1,
      1,
      1
    ],
    [
      0,
      0,
      0,
      0,
      0
    ],
    [
      1,
      1,
      1,
      1,
      1
    ],
    [
      0,
      0,
      0,
      0,
      0
    ],
    [
      0,
      1,
      1,
      0,
      1
    ],
    [
      0,
      1,
      0,
      1,
      1
    ],
    [
      1,
      1,
      1,
      1,
      1
    ],
    [
      0,
      0,
      1,
      0,
      0
    ],
    [
      0,
      0,
      0,
      0,
      0
    ],
    [
      0,
      1,
      1,
      1,
      1
    ],
    [
      1,
      1,
      1,
      1,
      1
    ],
    [
      0,
      0,
      0,
      0,
      0
    ],
    [
      0,
      0,
      1,
      0,
      1
    ],
    [
      0,
      0,
      0,
      0,
      0
    ],
    [
      1,
      1,
      1,
      1,
      1
    ],
    [
      1,
      1,
      1,
      0,
      0
    ],
    [
      0,
      1,
      1,
      1,
      0
    ],
    [
      0,
      0,
      1,
      0,
      0
    ],
    [
      0,
      0,
      0,
      1,
      0
    ],
    [
      0,
      1,
      1,
      1,
      1
    ],
    [
      1,
      0,
      0,
      1,
      1
    ],
    [
      0,
      0,
      0,
      0,
      0
    ],
    [
      0,
      1,
      0,
      1,
      0
    ],
    [
      0,
      0,
      0,
      0,
      0
    ],
    [
      1,
      1,
      1,
      1,
      1
    ],
    [
      0,
      1,
      1,
      1,
      0
    ],
    [
      0,
      0,
      0,
      0,
      0
    ],
    [
      0,
      1,
      1,
      1,
      1
    ],
    [
      1,
      1,
      1,
      1,
      1
    ],
    [
      1,
      0,
      0,
      1,
      1
    ],
    [
      1,
      1,
      1,
      1,
      0
    ],
    [
      0,
      1,
      1,
      1,
      0
    ],
    [
      0,
      0,
      1,
      1,
      1
    ],
    [
      0,
      1,
      1,
      1,
      1
    ],
    [
      1,
      1,
      1,
      1,
      1
    ],
    [
      0,
      1,
      0,
      1,
      0
    ],
    [
      0,
      0,
      1,
      0,
      1
    ],
    [
      0,
      1,
      1,
      1,
      0
    ],
    [
      1,
      1,
      1,
      1,
      1
    ],
    [
      0,
      0,
      1,
      1,
      0
    ],
    [
      1,
      0,
      0,
      1,
      0
    ],
    [
      0,
      0,
      1,
      0,
      1
    ],
    [
      0,
      0,
      0,
      0,
      0
    ],
    [
      0,
      0,
      0,
      0,
      0
    ],
    [
      0,
      0,
      1,
      0,
      1
    ],
    [
      0,
      0,
      1,
      1,
      1
    ]
  ],
  "assortments": [
    [
      0,
      0,
      0,
      0,
      0
    ],
    [
      0,
      0,
      0,
      0,
      1
    ],
    [
      0,
      0,
      0,
      1,
      0
    ],
    [
      0,
      0,
      0,
      1,
      1
    ],
    [
      0,
      0,
      1,
      0,
      0
    ],
    [
      0,
      0,
      1,
      0,
      1
    ],
    [
      0,
      0,
      1,
      1,
      0
    ],
    [
      0,
      0,
      1,
      1,
      1
    ],
    [
      0,
      1,
      0,
      0,
      0
    ],
    [
      0,
      1,
      0,
      0,
      1
    ],
    [
      0,
      1,
      0,
      1,
      0
    ],
    [
      0,
      1,
      0,
      1,
      1
    ],
    [
      0,
      1,
      1,
      0,
      0
    ],
    [
      0,
      1,
      1,
      0,
      1
    ],
    [
      0,
      1,
      1,
      1,
      0
    ],
    [
      0,
      1,
      1,
      1,
      1
    ],
    [
      1,
      0,
      0,
      0,
      0
    ],
    [
      1,
      0,
      0,
      0,
      1
    ],
    [
      1,
      0,
      0,
      1,
      0
    ],
    [
      1,
      0,
      0,
      1,
      1
    ],
    [
      1,
      0,
      1,
      0,
      0
    ],
    [
      1,
      0,
      1,
      0,
      1
    ],
    [
      1,
      0,
      1,
      1,
      0
    ],
    [
      1,
      0,
      1,
      1,
      1
    ],
    [
      1,
      1,
      0,
      0,
      0
    ],
    [
      1,
      1,
      0,
      0,
      1
    ],
    [
      1,
      1,
      0,
      1,
      0
    ],
    [
      1,
      1,
      0,
      1,
      1
    ],
    [
      1,
      1,
      1,
      0,
      0
    ],
    [
      1,
      1,
      1,
      0,
      1
    ],
    [
      1,
      1,
      1,
      1,
      0
    ],
    [
      1,
      1,
      1,
      1,
      1
    ]
  ]
}