{
  "solver_status": 2,
  "feasible": true,
  "mb_formulation_version": 5,
  "runtime": 194.60835099220276,
  "wall_time": 194.61014604568481,
  "mip_gap": 0.009981306601508238,
  "objective": 1.6391389172256696,
  "bundle_space_size": 32,
  "policy_scope": "full_bundle_prices",
  "bundle_prices": {
    "0": 0.0,
    "2": 8.324684588111111,
    "4": 6.1630974429641245,
    "5": 16.719317596702957,
    "7": 24.32845540026296,
    "9": 13.838394111104208,
    "11": 21.56367247242189,
    "12": 9.378766328448078,
    "14": 17.505738449547483,
    "15": 27.08981225145056,
    "19": 19.700440489693143,
    "20": 7.100536163974847,
    "21": 17.2757403658998,
    "22": 14.973469624932767,
    "23": 25.05703007766286,
    "27": 22.602209422231542,
    "28": 10.386218683478884,
    "29": 20.39030728700022,
    "30": 18.274627293930422,
    "31": 28.093119401402962
  },
  "bundle_prices_full": {
    "0": 0.0,
    "1": 29.651107494469894,
    "2": 8.324684588111111,
    "3": 29.651107494469894,
    "4": 6.1630974429641245,
    "5": 16.719317596702957,
    "6": 14.487782031075236,
    "7": 24.32845540026296,
    "8": 29.651107494469894,
    "9": 13.838394111104208,
    "10": 29.651107494469894,
    "11": 21.56367247242189,
    "12": 9.378766328448078,
    "13": 20.00149155406833,
    "14": 17.505738449547483,
    "15": 27.08981225145056,
    "16": 29.651107494469894,
    "17": 29.651107494469894,
    "18": 29.651107494469894,
    "19": 19.700440489693143,
    "20": 7.100536163974847,
    "21": 17.2757403658998,
    "22": 14.973469624932767,
    "23": 25.05703007766286,
    "24": 29.651107494469894,
    "25": 29.651107494469894,
    "26": 29.651107494469894,
    "27": 22.602209422231542,
    "28": 10.386218683478884,
    "29": 20.39030728700022,
    "30": 18.274627293930422,
    "31": 28.093119401402962
  },
  "bundle_prices_selected": {
    "0": 0.0,
    "2": 8.324684588111111,
    "4": 6.1630974429641245,
    "5": 16.719317596702957,
    "7": 24.32845540026296,
    "9": 13.838394111104208,
    "11": 21.56367247242189,
    "12": 9.378766328448078,
    "14": 17.505738449547483,
    "15": 27.08981225145056,
    "19": 19.700440489693143,
    "20": 7.100536163974847,
    "21": 17.2757403658998,
    "22": 14.973469624932767,
    "23": 25.05703007766286,
    "27": 22.602209422231542,
    "28": 10.386218683478884,
    "29": 20.39030728700022,
    "30": 18.274627293930422,
    "31": 28.093119401402962
  },
  "chosen_bundle_idx_by_customer": [
    28,
    14,
    12,
    21,
    19,
    31,
    15,
    27,
    22,
    27,
    27,
    31,
    0,
    0,
    15,
    27,
    21,
    31,
    20,
    0,
    22,
    11,
    29,
    11,
    11,
    2,
    0,
    23,
    9,
    12,
    15,
    0,
    4,
    0,
    31,
    30,
    31,
    5,
    2,
    11,
    0,
    31,
    12,
    22,
    7,
    0,
    0,
    21,
    31,
    2
  ],
  "chosen_product_matrix": [
    [
      1,
      1,
      1,
      0,
      0
    ],
    [
      0,
      1,
      1,
      1,
      0
    ],
    [
      0,
      1,
      1,
      0,
      0
    ],
    [
      1,
      0,
      1,
      0,
      1
    ],
    [
      1,
      0,
      0,
      1,
      1
    ],
    [
      1,
      1,
      1,
      1,
      1
    ],
    [
      0,
      1,
      1,
      1,
      1
    ],
    [
      1,
      1,
      0,
      1,
      1
    ],
    [
      1,
      0,
      1,
      1,
      0
    ],
    [
      1,
      1,
      0,
      1,
      1
    ],
    [
      1,
      1,
      0,
      1,
      1
    ],
    [
      1,
      1,
      1,
      1,
      1
    ],
    [
      0,
      0,
      0,
      0,
      0
    ],
    [
      0,
      0,
      0,
      0,
      0
    ],
    [
      0,
      1,
      1,
      1,
      1
    ],
    [
      1,
      1,
      0,
      1,
      1
    ],
    [
      1,
      0,
      1,
      0,
      1
    ],
    [
      1,
      1,
      1,
      1,
      1
    ],
    [
      1,
      0,
      1,
      0,
      0
    ],
    [
      0,
      0,
      0,
      0,
      0
    ],
    [
      1,
      0,
      1,
      1,
      0
    ],
    [
      0,
      1,
      0,
      1,
      1
    ],
    [
      1,
      1,
      1,
      0,
      1
    ],
    [
      0,
      1,
      0,
      1,
      1
    ],
    [
      0,
      1,
      0,
      1,
      1
    ],
    [
      0,
      0,
      0,
      1,
      0
    ],
    [
      0,
      0,
      0,
      0,
      0
    ],
    [
      1,
      0,
      1,
      1,
      1
    ],
    [
      0,
      1,
      0,
      0,
      1
    ],
    [
      0,
      1,
      1,
      0,
      0
    ],
    [
      0,
      1,
      1,
      1,
      1
    ],
    [
      0,
      0,
      0,
      0,
      0
    ],
    [
      0,
      0,
      1,
      0,
      0
    ],
    [
      0,
      0,
      0,
      0,
      0
    ],
    [
      1,
      1,
      1,
      1,
      1
    ],
    [
      1,
      1,
      1,
      1,
      0
    ],
    [
      1,
      1,
      1,
      1,
      1
    ],
    [
      0,
      0,
      1,
      0,
      1
    ],
    [
      0,
      0,
      0,
      1,
      0
    ],
    [
      0,
      1,
      0,
      1,
      1
    ],
    [
      0,
      0,
      0,
      0,
      0
    ],
    [
      1,
      1,
      1,
      1,
      1
    ],
    [
      0,
      1,
      1,
      0,
      0
    ],
    [
      1,
      0,
      1,
      1,
      0
    ],
    [
      0,
      0,
      1,
      1,
      1
    ],
    [
      0,
      0,
      0,
      0,
      0
    ],
    [
      0,
      0,
      0,
      0,
      0
    ],
    [
      1,
      0,
      1,
      0,
      1
    ],
    [
      1,
      1,
      1,
      1,
      1
    ],
    [
      0,
      0,
      0,
      1,
      0
    ]
  ],
  "assortments": [
    [
      0,
      0,
      0,
      0,
      0
    ],
    [
      0,
      0,
      0,
      0,
      1
    ],
    [
      0,
      0,
      0,
      1,
      0
    ],
    [
      0,
      0,
      0,
      1,
      1
    ],
    [
      0,
      0,
      1,
      0,
      0
    ],
    [
      0,
      0,
      1,
      0,
      1
    ],
    [
      0,
      0,
      1,
      1,
      0
    ],
    [
      0,
      0,
      1,
      1,
      1
    ],
    [
      0,
      1,
      0,
      0,
      0
    ],
    [
      0,
      1,
      0,
      0,
      1
    ],
    [
      0,
      1,
      0,
      1,
      0
    ],
    [
      0,
      1,
      0,
      1,
      1
    ],
    [
      0,
      1,
      1,
      0,
      0
    ],
    [
      0,
      1,
      1,
      0,
      1
    ],
    [
      0,
      1,
      1,
      1,
      0
    ],
    [
      0,
      1,
      1,
      1,
      1
    ],
    [
      1,
      0,
      0,
      0,
      0
    ],
    [
      1,
      0,
      0,
      0,
      1
    ],
    [
      1,
      0,
      0,
      1,
      0
    ],
    [
      1,
      0,
      0,
      1,
      1
    ],
    [
      1,
      0,
      1,
      0,
      0
    ],
    [
      1,
      0,
      1,
      0,
      1
    ],
    [
      1,
      0,
      1,
      1,
      0
    ],
    [
      1,
      0,
      1,
      1,
      1
    ],
    [
      1,
      1,
      0,
      0,
      0
    ],
    [
      1,
      1,
      0,
      0,
      1
    ],
    [
      1,
      1,
      0,
      1,
      0
    ],
    [
      1,
      1,
      0,
      1,
      1
    ],
    [
      1,
      1,
      1,
      0,
      0
    ],
    [
      1,
      1,
      1,
      0,
      1
    ],
    [
      1,
      1,
      1,
      1,
      0
    ],
    [
      1,
      1,
      1,
      1,
      1
    ]
  ]
}