{
  "solver_status": 2,
  "feasible": true,
  "mb_formulation_version": 6,
  "runtime": 5.497469186782837,
  "wall_time": 5.497486114501953,
  "mip_gap": 0.009996752168788158,
  "objective": 6.935112902020417,
  "revenue_in_sample": 6.935112901983565,
  "model_num_vars": 6281,
  "model_num_binvars": 1550,
  "model_num_constrs": 10471,
  "bundle_space_size": 32,
  "subadditivity_mode": "full_partition",
  "policy_scope": "full_bundle_prices",
  "bundle_prices": {
    "1": 10.133534168701251,
    "3": 17.640467359442958,
    "4": 5.6486554357572,
    "5": 15.473955078650597,
    "6": 13.134900045131104,
    "7": 22.705005242980388,
    "15": 25.750630523592445,
    "19": 18.54996022198529,
    "23": 23.529864567186003,
    "31": 26.493159930857637
  },
  "bundle_prices_full": {
    "0": 0.0,
    "1": 10.133534168701251,
    "2": 29.27271202449709,
    "3": 17.640467359442958,
    "4": 5.6486554357572,
    "5": 15.473955078650597,
    "6": 13.134900045131104,
    "7": 22.705005242980388,
    "8": 19.629777888826652,
    "9": 13.712206610673729,
    "10": 29.27271202449709,
    "11": 29.27271202449709,
    "12": 9.214698156217796,
    "13": 18.427295788431426,
    "14": 16.641994084251312,
    "15": 25.750630523592445,
    "16": 26.999124191667754,
    "17": 29.27271202449709,
    "18": 29.27271202449709,
    "19": 18.54996022198529,
    "20": 29.27271202449709,
    "21": 29.27271202449709,
    "22": 29.27271202449709,
    "23": 23.529864567186003,
    "24": 29.272712024497103,
    "25": 29.27271202449709,
    "26": 29.27271202449709,
    "27": 29.27271202449709,
    "28": 29.27271202449709,
    "29": 29.27271202449709,
    "30": 29.27271202449709,
    "31": 26.493159930857637
  },
  "bundle_prices_selected": {
    "1": 10.133534168701251,
    "3": 17.640467359442958,
    "4": 5.6486554357572,
    "5": 15.473955078650597,
    "6": 13.134900045131104,
    "7": 22.705005242980388,
    "15": 25.750630523592445,
    "19": 18.54996022198529,
    "23": 23.529864567186003,
    "31": 26.493159930857637
  },
  "chosen_bundle_idx_by_customer": [
    15,
    31,
    31,
    15,
    3,
    31,
    23,
    23,
    15,
    5,
    31,
    1,
    31,
    31,
    4,
    31,
    31,
    23,
    23,
    31,
    15,
    19,
    23,
    31,
    5,
    23,
    31,
    15,
    23,
    23,
    19,
    31,
    31,
    31,
    6,
    23,
    23,
    23,
    31,
    31,
    7,
    23,
    31,
    23,
    23,
    23,
    31,
    23,
    31,
    15
  ],
  "chosen_product_matrix": [
    [
      0,
      1,
      1,
      1,
      1
    ],
    [
      1,
      1,
      1,
      1,
      1
    ],
    [
      1,
      1,
      1,
      1,
      1
    ],
    [
      0,
      1,
      1,
      1,
      1
    ],
    [
      0,
      0,
      0,
      1,
      1
    ],
    [
      1,
      1,
      1,
      1,
      1
    ],
    [
      1,
      0,
      1,
      1,
      1
    ],
    [
      1,
      0,
      1,
      1,
      1
    ],
    [
      0,
      1,
      1,
      1,
      1
    ],
    [
      0,
      0,
      1,
      0,
      1
    ],
    [
      1,
      1,
      1,
      1,
      1
    ],
    [
      0,
      0,
      0,
      0,
      1
    ],
    [
      1,
      1,
      1,
      1,
      1
    ],
    [
      1,
      1,
      1,
      1,
      1
    ],
    [
      0,
      0,
      1,
      0,
      0
    ],
    [
      1,
      1,
      1,
      1,
      1
    ],
    [
      1,
      1,
      1,
      1,
      1
    ],
    [
      1,
      0,
      1,
      1,
      1
    ],
    [
      1,
      0,
      1,
      1,
      1
    ],
    [
      1,
      1,
      1,
      1,
      1
    ],
    [
      0,
      1,
      1,
      1,
      1
    ],
    [
      1,
      0,
      0,
      1,
      1
    ],
    [
      1,
      0,
      1,
      1,
      1
    ],
    [
      1,
      1,
      1,
      1,
      1
    ],
    [
      0,
      0,
      1,
      0,
      1
    ],
    [
      1,
      0,
      1,
      1,
      1
    ],
    [
      1,
      1,
      1,
      1,
      1
    ],
    [
      0,
      1,
      1,
      1,
      1
    ],
    [
      1,
      0,
      1,
      1,
      1
    ],
    [
      1,
      0,
      1,
      1,
      1
    ],
    [
      1,
      0,
      0,
      1,
      1
    ],
    [
      1,
      1,
      1,
      1,
      1
    ],
    [
      1,
      1,
      1,
      1,
      1
    ],
    [
      1,
      1,
      1,
      1,
      1
    ],
    [
      0,
      0,
      1,
      1,
      0
    ],
    [
      1,
      0,
      1,
      1,
      1
    ],
    [
      1,
      0,
      1,
      1,
      1
    ],
    [
      1,
      0,
      1,
      1,
      1
    ],
    [
      1,
      1,
      1,
      1,
      1
    ],
    [
      1,
      1,
      1,
      1,
      1
    ],
    [
      0,
      0,
      1,
      1,
      1
    ],
    [
      1,
      0,
      1,
      1,
      1
    ],
    [
      1,
      1,
      1,
      1,
      1
    ],
    [
      1,
      0,
      1,
      1,
      1
    ],
    [
      1,
      0,
      1,
      1,
      1
    ],
    [
      1,
      0,
      1,
      1,
      1
    ],
    [
      1,
      1,
      1,
      1,
      1
    ],
    [
      1,
      0,
      1,
      1,
      1
    ],
    [
      1,
      1,
      1,
      1,
      1
    ],
    [
      0,
      1,
      1,
      1,
      1
    ]
  ],
  "assortments": [
    [
      0,
      0,
      0,
      0,
      0
    ],
    [
      0,
      0,
      0,
      0,
      1
    ],
    [
      0,
      0,
      0,
      1,
      0
    ],
    [
      0,
      0,
      0,
      1,
      1
    ],
    [
      0,
      0,
      1,
      0,
      0
    ],
    [
      0,
      0,
      1,
      0,
      1
    ],
    [
      0,
      0,
      1,
      1,
      0
    ],
    [
      0,
      0,
      1,
      1,
      1
    ],
    [
      0,
      1,
      0,
      0,
      0
    ],
    [
      0,
      1,
      0,
      0,
      1
    ],
    [
      0,
      1,
      0,
      1,
      0
    ],
    [
      0,
      1,
      0,
      1,
      1
    ],
    [
      0,
      1,
      1,
      0,
      0
    ],
    [
      0,
      1,
      1,
      0,
      1
    ],
    [
      0,
      1,
      1,
      1,
      0
    ],
    [
      0,
      1,
      1,
      1,
      1
    ],
    [
      1,
      0,
      0,
      0,
      0
    ],
    [
      1,
      0,
      0,
      0,
      1
    ],
    [
      1,
      0,
      0,
      1,
      0
    ],
    [
      1,
      0,
      0,
      1,
      1
    ],
    [
      1,
      0,
      1,
      0,
      0
    ],
    [
      1,
      0,
      1,
      0,
      1
    ],
    [
      1,
      0,
      1,
      1,
      0
    ],
    [
      1,
      0,
      1,
      1,
      1
    ],
    [
      1,
      1,
      0,
      0,
      0
    ],
    [
      1,
      1,
      0,
      0,
      1
    ],
    [
      1,
      1,
      0,
      1,
      0
    ],
    [
      1,
      1,
      0,
      1,
      1
    ],
    [
      1,
      1,
      1,
      0,
      0
    ],
    [
      1,
      1,
      1,
      0,
      1
    ],
    [
      1,
      1,
      1,
      1,
      0
    ],
    [
      1,
      1,
      1,
      1,
      1
    ]
  ]
}