{
  "solver_status": 2,
  "feasible": true,
  "mb_formulation_version": 6,
  "runtime": 54.573811054229736,
  "wall_time": 54.57383704185486,
  "mip_gap": 0.009891525352976233,
  "objective": 5.506241642584152,
  "revenue_in_sample": 5.506241642584236,
  "model_num_vars": 6281,
  "model_num_binvars": 1550,
  "model_num_constrs": 10471,
  "bundle_space_size": 32,
  "subadditivity_mode": "full_partition",
  "policy_scope": "full_bundle_prices",
  "bundle_prices": {
    "1": 9.93886022984497,
    "3": 17.2625487727622,
    "5": 15.651162390399595,
    "7": 23.05207125252478,
    "13": 18.956191054518648,
    "14": 16.73912934448309,
    "19": 18.95289414999302,
    "23": 23.908514830536895,
    "27": 21.758139032091673,
    "31": 26.966100735160726
  },
  "bundle_prices_full": {
    "0": 0.0,
    "1": 9.93886022984497,
    "2": 29.954493707738738,
    "3": 17.2625487727622,
    "4": 29.954493707738756,
    "5": 15.651162390399595,
    "6": 13.454395621220947,
    "7": 23.05207125252478,
    "8": 29.954493707738756,
    "9": 29.954493707738738,
    "10": 29.95449370773875,
    "11": 29.954493707738738,
    "12": 9.516549527986932,
    "13": 18.956191054518648,
    "14": 16.73912934448309,
    "15": 26.532698033945056,
    "16": 27.390980476125424,
    "17": 29.954493707738738,
    "18": 29.954493707738738,
    "19": 18.95289414999302,
    "20": 29.954493707738738,
    "21": 16.791975183932887,
    "22": 29.954493707738738,
    "23": 23.908514830536895,
    "24": 29.95449370773875,
    "25": 29.954493707738738,
    "26": 29.954493707738738,
    "27": 21.758139032091673,
    "28": 20.767864020875976,
    "29": 29.954493707737587,
    "30": 17.650336532402324,
    "31": 26.966100735160726
  },
  "bundle_prices_selected": {
    "1": 9.93886022984497,
    "3": 17.2625487727622,
    "5": 15.651162390399595,
    "7": 23.05207125252478,
    "13": 18.956191054518648,
    "14": 16.73912934448309,
    "19": 18.95289414999302,
    "23": 23.908514830536895,
    "27": 21.758139032091673,
    "31": 26.966100735160726
  },
  "chosen_bundle_idx_by_customer": [
    7,
    23,
    27,
    23,
    31,
    3,
    0,
    23,
    31,
    31,
    31,
    31,
    31,
    31,
    23,
    14,
    31,
    27,
    27,
    27,
    27,
    31,
    3,
    27,
    31,
    31,
    31,
    13,
    31,
    31,
    27,
    1,
    19,
    27,
    31,
    27,
    23,
    31,
    23,
    31,
    3,
    23,
    31,
    31,
    31,
    27,
    0,
    5,
    27,
    31
  ],
  "chosen_product_matrix": [
    [
      0,
      0,
      1,
      1,
      1
    ],
    [
      1,
      0,
      1,
      1,
      1
    ],
    [
      1,
      1,
      0,
      1,
      1
    ],
    [
      1,
      0,
      1,
      1,
      1
    ],
    [
      1,
      1,
      1,
      1,
      1
    ],
    [
      0,
      0,
      0,
      1,
      1
    ],
    [
      0,
      0,
      0,
      0,
      0
    ],
    [
      1,
      0,
      1,
      1,
      1
    ],
    [
      1,
      1,
      1,
      1,
      1
    ],
    [
      1,
      1,
      1,
      1,
      1
    ],
    [
      1,
      1,
      1,
      1,
      1
    ],
    [
      1,
      1,
      1,
      1,
      1
    ],
    [
      1,
      1,
      1,
      1,
      1
    ],
    [
      1,
      1,
      1,
      1,
      1
    ],
    [
      1,
      0,
      1,
      1,
      1
    ],
    [
      0,
      1,
      1,
      1,
      0
    ],
    [
      1,
      1,
      1,
      1,
      1
    ],
    [
      1,
      1,
      0,
      1,
      1
    ],
    [
      1,
      1,
      0,
      1,
      1
    ],
    [
      1,
      1,
      0,
      1,
      1
    ],
    [
      1,
      1,
      0,
      1,
      1
    ],
    [
      1,
      1,
      1,
      1,
      1
    ],
    [
      0,
      0,
      0,
      1,
      1
    ],
    [
      1,
      1,
      0,
      1,
      1
    ],
    [
      1,
      1,
      1,
      1,
      1
    ],
    [
      1,
      1,
      1,
      1,
      1
    ],
    [
      1,
      1,
      1,
      1,
      1
    ],
    [
      0,
      1,
      1,
      0,
      1
    ],
    [
      1,
      1,
      1,
      1,
      1
    ],
    [
      1,
      1,
      1,
      1,
      1
    ],
    [
      1,
      1,
      0,
      1,
      1
    ],
    [
      0,
      0,
      0,
      0,
      1
    ],
    [
      1,
      0,
      0,
      1,
      1
    ],
    [
      1,
      1,
      0,
      1,
      1
    ],
    [
      1,
      1,
      1,
      1,
      1
    ],
    [
      1,
      1,
      0,
      1,
      1
    ],
    [
      1,
      0,
      1,
      1,
      1
    ],
    [
      1,
      1,
      1,
      1,
      1
    ],
    [
      1,
      0,
      1,
      1,
      1
    ],
    [
      1,
      1,
      1,
      1,
      1
    ],
    [
      0,
      0,
      0,
      1,
      1
    ],
    [
      1,
      0,
      1,
      1,
      1
    ],
    [
      1,
      1,
      1,
      1,
      1
    ],
    [
      1,
      1,
      1,
      1,
      1
    ],
    [
      1,
      1,
      1,
      1,
      1
    ],
    [
      1,
      1,
      0,
      1,
      1
    ],
    [
      0,
      0,
      0,
      0,
      0
    ],
    [
      0,
      0,
      1,
      0,
      1
    ],
    [
      1,
      1,
      0,
      1,
      1
    ],
    [
      1,
      1,
      1,
      1,
      1
    ]
  ],
  "assortments": [
    [
      0,
      0,
      0,
      0,
      0
    ],
    [
      0,
      0,
      0,
      0,
      1
    ],
    [
      0,
      0,
      0,
      1,
      0
    ],
    [
      0,
      0,
      0,
      1,
      1
    ],
    [
      0,
      0,
      1,
      0,
      0
    ],
    [
      0,
      0,
      1,
      0,
      1
    ],
    [
      0,
      0,
      1,
      1,
      0
    ],
    [
      0,
      0,
      1,
      1,
      1
    ],
    [
      0,
      1,
      0,
      0,
      0
    ],
    [
      0,
      1,
      0,
      0,
      1
    ],
    [
      0,
      1,
      0,
      1,
      0
    ],
    [
      0,
      1,
      0,
      1,
      1
    ],
    [
      0,
      1,
      1,
      0,
      0
    ],
    [
      0,
      1,
      1,
      0,
      1
    ],
    [
      0,
      1,
      1,
      1,
      0
    ],
    [
      0,
      1,
      1,
      1,
      1
    ],
    [
      1,
      0,
      0,
      0,
      0
    ],
    [
      1,
      0,
      0,
      0,
      1
    ],
    [
      1,
      0,
      0,
      1,
      0
    ],
    [
      1,
      0,
      0,
      1,
      1
    ],
    [
      1,
      0,
      1,
      0,
      0
    ],
    [
      1,
      0,
      1,
      0,
      1
    ],
    [
      1,
      0,
      1,
      1,
      0
    ],
    [
      1,
      0,
      1,
      1,
      1
    ],
    [
      1,
      1,
      0,
      0,
      0
    ],
    [
      1,
      1,
      0,
      0,
      1
    ],
    [
      1,
      1,
      0,
      1,
      0
    ],
    [
      1,
      1,
      0,
      1,
      1
    ],
    [
      1,
      1,
      1,
      0,
      0
    ],
    [
      1,
      1,
      1,
      0,
      1
    ],
    [
      1,
      1,
      1,
      1,
      0
    ],
    [
      1,
      1,
      1,
      1,
      1
    ]
  ]
}