{
  "solver_status": 2,
  "feasible": true,
  "mb_formulation_version": 6,
  "runtime": 45.67514991760254,
  "wall_time": 45.675166845321655,
  "mip_gap": 0.009793710496334599,
  "objective": 4.249973859394536,
  "revenue_in_sample": 4.249973859394516,
  "model_num_vars": 6281,
  "model_num_binvars": 1550,
  "model_num_constrs": 10471,
  "bundle_space_size": 32,
  "subadditivity_mode": "full_partition",
  "policy_scope": "full_bundle_prices",
  "bundle_prices": {
    "8": 3.1445125453780163,
    "15": 26.840887109183715,
    "16": 1.2030784027836898,
    "25": 13.85412809638641,
    "26": 12.24822906621323,
    "27": 21.20726137541301,
    "28": 9.829788680932921,
    "31": 27.12544638420648
  },
  "bundle_prices_full": {
    "0": 0.0,
    "1": 10.44278381339965,
    "2": 30.31205177164418,
    "3": 30.31205177164418,
    "4": 30.3120517716442,
    "5": 29.878955389592583,
    "6": 30.312051771644185,
    "7": 30.31205177164418,
    "8": 3.1445125453780163,
    "9": 13.587296358777667,
    "10": 30.31205177164418,
    "11": 30.31205177164418,
    "12": 29.659380626962317,
    "13": 19.405664930061885,
    "14": 30.31205177164418,
    "15": 26.840887109183715,
    "16": 1.2030784027836898,
    "17": 11.64586221618334,
    "18": 30.31205177164418,
    "19": 18.746468816277343,
    "20": 30.312051771644185,
    "21": 17.27533062912467,
    "22": 30.31205177164418,
    "23": 30.31205177164418,
    "24": 4.25479518129881,
    "25": 13.85412809638641,
    "26": 12.24822906621323,
    "27": 21.20726137541301,
    "28": 9.829788680932921,
    "29": 19.949249104437886,
    "30": 30.31205177164418,
    "31": 27.12544638420648
  },
  "bundle_prices_selected": {
    "8": 3.1445125453780163,
    "15": 26.840887109183715,
    "16": 1.2030784027836898,
    "25": 13.85412809638641,
    "26": 12.24822906621323,
    "27": 21.20726137541301,
    "28": 9.829788680932921,
    "31": 27.12544638420648
  },
  "chosen_bundle_idx_by_customer": [
    27,
    31,
    31,
    27,
    0,
    31,
    27,
    27,
    31,
    0,
    28,
    27,
    27,
    15,
    31,
    27,
    31,
    27,
    27,
    27,
    31,
    31,
    27,
    16,
    27,
    27,
    8,
    27,
    27,
    31,
    27,
    31,
    27,
    26,
    27,
    27,
    31,
    8,
    27,
    27,
    27,
    27,
    28,
    25,
    25,
    25,
    27,
    25,
    27,
    27
  ],
  "chosen_product_matrix": [
    [
      1,
      1,
      0,
      1,
      1
    ],
    [
      1,
      1,
      1,
      1,
      1
    ],
    [
      1,
      1,
      1,
      1,
      1
    ],
    [
      1,
      1,
      0,
      1,
      1
    ],
    [
      0,
      0,
      0,
      0,
      0
    ],
    [
      1,
      1,
      1,
      1,
      1
    ],
    [
      1,
      1,
      0,
      1,
      1
    ],
    [
      1,
      1,
      0,
      1,
      1
    ],
    [
      1,
      1,
      1,
      1,
      1
    ],
    [
      0,
      0,
      0,
      0,
      0
    ],
    [
      1,
      1,
      1,
      0,
      0
    ],
    [
      1,
      1,
      0,
      1,
      1
    ],
    [
      1,
      1,
      0,
      1,
      1
    ],
    [
      0,
      1,
      1,
      1,
      1
    ],
    [
      1,
      1,
      1,
      1,
      1
    ],
    [
      1,
      1,
      0,
      1,
      1
    ],
    [
      1,
      1,
      1,
      1,
      1
    ],
    [
      1,
      1,
      0,
      1,
      1
    ],
    [
      1,
      1,
      0,
      1,
      1
    ],
    [
      1,
      1,
      0,
      1,
      1
    ],
    [
      1,
      1,
      1,
      1,
      1
    ],
    [
      1,
      1,
      1,
      1,
      1
    ],
    [
      1,
      1,
      0,
      1,
      1
    ],
    [
      1,
      0,
      0,
      0,
      0
    ],
    [
      1,
      1,
      0,
      1,
      1
    ],
    [
      1,
      1,
      0,
      1,
      1
    ],
    [
      0,
      1,
      0,
      0,
      0
    ],
    [
      1,
      1,
      0,
      1,
      1
    ],
    [
      1,
      1,
      0,
      1,
      1
    ],
    [
      1,
      1,
      1,
      1,
      1
    ],
    [
      1,
      1,
      0,
      1,
      1
    ],
    [
      1,
      1,
      1,
      1,
      1
    ],
    [
      1,
      1,
      0,
      1,
      1
    ],
    [
      1,
      1,
      0,
      1,
      0
    ],
    [
      1,
      1,
      0,
      1,
      1
    ],
    [
      1,
      1,
      0,
      1,
      1
    ],
    [
      1,
      1,
      1,
      1,
      1
    ],
    [
      0,
      1,
      0,
      0,
      0
    ],
    [
      1,
      1,
      0,
      1,
      1
    ],
    [
      1,
      1,
      0,
      1,
      1
    ],
    [
      1,
      1,
      0,
      1,
      1
    ],
    [
      1,
      1,
      0,
      1,
      1
    ],
    [
      1,
      1,
      1,
      0,
      0
    ],
    [
      1,
      1,
      0,
      0,
      1
    ],
    [
      1,
      1,
      0,
      0,
      1
    ],
    [
      1,
      1,
      0,
      0,
      1
    ],
    [
      1,
      1,
      0,
      1,
      1
    ],
    [
      1,
      1,
      0,
      0,
      1
    ],
    [
      1,
      1,
      0,
      1,
      1
    ],
    [
      1,
      1,
      0,
      1,
      1
    ]
  ],
  "assortments": [
    [
      0,
      0,
      0,
      0,
      0
    ],
    [
      0,
      0,
      0,
      0,
      1
    ],
    [
      0,
      0,
      0,
      1,
      0
    ],
    [
      0,
      0,
      0,
      1,
      1
    ],
    [
      0,
      0,
      1,
      0,
      0
    ],
    [
      0,
      0,
      1,
      0,
      1
    ],
    [
      0,
      0,
      1,
      1,
      0
    ],
    [
      0,
      0,
      1,
      1,
      1
    ],
    [
      0,
      1,
      0,
      0,
      0
    ],
    [
      0,
      1,
      0,
      0,
      1
    ],
    [
      0,
      1,
      0,
      1,
      0
    ],
    [
      0,
      1,
      0,
      1,
      1
    ],
    [
      0,
      1,
      1,
      0,
      0
    ],
    [
      0,
      1,
      1,
      0,
      1
    ],
    [
      0,
      1,
      1,
      1,
      0
    ],
    [
      0,
      1,
      1,
      1,
      1
    ],
    [
      1,
      0,
      0,
      0,
      0
    ],
    [
      1,
      0,
      0,
      0,
      1
    ],
    [
      1,
      0,
      0,
      1,
      0
    ],
    [
      1,
      0,
      0,
      1,
      1
    ],
    [
      1,
      0,
      1,
      0,
      0
    ],
    [
      1,
      0,
      1,
      0,
      1
    ],
    [
      1,
      0,
      1,
      1,
      0
    ],
    [
      1,
      0,
      1,
      1,
      1
    ],
    [
      1,
      1,
      0,
      0,
      0
    ],
    [
      1,
      1,
      0,
      0,
      1
    ],
    [
      1,
      1,
      0,
      1,
      0
    ],
    [
      1,
      1,
      0,
      1,
      1
    ],
    [
      1,
      1,
      1,
      0,
      0
    ],
    [
      1,
      1,
      1,
      0,
      1
    ],
    [
      1,
      1,
      1,
      1,
      0
    ],
    [
      1,
      1,
      1,
      1,
      1
    ]
  ]
}