{
  "solver_status": 2,
  "feasible": true,
  "mb_formulation_version": 6,
  "runtime": 45.653558015823364,
  "wall_time": 45.65357518196106,
  "mip_gap": 0.009835289166430403,
  "objective": 5.85612329187528,
  "revenue_in_sample": 5.8561232918753925,
  "model_num_vars": 6281,
  "model_num_binvars": 1550,
  "model_num_constrs": 10471,
  "bundle_space_size": 32,
  "subadditivity_mode": "full_partition",
  "policy_scope": "full_bundle_prices",
  "bundle_prices": {
    "7": 22.86920997593376,
    "8": 3.4418240064817227,
    "11": 20.783675534123397,
    "13": 18.397289295581174,
    "15": 25.552362327349375,
    "24": 4.2548829859981545,
    "26": 11.609707850208007,
    "27": 21.719245962841807,
    "31": 26.776476899872826
  },
  "bundle_prices_full": {
    "0": 0.0,
    "1": 29.375962855555123,
    "2": 24.50229484194355,
    "3": 24.502294841943545,
    "4": 5.912068911040208,
    "5": 15.558568870734511,
    "6": 25.173887284763552,
    "7": 22.86920997593376,
    "8": 3.4418240064817227,
    "9": 29.375962855555123,
    "10": 26.844334927535332,
    "11": 20.783675534123397,
    "12": 8.852379480170272,
    "13": 18.397289295581174,
    "14": 16.214552980712984,
    "15": 25.552362327349375,
    "16": 1.5442184111396529,
    "17": 29.375962855555137,
    "18": 25.015118584499266,
    "19": 18.70140669655426,
    "20": 7.456287322179861,
    "21": 16.75735152338209,
    "22": 26.718105695903205,
    "23": 24.413428387073413,
    "24": 4.2548829859981545,
    "25": 14.718961681437285,
    "26": 11.609707850208007,
    "27": 21.719245962841807,
    "28": 10.166951897038363,
    "29": 19.79231500179834,
    "30": 17.521776761248216,
    "31": 26.776476899872826
  },
  "bundle_prices_selected": {
    "7": 22.86920997593376,
    "8": 3.4418240064817227,
    "11": 20.783675534123397,
    "13": 18.397289295581174,
    "15": 25.552362327349375,
    "24": 4.2548829859981545,
    "26": 11.609707850208007,
    "27": 21.719245962841807,
    "31": 26.776476899872826
  },
  "chosen_bundle_idx_by_customer": [
    15,
    15,
    15,
    31,
    15,
    26,
    15,
    15,
    8,
    24,
    7,
    31,
    31,
    31,
    15,
    15,
    27,
    15,
    7,
    11,
    27,
    15,
    15,
    15,
    15,
    15,
    31,
    15,
    31,
    15,
    15,
    13,
    15,
    31,
    15,
    31,
    31,
    31,
    31,
    15,
    15,
    15,
    26,
    0,
    31,
    31,
    24,
    11,
    15,
    15
  ],
  "chosen_product_matrix": [
    [
      0,
      1,
      1,
      1,
      1
    ],
    [
      0,
      1,
      1,
      1,
      1
    ],
    [
      0,
      1,
      1,
      1,
      1
    ],
    [
      1,
      1,
      1,
      1,
      1
    ],
    [
      0,
      1,
      1,
      1,
      1
    ],
    [
      1,
      1,
      0,
      1,
      0
    ],
    [
      0,
      1,
      1,
      1,
      1
    ],
    [
      0,
      1,
      1,
      1,
      1
    ],
    [
      0,
      1,
      0,
      0,
      0
    ],
    [
      1,
      1,
      0,
      0,
      0
    ],
    [
      0,
      0,
      1,
      1,
      1
    ],
    [
      1,
      1,
      1,
      1,
      1
    ],
    [
      1,
      1,
      1,
      1,
      1
    ],
    [
      1,
      1,
      1,
      1,
      1
    ],
    [
      0,
      1,
      1,
      1,
      1
    ],
    [
      0,
      1,
      1,
      1,
      1
    ],
    [
      1,
      1,
      0,
      1,
      1
    ],
    [
      0,
      1,
      1,
      1,
      1
    ],
    [
      0,
      0,
      1,
      1,
      1
    ],
    [
      0,
      1,
      0,
      1,
      1
    ],
    [
      1,
      1,
      0,
      1,
      1
    ],
    [
      0,
      1,
      1,
      1,
      1
    ],
    [
      0,
      1,
      1,
      1,
      1
    ],
    [
      0,
      1,
      1,
      1,
      1
    ],
    [
      0,
      1,
      1,
      1,
      1
    ],
    [
      0,
      1,
      1,
      1,
      1
    ],
    [
      1,
      1,
      1,
      1,
      1
    ],
    [
      0,
      1,
      1,
      1,
      1
    ],
    [
      1,
      1,
      1,
      1,
      1
    ],
    [
      0,
      1,
      1,
      1,
      1
    ],
    [
      0,
      1,
      1,
      1,
      1
    ],
    [
      0,
      1,
      1,
      0,
      1
    ],
    [
      0,
      1,
      1,
      1,
      1
    ],
    [
      1,
      1,
      1,
      1,
      1
    ],
    [
      0,
      1,
      1,
      1,
      1
    ],
    [
      1,
      1,
      1,
      1,
      1
    ],
    [
      1,
      1,
      1,
      1,
      1
    ],
    [
      1,
      1,
      1,
      1,
      1
    ],
    [
      1,
      1,
      1,
      1,
      1
    ],
    [
      0,
      1,
      1,
      1,
      1
    ],
    [
      0,
      1,
      1,
      1,
      1
    ],
    [
      0,
      1,
      1,
      1,
      1
    ],
    [
      1,
      1,
      0,
      1,
      0
    ],
    [
      0,
      0,
      0,
      0,
      0
    ],
    [
      1,
      1,
      1,
      1,
      1
    ],
    [
      1,
      1,
      1,
      1,
      1
    ],
    [
      1,
      1,
      0,
      0,
      0
    ],
    [
      0,
      1,
      0,
      1,
      1
    ],
    [
      0,
      1,
      1,
      1,
      1
    ],
    [
      0,
      1,
      1,
      1,
      1
    ]
  ],
  "assortments": [
    [
      0,
      0,
      0,
      0,
      0
    ],
    [
      0,
      0,
      0,
      0,
      1
    ],
    [
      0,
      0,
      0,
      1,
      0
    ],
    [
      0,
      0,
      0,
      1,
      1
    ],
    [
      0,
      0,
      1,
      0,
      0
    ],
    [
      0,
      0,
      1,
      0,
      1
    ],
    [
      0,
      0,
      1,
      1,
      0
    ],
    [
      0,
      0,
      1,
      1,
      1
    ],
    [
      0,
      1,
      0,
      0,
      0
    ],
    [
      0,
      1,
      0,
      0,
      1
    ],
    [
      0,
      1,
      0,
      1,
      0
    ],
    [
      0,
      1,
      0,
      1,
      1
    ],
    [
      0,
      1,
      1,
      0,
      0
    ],
    [
      0,
      1,
      1,
      0,
      1
    ],
    [
      0,
      1,
      1,
      1,
      0
    ],
    [
      0,
      1,
      1,
      1,
      1
    ],
    [
      1,
      0,
      0,
      0,
      0
    ],
    [
      1,
      0,
      0,
      0,
      1
    ],
    [
      1,
      0,
      0,
      1,
      0
    ],
    [
      1,
      0,
      0,
      1,
      1
    ],
    [
      1,
      0,
      1,
      0,
      0
    ],
    [
      1,
      0,
      1,
      0,
      1
    ],
    [
      1,
      0,
      1,
      1,
      0
    ],
    [
      1,
      0,
      1,
      1,
      1
    ],
    [
      1,
      1,
      0,
      0,
      0
    ],
    [
      1,
      1,
      0,
      0,
      1
    ],
    [
      1,
      1,
      0,
      1,
      0
    ],
    [
      1,
      1,
      0,
      1,
      1
    ],
    [
      1,
      1,
      1,
      0,
      0
    ],
    [
      1,
      1,
      1,
      0,
      1
    ],
    [
      1,
      1,
      1,
      1,
      0
    ],
    [
      1,
      1,
      1,
      1,
      1
    ]
  ]
}