{
  "solver_status": 2,
  "feasible": true,
  "mb_formulation_version": 6,
  "runtime": 157.52535700798035,
  "wall_time": 157.52537512779236,
  "mip_gap": 0.009901488879001136,
  "objective": 4.8925699836856165,
  "revenue_in_sample": 4.8925699836856165,
  "model_num_vars": 6281,
  "model_num_binvars": 1550,
  "model_num_constrs": 10471,
  "bundle_space_size": 32,
  "subadditivity_mode": "full_partition",
  "policy_scope": "full_bundle_prices",
  "bundle_prices": {
    "2": 7.924391366526642,
    "9": 13.656039672215705,
    "14": 16.42016132829423,
    "15": 26.081144653770185,
    "22": 14.262364848595933,
    "24": 4.732908824909479,
    "26": 11.899657734588848,
    "27": 21.751576144591557,
    "29": 19.926307003979673,
    "31": 26.920054759725016
  },
  "bundle_prices_full": {
    "0": 0.0,
    "1": 29.911147308408648,
    "2": 7.924391366526642,
    "3": 29.911147308408648,
    "4": 29.911147308408648,
    "5": 29.911147308408648,
    "6": 29.911147308408648,
    "7": 29.911147308408648,
    "8": 29.911147308408648,
    "9": 13.656039672215705,
    "10": 29.911147308408648,
    "11": 21.580431038742347,
    "12": 29.911147308408648,
    "13": 29.911147308408648,
    "14": 16.42016132829423,
    "15": 26.081144653770185,
    "16": 29.911147308408648,
    "17": 29.911147308408648,
    "18": 29.911147308408648,
    "19": 29.911147308408648,
    "20": 29.911147308408648,
    "21": 29.911147308408648,
    "22": 14.262364848595933,
    "23": 29.911147308408648,
    "24": 4.732908824909479,
    "25": 29.911147308408648,
    "26": 11.899657734588848,
    "27": 21.751576144591557,
    "28": 29.911147308408648,
    "29": 19.926307003979673,
    "30": 29.911147308408648,
    "31": 26.920054759725016
  },
  "bundle_prices_selected": {
    "2": 7.924391366526642,
    "9": 13.656039672215705,
    "14": 16.42016132829423,
    "15": 26.081144653770185,
    "22": 14.262364848595933,
    "24": 4.732908824909479,
    "26": 11.899657734588848,
    "27": 21.751576144591557,
    "29": 19.926307003979673,
    "31": 26.920054759725016
  },
  "chosen_bundle_idx_by_customer": [
    31,
    0,
    31,
    15,
    27,
    15,
    26,
    31,
    31,
    15,
    31,
    14,
    31,
    31,
    0,
    29,
    31,
    15,
    14,
    24,
    31,
    15,
    31,
    15,
    9,
    31,
    14,
    15,
    31,
    0,
    9,
    31,
    15,
    2,
    26,
    31,
    31,
    22,
    31,
    31,
    31,
    15,
    14,
    29,
    31,
    15,
    31,
    26,
    31,
    15
  ],
  "chosen_product_matrix": [
    [
      1,
      1,
      1,
      1,
      1
    ],
    [
      0,
      0,
      0,
      0,
      0
    ],
    [
      1,
      1,
      1,
      1,
      1
    ],
    [
      0,
      1,
      1,
      1,
      1
    ],
    [
      1,
      1,
      0,
      1,
      1
    ],
    [
      0,
      1,
      1,
      1,
      1
    ],
    [
      1,
      1,
      0,
      1,
      0
    ],
    [
      1,
      1,
      1,
      1,
      1
    ],
    [
      1,
      1,
      1,
      1,
      1
    ],
    [
      0,
      1,
      1,
      1,
      1
    ],
    [
      1,
      1,
      1,
      1,
      1
    ],
    [
      0,
      1,
      1,
      1,
      0
    ],
    [
      1,
      1,
      1,
      1,
      1
    ],
    [
      1,
      1,
      1,
      1,
      1
    ],
    [
      0,
      0,
      0,
      0,
      0
    ],
    [
      1,
      1,
      1,
      0,
      1
    ],
    [
      1,
      1,
      1,
      1,
      1
    ],
    [
      0,
      1,
      1,
      1,
      1
    ],
    [
      0,
      1,
      1,
      1,
      0
    ],
    [
      1,
      1,
      0,
      0,
      0
    ],
    [
      1,
      1,
      1,
      1,
      1
    ],
    [
      0,
      1,
      1,
      1,
      1
    ],
    [
      1,
      1,
      1,
      1,
      1
    ],
    [
      0,
      1,
      1,
      1,
      1
    ],
    [
      0,
      1,
      0,
      0,
      1
    ],
    [
      1,
      1,
      1,
      1,
      1
    ],
    [
      0,
      1,
      1,
      1,
      0
    ],
    [
      0,
      1,
      1,
      1,
      1
    ],
    [
      1,
      1,
      1,
      1,
      1
    ],
    [
      0,
      0,
      0,
      0,
      0
    ],
    [
      0,
      1,
      0,
      0,
      1
    ],
    [
      1,
      1,
      1,
      1,
      1
    ],
    [
      0,
      1,
      1,
      1,
      1
    ],
    [
      0,
      0,
      0,
      1,
      0
    ],
    [
      1,
      1,
      0,
      1,
      0
    ],
    [
      1,
      1,
      1,
      1,
      1
    ],
    [
      1,
      1,
      1,
      1,
      1
    ],
    [
      1,
      0,
      1,
      1,
      0
    ],
    [
      1,
      1,
      1,
      1,
      1
    ],
    [
      1,
      1,
      1,
      1,
      1
    ],
    [
      1,
      1,
      1,
      1,
      1
    ],
    [
      0,
      1,
      1,
      1,
      1
    ],
    [
      0,
      1,
      1,
      1,
      0
    ],
    [
      1,
      1,
      1,
      0,
      1
    ],
    [
      1,
      1,
      1,
      1,
      1
    ],
    [
      0,
      1,
      1,
      1,
      1
    ],
    [
      1,
      1,
      1,
      1,
      1
    ],
    [
      1,
      1,
      0,
      1,
      0
    ],
    [
      1,
      1,
      1,
      1,
      1
    ],
    [
      0,
      1,
      1,
      1,
      1
    ]
  ],
  "assortments": [
    [
      0,
      0,
      0,
      0,
      0
    ],
    [
      0,
      0,
      0,
      0,
      1
    ],
    [
      0,
      0,
      0,
      1,
      0
    ],
    [
      0,
      0,
      0,
      1,
      1
    ],
    [
      0,
      0,
      1,
      0,
      0
    ],
    [
      0,
      0,
      1,
      0,
      1
    ],
    [
      0,
      0,
      1,
      1,
      0
    ],
    [
      0,
      0,
      1,
      1,
      1
    ],
    [
      0,
      1,
      0,
      0,
      0
    ],
    [
      0,
      1,
      0,
      0,
      1
    ],
    [
      0,
      1,
      0,
      1,
      0
    ],
    [
      0,
      1,
      0,
      1,
      1
    ],
    [
      0,
      1,
      1,
      0,
      0
    ],
    [
      0,
      1,
      1,
      0,
      1
    ],
    [
      0,
      1,
      1,
      1,
      0
    ],
    [
      0,
      1,
      1,
      1,
      1
    ],
    [
      1,
      0,
      0,
      0,
      0
    ],
    [
      1,
      0,
      0,
      0,
      1
    ],
    [
      1,
      0,
      0,
      1,
      0
    ],
    [
      1,
      0,
      0,
      1,
      1
    ],
    [
      1,
      0,
      1,
      0,
      0
    ],
    [
      1,
      0,
      1,
      0,
      1
    ],
    [
      1,
      0,
      1,
      1,
      0
    ],
    [
      1,
      0,
      1,
      1,
      1
    ],
    [
      1,
      1,
      0,
      0,
      0
    ],
    [
      1,
      1,
      0,
      0,
      1
    ],
    [
      1,
      1,
      0,
      1,
      0
    ],
    [
      1,
      1,
      0,
      1,
      1
    ],
    [
      1,
      1,
      1,
      0,
      0
    ],
    [
      1,
      1,
      1,
      0,
      1
    ],
    [
      1,
      1,
      1,
      1,
      0
    ],
    [
      1,
      1,
      1,
      1,
      1
    ]
  ]
}