{
  "solver_status": 2,
  "feasible": true,
  "mb_formulation_version": 6,
  "runtime": 1.091142177581787,
  "wall_time": 1.0911579132080078,
  "mip_gap": 0.009997319893209561,
  "objective": 10.684412460723577,
  "revenue_in_sample": 10.684412460723557,
  "model_num_vars": 6281,
  "model_num_binvars": 1550,
  "model_num_constrs": 10471,
  "bundle_space_size": 32,
  "subadditivity_mode": "full_partition",
  "policy_scope": "full_bundle_prices",
  "bundle_prices": {
    "10": 11.365186812174917,
    "11": 20.964178044698727,
    "15": 26.089233303277922,
    "23": 23.57696577946163,
    "30": 17.1795914708201,
    "31": 26.563803334732555
  },
  "bundle_prices_full": {
    "0": 0.0,
    "1": 19.501912730704582,
    "2": 29.888138842640963,
    "3": 29.888138842640963,
    "4": 5.660168535760905,
    "5": 15.696299265324388,
    "6": 13.664495580046982,
    "7": 23.12320474511428,
    "8": 29.888138842640963,
    "9": 29.888138842640963,
    "10": 11.365186812174917,
    "11": 20.964178044698727,
    "12": 9.91946931243433,
    "13": 18.97170048949866,
    "14": 17.02535534793582,
    "15": 26.089233303277922,
    "16": 27.67217839080933,
    "17": 29.888138842640963,
    "18": 29.888138842640963,
    "19": 29.888138842640963,
    "20": 6.791808152304081,
    "21": 16.646170421724655,
    "22": 20.239486485677737,
    "23": 23.57696577946163,
    "24": 26.254424647965994,
    "25": 15.367071223948166,
    "26": 29.888138842640963,
    "27": 21.991945264428285,
    "28": 10.35502701869514,
    "29": 19.68388711745961,
    "30": 17.1795914708201,
    "31": 26.563803334732555
  },
  "bundle_prices_selected": {
    "10": 11.365186812174917,
    "11": 20.964178044698727,
    "15": 26.089233303277922,
    "23": 23.57696577946163,
    "30": 17.1795914708201,
    "31": 26.563803334732555
  },
  "chosen_bundle_idx_by_customer": [
    23,
    31,
    31,
    23,
    10,
    31,
    31,
    31,
    31,
    31,
    11,
    31,
    31,
    31,
    23,
    31,
    31,
    31,
    31,
    30,
    31,
    15,
    31,
    31,
    31,
    31,
    23,
    23,
    31,
    31,
    31,
    15,
    31,
    31,
    31,
    31,
    31,
    23,
    31,
    30,
    30,
    31,
    31,
    15,
    23,
    31,
    15,
    31,
    0,
    31
  ],
  "chosen_product_matrix": [
    [
      1,
      0,
      1,
      1,
      1
    ],
    [
      1,
      1,
      1,
      1,
      1
    ],
    [
      1,
      1,
      1,
      1,
      1
    ],
    [
      1,
      0,
      1,
      1,
      1
    ],
    [
      0,
      1,
      0,
      1,
      0
    ],
    [
      1,
      1,
      1,
      1,
      1
    ],
    [
      1,
      1,
      1,
      1,
      1
    ],
    [
      1,
      1,
      1,
      1,
      1
    ],
    [
      1,
      1,
      1,
      1,
      1
    ],
    [
      1,
      1,
      1,
      1,
      1
    ],
    [
      0,
      1,
      0,
      1,
      1
    ],
    [
      1,
      1,
      1,
      1,
      1
    ],
    [
      1,
      1,
      1,
      1,
      1
    ],
    [
      1,
      1,
      1,
      1,
      1
    ],
    [
      1,
      0,
      1,
      1,
      1
    ],
    [
      1,
      1,
      1,
      1,
      1
    ],
    [
      1,
      1,
      1,
      1,
      1
    ],
    [
      1,
      1,
      1,
      1,
      1
    ],
    [
      1,
      1,
      1,
      1,
      1
    ],
    [
      1,
      1,
      1,
      1,
      0
    ],
    [
      1,
      1,
      1,
      1,
      1
    ],
    [
      0,
      1,
      1,
      1,
      1
    ],
    [
      1,
      1,
      1,
      1,
      1
    ],
    [
      1,
      1,
      1,
      1,
      1
    ],
    [
      1,
      1,
      1,
      1,
      1
    ],
    [
      1,
      1,
      1,
      1,
      1
    ],
    [
      1,
      0,
      1,
      1,
      1
    ],
    [
      1,
      0,
      1,
      1,
      1
    ],
    [
      1,
      1,
      1,
      1,
      1
    ],
    [
      1,
      1,
      1,
      1,
      1
    ],
    [
      1,
      1,
      1,
      1,
      1
    ],
    [
      0,
      1,
      1,
      1,
      1
    ],
    [
      1,
      1,
      1,
      1,
      1
    ],
    [
      1,
      1,
      1,
      1,
      1
    ],
    [
      1,
      1,
      1,
      1,
      1
    ],
    [
      1,
      1,
      1,
      1,
      1
    ],
    [
      1,
      1,
      1,
      1,
      1
    ],
    [
      1,
      0,
      1,
      1,
      1
    ],
    [
      1,
      1,
      1,
      1,
      1
    ],
    [
      1,
      1,
      1,
      1,
      0
    ],
    [
      1,
      1,
      1,
      1,
      0
    ],
    [
      1,
      1,
      1,
      1,
      1
    ],
    [
      1,
      1,
      1,
      1,
      1
    ],
    [
      0,
      1,
      1,
      1,
      1
    ],
    [
      1,
      0,
      1,
      1,
      1
    ],
    [
      1,
      1,
      1,
      1,
      1
    ],
    [
      0,
      1,
      1,
      1,
      1
    ],
    [
      1,
      1,
      1,
      1,
      1
    ],
    [
      0,
      0,
      0,
      0,
      0
    ],
    [
      1,
      1,
      1,
      1,
      1
    ]
  ],
  "assortments": [
    [
      0,
      0,
      0,
      0,
      0
    ],
    [
      0,
      0,
      0,
      0,
      1
    ],
    [
      0,
      0,
      0,
      1,
      0
    ],
    [
      0,
      0,
      0,
      1,
      1
    ],
    [
      0,
      0,
      1,
      0,
      0
    ],
    [
      0,
      0,
      1,
      0,
      1
    ],
    [
      0,
      0,
      1,
      1,
      0
    ],
    [
      0,
      0,
      1,
      1,
      1
    ],
    [
      0,
      1,
      0,
      0,
      0
    ],
    [
      0,
      1,
      0,
      0,
      1
    ],
    [
      0,
      1,
      0,
      1,
      0
    ],
    [
      0,
      1,
      0,
      1,
      1
    ],
    [
      0,
      1,
      1,
      0,
      0
    ],
    [
      0,
      1,
      1,
      0,
      1
    ],
    [
      0,
      1,
      1,
      1,
      0
    ],
    [
      0,
      1,
      1,
      1,
      1
    ],
    [
      1,
      0,
      0,
      0,
      0
    ],
    [
      1,
      0,
      0,
      0,
      1
    ],
    [
      1,
      0,
      0,
      1,
      0
    ],
    [
      1,
      0,
      0,
      1,
      1
    ],
    [
      1,
      0,
      1,
      0,
      0
    ],
    [
      1,
      0,
      1,
      0,
      1
    ],
    [
      1,
      0,
      1,
      1,
      0
    ],
    [
      1,
      0,
      1,
      1,
      1
    ],
    [
      1,
      1,
      0,
      0,
      0
    ],
    [
      1,
      1,
      0,
      0,
      1
    ],
    [
      1,
      1,
      0,
      1,
      0
    ],
    [
      1,
      1,
      0,
      1,
      1
    ],
    [
      1,
      1,
      1,
      0,
      0
    ],
    [
      1,
      1,
      1,
      0,
      1
    ],
    [
      1,
      1,
      1,
      1,
      0
    ],
    [
      1,
      1,
      1,
      1,
      1
    ]
  ]
}