{
  "solver_status": 2,
  "feasible": true,
  "mb_formulation_version": 6,
  "runtime": 0.5239019393920898,
  "wall_time": 0.5239191055297852,
  "mip_gap": 0.009188195157426235,
  "objective": 10.938163448253901,
  "revenue_in_sample": 10.938163448253905,
  "model_num_vars": 6281,
  "model_num_binvars": 1550,
  "model_num_constrs": 10471,
  "bundle_space_size": 32,
  "subadditivity_mode": "full_partition",
  "policy_scope": "full_bundle_prices",
  "bundle_prices": {
    "5": 15.530587842680896,
    "11": 20.970598415732034,
    "15": 25.594873571437645,
    "29": 19.55210431464896,
    "31": 26.55780233381406
  },
  "bundle_prices_full": {
    "0": 0.0,
    "1": 25.38816349416399,
    "2": 29.84784379908599,
    "3": 17.96714196708561,
    "4": 12.676569104196572,
    "5": 15.530587842680896,
    "6": 29.84784379908599,
    "7": 29.84784379908599,
    "8": 29.558451848386433,
    "9": 25.38816349416399,
    "10": 12.15395772472925,
    "11": 20.970598415732034,
    "12": 12.35294189139205,
    "13": 18.66557218878512,
    "14": 16.613638029651202,
    "15": 25.594873571437645,
    "16": 29.84784379908599,
    "17": 25.38816349416399,
    "18": 9.783547160473226,
    "19": 19.438062607274478,
    "20": 20.96694671841174,
    "21": 16.666475036010635,
    "22": 14.46545176826869,
    "23": 23.89774291219645,
    "24": 25.388163494164022,
    "25": 29.84784379908599,
    "26": 29.84784379908599,
    "27": 22.1099351666601,
    "28": 10.24211775025774,
    "29": 19.55210431464896,
    "30": 17.354425632943514,
    "31": 26.55780233381406
  },
  "bundle_prices_selected": {
    "5": 15.530587842680896,
    "11": 20.970598415732034,
    "15": 25.594873571437645,
    "29": 19.55210431464896,
    "31": 26.55780233381406
  },
  "chosen_bundle_idx_by_customer": [
    31,
    15,
    15,
    29,
    15,
    31,
    31,
    31,
    29,
    31,
    15,
    15,
    15,
    15,
    31,
    15,
    15,
    29,
    31,
    15,
    31,
    15,
    31,
    31,
    31,
    31,
    31,
    15,
    31,
    15,
    15,
    31,
    5,
    0,
    15,
    31,
    31,
    15,
    31,
    31,
    31,
    15,
    11,
    0,
    31,
    15,
    31,
    31,
    15,
    31
  ],
  "chosen_product_matrix": [
    [
      1,
      1,
      1,
      1,
      1
    ],
    [
      0,
      1,
      1,
      1,
      1
    ],
    [
      0,
      1,
      1,
      1,
      1
    ],
    [
      1,
      1,
      1,
      0,
      1
    ],
    [
      0,
      1,
      1,
      1,
      1
    ],
    [
      1,
      1,
      1,
      1,
      1
    ],
    [
      1,
      1,
      1,
      1,
      1
    ],
    [
      1,
      1,
      1,
      1,
      1
    ],
    [
      1,
      1,
      1,
      0,
      1
    ],
    [
      1,
      1,
      1,
      1,
      1
    ],
    [
      0,
      1,
      1,
      1,
      1
    ],
    [
      0,
      1,
      1,
      1,
      1
    ],
    [
      0,
      1,
      1,
      1,
      1
    ],
    [
      0,
      1,
      1,
      1,
      1
    ],
    [
      1,
      1,
      1,
      1,
      1
    ],
    [
      0,
      1,
      1,
      1,
      1
    ],
    [
      0,
      1,
      1,
      1,
      1
    ],
    [
      1,
      1,
      1,
      0,
      1
    ],
    [
      1,
      1,
      1,
      1,
      1
    ],
    [
      0,
      1,
      1,
      1,
      1
    ],
    [
      1,
      1,
      1,
      1,
      1
    ],
    [
      0,
      1,
      1,
      1,
      1
    ],
    [
      1,
      1,
      1,
      1,
      1
    ],
    [
      1,
      1,
      1,
      1,
      1
    ],
    [
      1,
      1,
      1,
      1,
      1
    ],
    [
      1,
      1,
      1,
      1,
      1
    ],
    [
      1,
      1,
      1,
      1,
      1
    ],
    [
      0,
      1,
      1,
      1,
      1
    ],
    [
      1,
      1,
      1,
      1,
      1
    ],
    [
      0,
      1,
      1,
      1,
      1
    ],
    [
      0,
      1,
      1,
      1,
      1
    ],
    [
      1,
      1,
      1,
      1,
      1
    ],
    [
      0,
      0,
      1,
      0,
      1
    ],
    [
      0,
      0,
      0,
      0,
      0
    ],
    [
      0,
      1,
      1,
      1,
      1
    ],
    [
      1,
      1,
      1,
      1,
      1
    ],
    [
      1,
      1,
      1,
      1,
      1
    ],
    [
      0,
      1,
      1,
      1,
      1
    ],
    [
      1,
      1,
      1,
      1,
      1
    ],
    [
      1,
      1,
      1,
      1,
      1
    ],
    [
      1,
      1,
      1,
      1,
      1
    ],
    [
      0,
      1,
      1,
      1,
      1
    ],
    [
      0,
      1,
      0,
      1,
      1
    ],
    [
      0,
      0,
      0,
      0,
      0
    ],
    [
      1,
      1,
      1,
      1,
      1
    ],
    [
      0,
      1,
      1,
      1,
      1
    ],
    [
      1,
      1,
      1,
      1,
      1
    ],
    [
      1,
      1,
      1,
      1,
      1
    ],
    [
      0,
      1,
      1,
      1,
      1
    ],
    [
      1,
      1,
      1,
      1,
      1
    ]
  ],
  "assortments": [
    [
      0,
      0,
      0,
      0,
      0
    ],
    [
      0,
      0,
      0,
      0,
      1
    ],
    [
      0,
      0,
      0,
      1,
      0
    ],
    [
      0,
      0,
      0,
      1,
      1
    ],
    [
      0,
      0,
      1,
      0,
      0
    ],
    [
      0,
      0,
      1,
      0,
      1
    ],
    [
      0,
      0,
      1,
      1,
      0
    ],
    [
      0,
      0,
      1,
      1,
      1
    ],
    [
      0,
      1,
      0,
      0,
      0
    ],
    [
      0,
      1,
      0,
      0,
      1
    ],
    [
      0,
      1,
      0,
      1,
      0
    ],
    [
      0,
      1,
      0,
      1,
      1
    ],
    [
      0,
      1,
      1,
      0,
      0
    ],
    [
      0,
      1,
      1,
      0,
      1
    ],
    [
      0,
      1,
      1,
      1,
      0
    ],
    [
      0,
      1,
      1,
      1,
      1
    ],
    [
      1,
      0,
      0,
      0,
      0
    ],
    [
      1,
      0,
      0,
      0,
      1
    ],
    [
      1,
      0,
      0,
      1,
      0
    ],
    [
      1,
      0,
      0,
      1,
      1
    ],
    [
      1,
      0,
      1,
      0,
      0
    ],
    [
      1,
      0,
      1,
      0,
      1
    ],
    [
      1,
      0,
      1,
      1,
      0
    ],
    [
      1,
      0,
      1,
      1,
      1
    ],
    [
      1,
      1,
      0,
      0,
      0
    ],
    [
      1,
      1,
      0,
      0,
      1
    ],
    [
      1,
      1,
      0,
      1,
      0
    ],
    [
      1,
      1,
      0,
      1,
      1
    ],
    [
      1,
      1,
      1,
      0,
      0
    ],
    [
      1,
      1,
      1,
      0,
      1
    ],
    [
      1,
      1,
      1,
      1,
      0
    ],
    [
      1,
      1,
      1,
      1,
      1
    ]
  ]
}