{
  "solver_status": 2,
  "feasible": true,
  "mb_formulation_version": 6,
  "runtime": 32.424283027648926,
  "wall_time": 32.42431092262268,
  "mip_gap": 0.009203752763185207,
  "objective": 5.0467156572686696,
  "revenue_in_sample": 5.046715643965445,
  "model_num_vars": 6281,
  "model_num_binvars": 1550,
  "model_num_constrs": 10471,
  "bundle_space_size": 32,
  "subadditivity_mode": "full_partition",
  "policy_scope": "full_bundle_prices",
  "bundle_prices": {
    "2": 7.9139153201108705,
    "3": 17.339245334081017,
    "7": 22.957742412412117,
    "11": 21.012994796295132,
    "15": 26.43637854341122,
    "19": 18.229979231665904,
    "23": 23.765848616123396,
    "27": 21.692428435876998,
    "31": 26.963499041995593
  },
  "bundle_prices_full": {
    "0": 0.0,
    "1": 30.351164817620713,
    "2": 7.9139153201108705,
    "3": 17.339245334081017,
    "4": 30.351164817620713,
    "5": 30.351164817620713,
    "6": 26.508686075989353,
    "7": 22.957742412412117,
    "8": 30.351164817620727,
    "9": 30.351164817620713,
    "10": 11.480843267548384,
    "11": 21.012994796295132,
    "12": 30.351164817620727,
    "13": 30.351164817620713,
    "14": 30.351164817620713,
    "15": 26.43637854341122,
    "16": 28.065727396766523,
    "17": 11.424896593328256,
    "18": 8.979274286174771,
    "19": 18.229979231665904,
    "20": 30.351164817620717,
    "21": 17.128252918519337,
    "22": 14.655075969972767,
    "23": 23.765848616123396,
    "24": 13.70309889204562,
    "25": 14.819127497041404,
    "26": 12.437216753414207,
    "27": 21.692428435876998,
    "28": 30.351164817620717,
    "29": 30.351164817620713,
    "30": 17.921081776903787,
    "31": 26.963499041995593
  },
  "bundle_prices_selected": {
    "2": 7.9139153201108705,
    "3": 17.339245334081017,
    "7": 22.957742412412117,
    "11": 21.012994796295132,
    "15": 26.43637854341122,
    "19": 18.229979231665904,
    "23": 23.765848616123396,
    "27": 21.692428435876998,
    "31": 26.963499041995593
  },
  "chosen_bundle_idx_by_customer": [
    31,
    31,
    15,
    11,
    31,
    31,
    27,
    31,
    27,
    7,
    31,
    23,
    23,
    27,
    11,
    0,
    7,
    31,
    7,
    0,
    23,
    0,
    31,
    7,
    19,
    19,
    3,
    31,
    31,
    23,
    19,
    15,
    27,
    31,
    3,
    31,
    31,
    31,
    27,
    0,
    31,
    23,
    3,
    31,
    23,
    2,
    7,
    23,
    19,
    3
  ],
  "chosen_product_matrix": [
    [
      1,
      1,
      1,
      1,
      1
    ],
    [
      1,
      1,
      1,
      1,
      1
    ],
    [
      0,
      1,
      1,
      1,
      1
    ],
    [
      0,
      1,
      0,
      1,
      1
    ],
    [
      1,
      1,
      1,
      1,
      1
    ],
    [
      1,
      1,
      1,
      1,
      1
    ],
    [
      1,
      1,
      0,
      1,
      1
    ],
    [
      1,
      1,
      1,
      1,
      1
    ],
    [
      1,
      1,
      0,
      1,
      1
    ],
    [
      0,
      0,
      1,
      1,
      1
    ],
    [
      1,
      1,
      1,
      1,
      1
    ],
    [
      1,
      0,
      1,
      1,
      1
    ],
    [
      1,
      0,
      1,
      1,
      1
    ],
    [
      1,
      1,
      0,
      1,
      1
    ],
    [
      0,
      1,
      0,
      1,
      1
    ],
    [
      0,
      0,
      0,
      0,
      0
    ],
    [
      0,
      0,
      1,
      1,
      1
    ],
    [
      1,
      1,
      1,
      1,
      1
    ],
    [
      0,
      0,
      1,
      1,
      1
    ],
    [
      0,
      0,
      0,
      0,
      0
    ],
    [
      1,
      0,
      1,
      1,
      1
    ],
    [
      0,
      0,
      0,
      0,
      0
    ],
    [
      1,
      1,
      1,
      1,
      1
    ],
    [
      0,
      0,
      1,
      1,
      1
    ],
    [
      1,
      0,
      0,
      1,
      1
    ],
    [
      1,
      0,
      0,
      1,
      1
    ],
    [
      0,
      0,
      0,
      1,
      1
    ],
    [
      1,
      1,
      1,
      1,
      1
    ],
    [
      1,
      1,
      1,
      1,
      1
    ],
    [
      1,
      0,
      1,
      1,
      1
    ],
    [
      1,
      0,
      0,
      1,
      1
    ],
    [
      0,
      1,
      1,
      1,
      1
    ],
    [
      1,
      1,
      0,
      1,
      1
    ],
    [
      1,
      1,
      1,
      1,
      1
    ],
    [
      0,
      0,
      0,
      1,
      1
    ],
    [
      1,
      1,
      1,
      1,
      1
    ],
    [
      1,
      1,
      1,
      1,
      1
    ],
    [
      1,
      1,
      1,
      1,
      1
    ],
    [
      1,
      1,
      0,
      1,
      1
    ],
    [
      0,
      0,
      0,
      0,
      0
    ],
    [
      1,
      1,
      1,
      1,
      1
    ],
    [
      1,
      0,
      1,
      1,
      1
    ],
    [
      0,
      0,
      0,
      1,
      1
    ],
    [
      1,
      1,
      1,
      1,
      1
    ],
    [
      1,
      0,
      1,
      1,
      1
    ],
    [
      0,
      0,
      0,
      1,
      0
    ],
    [
      0,
      0,
      1,
      1,
      1
    ],
    [
      1,
      0,
      1,
      1,
      1
    ],
    [
      1,
      0,
      0,
      1,
      1
    ],
    [
      0,
      0,
      0,
      1,
      1
    ]
  ],
  "assortments": [
    [
      0,
      0,
      0,
      0,
      0
    ],
    [
      0,
      0,
      0,
      0,
      1
    ],
    [
      0,
      0,
      0,
      1,
      0
    ],
    [
      0,
      0,
      0,
      1,
      1
    ],
    [
      0,
      0,
      1,
      0,
      0
    ],
    [
      0,
      0,
      1,
      0,
      1
    ],
    [
      0,
      0,
      1,
      1,
      0
    ],
    [
      0,
      0,
      1,
      1,
      1
    ],
    [
      0,
      1,
      0,
      0,
      0
    ],
    [
      0,
      1,
      0,
      0,
      1
    ],
    [
      0,
      1,
      0,
      1,
      0
    ],
    [
      0,
      1,
      0,
      1,
      1
    ],
    [
      0,
      1,
      1,
      0,
      0
    ],
    [
      0,
      1,
      1,
      0,
      1
    ],
    [
      0,
      1,
      1,
      1,
      0
    ],
    [
      0,
      1,
      1,
      1,
      1
    ],
    [
      1,
      0,
      0,
      0,
      0
    ],
    [
      1,
      0,
      0,
      0,
      1
    ],
    [
      1,
      0,
      0,
      1,
      0
    ],
    [
      1,
      0,
      0,
      1,
      1
    ],
    [
      1,
      0,
      1,
      0,
      0
    ],
    [
      1,
      0,
      1,
      0,
      1
    ],
    [
      1,
      0,
      1,
      1,
      0
    ],
    [
      1,
      0,
      1,
      1,
      1
    ],
    [
      1,
      1,
      0,
      0,
      0
    ],
    [
      1,
      1,
      0,
      0,
      1
    ],
    [
      1,
      1,
      0,
      1,
      0
    ],
    [
      1,
      1,
      0,
      1,
      1
    ],
    [
      1,
      1,
      1,
      0,
      0
    ],
    [
      1,
      1,
      1,
      0,
      1
    ],
    [
      1,
      1,
      1,
      1,
      0
    ],
    [
      1,
      1,
      1,
      1,
      1
    ]
  ]
}