{
  "solver_status": 2,
  "feasible": true,
  "mb_formulation_version": 6,
  "runtime": 1.1791770458221436,
  "wall_time": 1.179192066192627,
  "mip_gap": 0.00938977757551564,
  "objective": 8.553275638203951,
  "revenue_in_sample": 8.553275638203946,
  "model_num_vars": 6281,
  "model_num_binvars": 1550,
  "model_num_constrs": 10471,
  "bundle_space_size": 32,
  "subadditivity_mode": "full_partition",
  "policy_scope": "full_bundle_prices",
  "bundle_prices": {
    "7": 23.191794411802956,
    "15": 26.752948964020955,
    "16": 1.1160177325776541,
    "23": 23.191794411802956,
    "30": 17.332377883467704,
    "31": 26.752948964020955
  },
  "bundle_prices_full": {
    "0": 0.0,
    "1": 29.949518772194956,
    "2": 29.949518772194956,
    "3": 29.949518772194956,
    "4": 29.949518772194956,
    "5": 29.949518772194956,
    "6": 14.642094437465415,
    "7": 23.191794411802956,
    "8": 29.94951877219497,
    "9": 29.354803672272915,
    "10": 29.949518772194956,
    "11": 29.354803672272872,
    "12": 29.949518772194956,
    "13": 29.949518772194956,
    "14": 25.690976242809953,
    "15": 26.752948964020955,
    "16": 1.1160177325776541,
    "17": 11.011441192149709,
    "18": 25.624243546906456,
    "19": 27.484509880297615,
    "20": 27.64424215942607,
    "21": 29.949518772194956,
    "22": 14.005092302822337,
    "23": 23.191794411802956,
    "24": 17.266672950664848,
    "25": 14.288343912301979,
    "26": 12.15972582751764,
    "27": 29.949518772194956,
    "28": 29.949518772194956,
    "29": 29.949518772194956,
    "30": 17.332377883467704,
    "31": 26.752948964020955
  },
  "bundle_prices_selected": {
    "7": 23.191794411802956,
    "15": 26.752948964020955,
    "16": 1.1160177325776541,
    "23": 23.191794411802956,
    "30": 17.332377883467704,
    "31": 26.752948964020955
  },
  "chosen_bundle_idx_by_customer": [
    23,
    23,
    31,
    23,
    23,
    23,
    31,
    16,
    30,
    23,
    23,
    23,
    23,
    23,
    23,
    23,
    31,
    31,
    23,
    23,
    23,
    31,
    23,
    31,
    31,
    23,
    23,
    31,
    23,
    23,
    23,
    23,
    31,
    23,
    23,
    7,
    31,
    31,
    15,
    23,
    23,
    23,
    31,
    23,
    31,
    23,
    23,
    23,
    23,
    23
  ],
  "chosen_product_matrix": [
    [
      1,
      0,
      1,
      1,
      1
    ],
    [
      1,
      0,
      1,
      1,
      1
    ],
    [
      1,
      1,
      1,
      1,
      1
    ],
    [
      1,
      0,
      1,
      1,
      1
    ],
    [
      1,
      0,
      1,
      1,
      1
    ],
    [
      1,
      0,
      1,
      1,
      1
    ],
    [
      1,
      1,
      1,
      1,
      1
    ],
    [
      1,
      0,
      0,
      0,
      0
    ],
    [
      1,
      1,
      1,
      1,
      0
    ],
    [
      1,
      0,
      1,
      1,
      1
    ],
    [
      1,
      0,
      1,
      1,
      1
    ],
    [
      1,
      0,
      1,
      1,
      1
    ],
    [
      1,
      0,
      1,
      1,
      1
    ],
    [
      1,
      0,
      1,
      1,
      1
    ],
    [
      1,
      0,
      1,
      1,
      1
    ],
    [
      1,
      0,
      1,
      1,
      1
    ],
    [
      1,
      1,
      1,
      1,
      1
    ],
    [
      1,
      1,
      1,
      1,
      1
    ],
    [
      1,
      0,
      1,
      1,
      1
    ],
    [
      1,
      0,
      1,
      1,
      1
    ],
    [
      1,
      0,
      1,
      1,
      1
    ],
    [
      1,
      1,
      1,
      1,
      1
    ],
    [
      1,
      0,
      1,
      1,
      1
    ],
    [
      1,
      1,
      1,
      1,
      1
    ],
    [
      1,
      1,
      1,
      1,
      1
    ],
    [
      1,
      0,
      1,
      1,
      1
    ],
    [
      1,
      0,
      1,
      1,
      1
    ],
    [
      1,
      1,
      1,
      1,
      1
    ],
    [
      1,
      0,
      1,
      1,
      1
    ],
    [
      1,
      0,
      1,
      1,
      1
    ],
    [
      1,
      0,
      1,
      1,
      1
    ],
    [
      1,
      0,
      1,
      1,
      1
    ],
    [
      1,
      1,
      1,
      1,
      1
    ],
    [
      1,
      0,
      1,
      1,
      1
    ],
    [
      1,
      0,
      1,
      1,
      1
    ],
    [
      0,
      0,
      1,
      1,
      1
    ],
    [
      1,
      1,
      1,
      1,
      1
    ],
    [
      1,
      1,
      1,
      1,
      1
    ],
    [
      0,
      1,
      1,
      1,
      1
    ],
    [
      1,
      0,
      1,
      1,
      1
    ],
    [
      1,
      0,
      1,
      1,
      1
    ],
    [
      1,
      0,
      1,
      1,
      1
    ],
    [
      1,
      1,
      1,
      1,
      1
    ],
    [
      1,
      0,
      1,
      1,
      1
    ],
    [
      1,
      1,
      1,
      1,
      1
    ],
    [
      1,
      0,
      1,
      1,
      1
    ],
    [
      1,
      0,
      1,
      1,
      1
    ],
    [
      1,
      0,
      1,
      1,
      1
    ],
    [
      1,
      0,
      1,
      1,
      1
    ],
    [
      1,
      0,
      1,
      1,
      1
    ]
  ],
  "assortments": [
    [
      0,
      0,
      0,
      0,
      0
    ],
    [
      0,
      0,
      0,
      0,
      1
    ],
    [
      0,
      0,
      0,
      1,
      0
    ],
    [
      0,
      0,
      0,
      1,
      1
    ],
    [
      0,
      0,
      1,
      0,
      0
    ],
    [
      0,
      0,
      1,
      0,
      1
    ],
    [
      0,
      0,
      1,
      1,
      0
    ],
    [
      0,
      0,
      1,
      1,
      1
    ],
    [
      0,
      1,
      0,
      0,
      0
    ],
    [
      0,
      1,
      0,
      0,
      1
    ],
    [
      0,
      1,
      0,
      1,
      0
    ],
    [
      0,
      1,
      0,
      1,
      1
    ],
    [
      0,
      1,
      1,
      0,
      0
    ],
    [
      0,
      1,
      1,
      0,
      1
    ],
    [
      0,
      1,
      1,
      1,
      0
    ],
    [
      0,
      1,
      1,
      1,
      1
    ],
    [
      1,
      0,
      0,
      0,
      0
    ],
    [
      1,
      0,
      0,
      0,
      1
    ],
    [
      1,
      0,
      0,
      1,
      0
    ],
    [
      1,
      0,
      0,
      1,
      1
    ],
    [
      1,
      0,
      1,
      0,
      0
    ],
    [
      1,
      0,
      1,
      0,
      1
    ],
    [
      1,
      0,
      1,
      1,
      0
    ],
    [
      1,
      0,
      1,
      1,
      1
    ],
    [
      1,
      1,
      0,
      0,
      0
    ],
    [
      1,
      1,
      0,
      0,
      1
    ],
    [
      1,
      1,
      0,
      1,
      0
    ],
    [
      1,
      1,
      0,
      1,
      1
    ],
    [
      1,
      1,
      1,
      0,
      0
    ],
    [
      1,
      1,
      1,
      0,
      1
    ],
    [
      1,
      1,
      1,
      1,
      0
    ],
    [
      1,
      1,
      1,
      1,
      1
    ]
  ]
}