{
  "solver_status": 2,
  "feasible": true,
  "mb_formulation_version": 6,
  "runtime": 17.21376395225525,
  "wall_time": 17.2137930393219,
  "mip_gap": 0.009997127038660378,
  "objective": 7.1824331127250876,
  "revenue_in_sample": 7.182433112725078,
  "model_num_vars": 6281,
  "model_num_binvars": 1550,
  "model_num_constrs": 10471,
  "bundle_space_size": 32,
  "subadditivity_mode": "full_partition",
  "policy_scope": "full_bundle_prices",
  "bundle_prices": {
    "3": 17.531304405671193,
    "7": 22.906231344596925,
    "11": 20.493226423645957,
    "15": 25.84349818303952,
    "17": 11.40610509410725,
    "21": 15.748345030544943,
    "23": 23.781631509934194,
    "25": 13.952120110903262,
    "27": 21.773711917410886,
    "31": 26.51688677397835
  },
  "bundle_prices_full": {
    "0": 0.0,
    "1": 30.341506711425488,
    "2": 30.341506711425488,
    "3": 17.531304405671193,
    "4": 30.34150671142549,
    "5": 29.379941060718824,
    "6": 30.341506711425488,
    "7": 22.906231344596925,
    "8": 3.66008956234009,
    "9": 13.380120029265976,
    "10": 30.341506711425488,
    "11": 20.493226423645957,
    "12": 30.341506711425502,
    "13": 18.61277943118299,
    "14": 30.341506711425488,
    "15": 25.84349818303952,
    "16": 30.341506711425488,
    "17": 11.40610509410725,
    "18": 30.341506711425488,
    "19": 18.73217676269214,
    "20": 30.341506711425502,
    "21": 15.748345030544943,
    "22": 30.341506711425488,
    "23": 23.781631509934194,
    "24": 30.341506711425506,
    "25": 13.952120110903262,
    "26": 30.341506711425488,
    "27": 21.773711917410886,
    "28": 30.341506711425488,
    "29": 19.408434592885033,
    "30": 30.341506711425488,
    "31": 26.51688677397835
  },
  "bundle_prices_selected": {
    "3": 17.531304405671193,
    "7": 22.906231344596925,
    "11": 20.493226423645957,
    "15": 25.84349818303952,
    "17": 11.40610509410725,
    "21": 15.748345030544943,
    "23": 23.781631509934194,
    "25": 13.952120110903262,
    "27": 21.773711917410886,
    "31": 26.51688677397835
  },
  "chosen_bundle_idx_by_customer": [
    31,
    31,
    27,
    31,
    31,
    11,
    31,
    21,
    25,
    21,
    25,
    31,
    31,
    15,
    31,
    21,
    31,
    31,
    31,
    7,
    23,
    7,
    31,
    15,
    31,
    23,
    31,
    21,
    31,
    15,
    15,
    31,
    3,
    31,
    31,
    15,
    31,
    11,
    11,
    11,
    11,
    31,
    31,
    21,
    21,
    15,
    31,
    17,
    31,
    31
  ],
  "chosen_product_matrix": [
    [
      1,
      1,
      1,
      1,
      1
    ],
    [
      1,
      1,
      1,
      1,
      1
    ],
    [
      1,
      1,
      0,
      1,
      1
    ],
    [
      1,
      1,
      1,
      1,
      1
    ],
    [
      1,
      1,
      1,
      1,
      1
    ],
    [
      0,
      1,
      0,
      1,
      1
    ],
    [
      1,
      1,
      1,
      1,
      1
    ],
    [
      1,
      0,
      1,
      0,
      1
    ],
    [
      1,
      1,
      0,
      0,
      1
    ],
    [
      1,
      0,
      1,
      0,
      1
    ],
    [
      1,
      1,
      0,
      0,
      1
    ],
    [
      1,
      1,
      1,
      1,
      1
    ],
    [
      1,
      1,
      1,
      1,
      1
    ],
    [
      0,
      1,
      1,
      1,
      1
    ],
    [
      1,
      1,
      1,
      1,
      1
    ],
    [
      1,
      0,
      1,
      0,
      1
    ],
    [
      1,
      1,
      1,
      1,
      1
    ],
    [
      1,
      1,
      1,
      1,
      1
    ],
    [
      1,
      1,
      1,
      1,
      1
    ],
    [
      0,
      0,
      1,
      1,
      1
    ],
    [
      1,
      0,
      1,
      1,
      1
    ],
    [
      0,
      0,
      1,
      1,
      1
    ],
    [
      1,
      1,
      1,
      1,
      1
    ],
    [
      0,
      1,
      1,
      1,
      1
    ],
    [
      1,
      1,
      1,
      1,
      1
    ],
    [
      1,
      0,
      1,
      1,
      1
    ],
    [
      1,
      1,
      1,
      1,
      1
    ],
    [
      1,
      0,
      1,
      0,
      1
    ],
    [
      1,
      1,
      1,
      1,
      1
    ],
    [
      0,
      1,
      1,
      1,
      1
    ],
    [
      0,
      1,
      1,
      1,
      1
    ],
    [
      1,
      1,
      1,
      1,
      1
    ],
    [
      0,
      0,
      0,
      1,
      1
    ],
    [
      1,
      1,
      1,
      1,
      1
    ],
    [
      1,
      1,
      1,
      1,
      1
    ],
    [
      0,
      1,
      1,
      1,
      1
    ],
    [
      1,
      1,
      1,
      1,
      1
    ],
    [
      0,
      1,
      0,
      1,
      1
    ],
    [
      0,
      1,
      0,
      1,
      1
    ],
    [
      0,
      1,
      0,
      1,
      1
    ],
    [
      0,
      1,
      0,
      1,
      1
    ],
    [
      1,
      1,
      1,
      1,
      1
    ],
    [
      1,
      1,
      1,
      1,
      1
    ],
    [
      1,
      0,
      1,
      0,
      1
    ],
    [
      1,
      0,
      1,
      0,
      1
    ],
    [
      0,
      1,
      1,
      1,
      1
    ],
    [
      1,
      1,
      1,
      1,
      1
    ],
    [
      1,
      0,
      0,
      0,
      1
    ],
    [
      1,
      1,
      1,
      1,
      1
    ],
    [
      1,
      1,
      1,
      1,
      1
    ]
  ],
  "assortments": [
    [
      0,
      0,
      0,
      0,
      0
    ],
    [
      0,
      0,
      0,
      0,
      1
    ],
    [
      0,
      0,
      0,
      1,
      0
    ],
    [
      0,
      0,
      0,
      1,
      1
    ],
    [
      0,
      0,
      1,
      0,
      0
    ],
    [
      0,
      0,
      1,
      0,
      1
    ],
    [
      0,
      0,
      1,
      1,
      0
    ],
    [
      0,
      0,
      1,
      1,
      1
    ],
    [
      0,
      1,
      0,
      0,
      0
    ],
    [
      0,
      1,
      0,
      0,
      1
    ],
    [
      0,
      1,
      0,
      1,
      0
    ],
    [
      0,
      1,
      0,
      1,
      1
    ],
    [
      0,
      1,
      1,
      0,
      0
    ],
    [
      0,
      1,
      1,
      0,
      1
    ],
    [
      0,
      1,
      1,
      1,
      0
    ],
    [
      0,
      1,
      1,
      1,
      1
    ],
    [
      1,
      0,
      0,
      0,
      0
    ],
    [
      1,
      0,
      0,
      0,
      1
    ],
    [
      1,
      0,
      0,
      1,
      0
    ],
    [
      1,
      0,
      0,
      1,
      1
    ],
    [
      1,
      0,
      1,
      0,
      0
    ],
    [
      1,
      0,
      1,
      0,
      1
    ],
    [
      1,
      0,
      1,
      1,
      0
    ],
    [
      1,
      0,
      1,
      1,
      1
    ],
    [
      1,
      1,
      0,
      0,
      0
    ],
    [
      1,
      1,
      0,
      0,
      1
    ],
    [
      1,
      1,
      0,
      1,
      0
    ],
    [
      1,
      1,
      0,
      1,
      1
    ],
    [
      1,
      1,
      1,
      0,
      0
    ],
    [
      1,
      1,
      1,
      0,
      1
    ],
    [
      1,
      1,
      1,
      1,
      0
    ],
    [
      1,
      1,
      1,
      1,
      1
    ]
  ]
}