{
  "solver_status": 2,
  "feasible": true,
  "mb_formulation_version": 6,
  "runtime": 12.02373719215393,
  "wall_time": 12.023751974105835,
  "mip_gap": 0.009648230009598443,
  "objective": 6.055898692647921,
  "revenue_in_sample": 6.05589869264805,
  "model_num_vars": 6281,
  "model_num_binvars": 1550,
  "model_num_constrs": 10471,
  "bundle_space_size": 32,
  "subadditivity_mode": "full_partition",
  "policy_scope": "full_bundle_prices",
  "bundle_prices": {
    "3": 17.46936863304356,
    "7": 22.468506670338186,
    "14": 17.307142058180695,
    "15": 25.766271439544894,
    "19": 19.047772649522088,
    "23": 23.892294924810656,
    "27": 22.358504792082368,
    "31": 27.063700269835277
  },
  "bundle_prices_full": {
    "0": 0.0,
    "1": 28.56543299919878,
    "2": 20.848199604685824,
    "3": 17.46936863304356,
    "4": 30.486319334047565,
    "5": 30.486319334047565,
    "6": 30.486319334047565,
    "7": 22.468506670338186,
    "8": 30.214825711718237,
    "9": 30.486319334047565,
    "10": 30.486319334047565,
    "11": 21.19242151342387,
    "12": 30.486319334047565,
    "13": 30.486319334047565,
    "14": 17.307142058180695,
    "15": 25.766271439544894,
    "16": 27.542101209122222,
    "17": 11.284731686243092,
    "18": 20.848199604685824,
    "19": 19.047772649522088,
    "20": 30.48631933404758,
    "21": 30.486319334047565,
    "22": 14.674233941144404,
    "23": 23.892294924810656,
    "24": 30.48631933404758,
    "25": 30.48631933404758,
    "26": 12.303794788088615,
    "27": 22.358504792082368,
    "28": 30.48631933404758,
    "29": 30.486319334047565,
    "30": 17.988392442685416,
    "31": 27.063700269835277
  },
  "bundle_prices_selected": {
    "3": 17.46936863304356,
    "7": 22.468506670338186,
    "14": 17.307142058180695,
    "15": 25.766271439544894,
    "19": 19.047772649522088,
    "23": 23.892294924810656,
    "27": 22.358504792082368,
    "31": 27.063700269835277
  },
  "chosen_bundle_idx_by_customer": [
    19,
    31,
    27,
    15,
    15,
    7,
    0,
    31,
    15,
    15,
    15,
    7,
    31,
    23,
    7,
    7,
    7,
    31,
    15,
    15,
    7,
    27,
    31,
    3,
    15,
    15,
    7,
    7,
    7,
    7,
    14,
    23,
    15,
    7,
    31,
    15,
    31,
    3,
    7,
    31,
    31,
    7,
    15,
    31,
    31,
    3,
    15,
    7,
    15,
    7
  ],
  "chosen_product_matrix": [
    [
      1,
      0,
      0,
      1,
      1
    ],
    [
      1,
      1,
      1,
      1,
      1
    ],
    [
      1,
      1,
      0,
      1,
      1
    ],
    [
      0,
      1,
      1,
      1,
      1
    ],
    [
      0,
      1,
      1,
      1,
      1
    ],
    [
      0,
      0,
      1,
      1,
      1
    ],
    [
      0,
      0,
      0,
      0,
      0
    ],
    [
      1,
      1,
      1,
      1,
      1
    ],
    [
      0,
      1,
      1,
      1,
      1
    ],
    [
      0,
      1,
      1,
      1,
      1
    ],
    [
      0,
      1,
      1,
      1,
      1
    ],
    [
      0,
      0,
      1,
      1,
      1
    ],
    [
      1,
      1,
      1,
      1,
      1
    ],
    [
      1,
      0,
      1,
      1,
      1
    ],
    [
      0,
      0,
      1,
      1,
      1
    ],
    [
      0,
      0,
      1,
      1,
      1
    ],
    [
      0,
      0,
      1,
      1,
      1
    ],
    [
      1,
      1,
      1,
      1,
      1
    ],
    [
      0,
      1,
      1,
      1,
      1
    ],
    [
      0,
      1,
      1,
      1,
      1
    ],
    [
      0,
      0,
      1,
      1,
      1
    ],
    [
      1,
      1,
      0,
      1,
      1
    ],
    [
      1,
      1,
      1,
      1,
      1
    ],
    [
      0,
      0,
      0,
      1,
      1
    ],
    [
      0,
      1,
      1,
      1,
      1
    ],
    [
      0,
      1,
      1,
      1,
      1
    ],
    [
      0,
      0,
      1,
      1,
      1
    ],
    [
      0,
      0,
      1,
      1,
      1
    ],
    [
      0,
      0,
      1,
      1,
      1
    ],
    [
      0,
      0,
      1,
      1,
      1
    ],
    [
      0,
      1,
      1,
      1,
      0
    ],
    [
      1,
      0,
      1,
      1,
      1
    ],
    [
      0,
      1,
      1,
      1,
      1
    ],
    [
      0,
      0,
      1,
      1,
      1
    ],
    [
      1,
      1,
      1,
      1,
      1
    ],
    [
      0,
      1,
      1,
      1,
      1
    ],
    [
      1,
      1,
      1,
      1,
      1
    ],
    [
      0,
      0,
      0,
      1,
      1
    ],
    [
      0,
      0,
      1,
      1,
      1
    ],
    [
      1,
      1,
      1,
      1,
      1
    ],
    [
      1,
      1,
      1,
      1,
      1
    ],
    [
      0,
      0,
      1,
      1,
      1
    ],
    [
      0,
      1,
      1,
      1,
      1
    ],
    [
      1,
      1,
      1,
      1,
      1
    ],
    [
      1,
      1,
      1,
      1,
      1
    ],
    [
      0,
      0,
      0,
      1,
      1
    ],
    [
      0,
      1,
      1,
      1,
      1
    ],
    [
      0,
      0,
      1,
      1,
      1
    ],
    [
      0,
      1,
      1,
      1,
      1
    ],
    [
      0,
      0,
      1,
      1,
      1
    ]
  ],
  "assortments": [
    [
      0,
      0,
      0,
      0,
      0
    ],
    [
      0,
      0,
      0,
      0,
      1
    ],
    [
      0,
      0,
      0,
      1,
      0
    ],
    [
      0,
      0,
      0,
      1,
      1
    ],
    [
      0,
      0,
      1,
      0,
      0
    ],
    [
      0,
      0,
      1,
      0,
      1
    ],
    [
      0,
      0,
      1,
      1,
      0
    ],
    [
      0,
      0,
      1,
      1,
      1
    ],
    [
      0,
      1,
      0,
      0,
      0
    ],
    [
      0,
      1,
      0,
      0,
      1
    ],
    [
      0,
      1,
      0,
      1,
      0
    ],
    [
      0,
      1,
      0,
      1,
      1
    ],
    [
      0,
      1,
      1,
      0,
      0
    ],
    [
      0,
      1,
      1,
      0,
      1
    ],
    [
      0,
      1,
      1,
      1,
      0
    ],
    [
      0,
      1,
      1,
      1,
      1
    ],
    [
      1,
      0,
      0,
      0,
      0
    ],
    [
      1,
      0,
      0,
      0,
      1
    ],
    [
      1,
      0,
      0,
      1,
      0
    ],
    [
      1,
      0,
      0,
      1,
      1
    ],
    [
      1,
      0,
      1,
      0,
      0
    ],
    [
      1,
      0,
      1,
      0,
      1
    ],
    [
      1,
      0,
      1,
      1,
      0
    ],
    [
      1,
      0,
      1,
      1,
      1
    ],
    [
      1,
      1,
      0,
      0,
      0
    ],
    [
      1,
      1,
      0,
      0,
      1
    ],
    [
      1,
      1,
      0,
      1,
      0
    ],
    [
      1,
      1,
      0,
      1,
      1
    ],
    [
      1,
      1,
      1,
      0,
      0
    ],
    [
      1,
      1,
      1,
      0,
      1
    ],
    [
      1,
      1,
      1,
      1,
      0
    ],
    [
      1,
      1,
      1,
      1,
      1
    ]
  ]
}