{
  "solver_status": 2,
  "feasible": true,
  "mb_formulation_version": 6,
  "runtime": 6.297176122665405,
  "wall_time": 6.2971930503845215,
  "mip_gap": 0.009869564418974122,
  "objective": 9.632333175899317,
  "revenue_in_sample": 9.632333175899547,
  "model_num_vars": 6281,
  "model_num_binvars": 1550,
  "model_num_constrs": 10471,
  "bundle_space_size": 32,
  "subadditivity_mode": "full_partition",
  "policy_scope": "full_bundle_prices",
  "bundle_prices": {
    "3": 17.905019860960913,
    "4": 5.461393117100138,
    "5": 15.330231957681441,
    "7": 23.365142441707103,
    "13": 18.50092353307708,
    "15": 25.87633697076159,
    "29": 19.794148479807767,
    "31": 27.8213749067437
  },
  "bundle_prices_full": {
    "0": 0.0,
    "1": 30.497219081495803,
    "2": 15.66665973645507,
    "3": 17.905019860960913,
    "4": 5.461393117100138,
    "5": 15.330231957681441,
    "6": 13.657397742707166,
    "7": 23.365142441707103,
    "8": 26.56780839131685,
    "9": 30.497219081495803,
    "10": 30.497219081495803,
    "11": 30.497219081495803,
    "12": 8.925523660331395,
    "13": 18.50092353307708,
    "14": 18.49917706008479,
    "15": 25.87633697076159,
    "16": 30.497219081495803,
    "17": 30.497219081495803,
    "18": 16.47332692367582,
    "19": 30.497219081495803,
    "20": 30.497219081495803,
    "21": 16.605037414268256,
    "22": 15.812036190230355,
    "23": 24.62088860727979,
    "24": 26.932954957630805,
    "25": 30.497219081495803,
    "26": 30.497219081495803,
    "27": 30.497219081495803,
    "28": 30.497219081495803,
    "29": 19.794148479807767,
    "30": 18.004178863689734,
    "31": 27.8213749067437
  },
  "bundle_prices_selected": {
    "3": 17.905019860960913,
    "4": 5.461393117100138,
    "5": 15.330231957681441,
    "7": 23.365142441707103,
    "13": 18.50092353307708,
    "15": 25.87633697076159,
    "29": 19.794148479807767,
    "31": 27.8213749067437
  },
  "chosen_bundle_idx_by_customer": [
    15,
    15,
    4,
    15,
    15,
    15,
    15,
    15,
    7,
    15,
    15,
    3,
    15,
    15,
    15,
    15,
    15,
    15,
    29,
    15,
    15,
    15,
    15,
    15,
    31,
    15,
    15,
    15,
    4,
    15,
    15,
    15,
    15,
    0,
    15,
    15,
    15,
    15,
    15,
    15,
    15,
    5,
    29,
    15,
    5,
    29,
    15,
    15,
    15,
    13
  ],
  "chosen_product_matrix": [
    [
      0,
      1,
      1,
      1,
      1
    ],
    [
      0,
      1,
      1,
      1,
      1
    ],
    [
      0,
      0,
      1,
      0,
      0
    ],
    [
      0,
      1,
      1,
      1,
      1
    ],
    [
      0,
      1,
      1,
      1,
      1
    ],
    [
      0,
      1,
      1,
      1,
      1
    ],
    [
      0,
      1,
      1,
      1,
      1
    ],
    [
      0,
      1,
      1,
      1,
      1
    ],
    [
      0,
      0,
      1,
      1,
      1
    ],
    [
      0,
      1,
      1,
      1,
      1
    ],
    [
      0,
      1,
      1,
      1,
      1
    ],
    [
      0,
      0,
      0,
      1,
      1
    ],
    [
      0,
      1,
      1,
      1,
      1
    ],
    [
      0,
      1,
      1,
      1,
      1
    ],
    [
      0,
      1,
      1,
      1,
      1
    ],
    [
      0,
      1,
      1,
      1,
      1
    ],
    [
      0,
      1,
      1,
      1,
      1
    ],
    [
      0,
      1,
      1,
      1,
      1
    ],
    [
      1,
      1,
      1,
      0,
      1
    ],
    [
      0,
      1,
      1,
      1,
      1
    ],
    [
      0,
      1,
      1,
      1,
      1
    ],
    [
      0,
      1,
      1,
      1,
      1
    ],
    [
      0,
      1,
      1,
      1,
      1
    ],
    [
      0,
      1,
      1,
      1,
      1
    ],
    [
      1,
      1,
      1,
      1,
      1
    ],
    [
      0,
      1,
      1,
      1,
      1
    ],
    [
      0,
      1,
      1,
      1,
      1
    ],
    [
      0,
      1,
      1,
      1,
      1
    ],
    [
      0,
      0,
      1,
      0,
      0
    ],
    [
      0,
      1,
      1,
      1,
      1
    ],
    [
      0,
      1,
      1,
      1,
      1
    ],
    [
      0,
      1,
      1,
      1,
      1
    ],
    [
      0,
      1,
      1,
      1,
      1
    ],
    [
      0,
      0,
      0,
      0,
      0
    ],
    [
      0,
      1,
      1,
      1,
      1
    ],
    [
      0,
      1,
      1,
      1,
      1
    ],
    [
      0,
      1,
      1,
      1,
      1
    ],
    [
      0,
      1,
      1,
      1,
      1
    ],
    [
      0,
      1,
      1,
      1,
      1
    ],
    [
      0,
      1,
      1,
      1,
      1
    ],
    [
      0,
      1,
      1,
      1,
      1
    ],
    [
      0,
      0,
      1,
      0,
      1
    ],
    [
      1,
      1,
      1,
      0,
      1
    ],
    [
      0,
      1,
      1,
      1,
      1
    ],
    [
      0,
      0,
      1,
      0,
      1
    ],
    [
      1,
      1,
      1,
      0,
      1
    ],
    [
      0,
      1,
      1,
      1,
      1
    ],
    [
      0,
      1,
      1,
      1,
      1
    ],
    [
      0,
      1,
      1,
      1,
      1
    ],
    [
      0,
      1,
      1,
      0,
      1
    ]
  ],
  "assortments": [
    [
      0,
      0,
      0,
      0,
      0
    ],
    [
      0,
      0,
      0,
      0,
      1
    ],
    [
      0,
      0,
      0,
      1,
      0
    ],
    [
      0,
      0,
      0,
      1,
      1
    ],
    [
      0,
      0,
      1,
      0,
      0
    ],
    [
      0,
      0,
      1,
      0,
      1
    ],
    [
      0,
      0,
      1,
      1,
      0
    ],
    [
      0,
      0,
      1,
      1,
      1
    ],
    [
      0,
      1,
      0,
      0,
      0
    ],
    [
      0,
      1,
      0,
      0,
      1
    ],
    [
      0,
      1,
      0,
      1,
      0
    ],
    [
      0,
      1,
      0,
      1,
      1
    ],
    [
      0,
      1,
      1,
      0,
      0
    ],
    [
      0,
      1,
      1,
      0,
      1
    ],
    [
      0,
      1,
      1,
      1,
      0
    ],
    [
      0,
      1,
      1,
      1,
      1
    ],
    [
      1,
      0,
      0,
      0,
      0
    ],
    [
      1,
      0,
      0,
      0,
      1
    ],
    [
      1,
      0,
      0,
      1,
      0
    ],
    [
      1,
      0,
      0,
      1,
      1
    ],
    [
      1,
      0,
      1,
      0,
      0
    ],
    [
      1,
      0,
      1,
      0,
      1
    ],
    [
      1,
      0,
      1,
      1,
      0
    ],
    [
      1,
      0,
      1,
      1,
      1
    ],
    [
      1,
      1,
      0,
      0,
      0
    ],
    [
      1,
      1,
      0,
      0,
      1
    ],
    [
      1,
      1,
      0,
      1,
      0
    ],
    [
      1,
      1,
      0,
      1,
      1
    ],
    [
      1,
      1,
      1,
      0,
      0
    ],
    [
      1,
      1,
      1,
      0,
      1
    ],
    [
      1,
      1,
      1,
      1,
      0
    ],
    [
      1,
      1,
      1,
      1,
      1
    ]
  ]
}