{
  "solver_status": 2,
  "feasible": true,
  "mb_formulation_version": 6,
  "runtime": 34.51896691322327,
  "wall_time": 34.51898384094238,
  "mip_gap": 0.009742323526993163,
  "objective": 6.601378427637968,
  "revenue_in_sample": 6.601378427637967,
  "model_num_vars": 6281,
  "model_num_binvars": 1550,
  "model_num_constrs": 10471,
  "bundle_space_size": 32,
  "subadditivity_mode": "full_partition",
  "policy_scope": "full_bundle_prices",
  "bundle_prices": {
    "7": 23.39083007594043,
    "10": 10.99928346815962,
    "12": 9.006652128797779,
    "14": 16.237639149717875,
    "15": 26.282425311989506,
    "18": 9.695344450379066,
    "25": 14.354511818872846,
    "27": 22.24559920729143,
    "30": 17.51031869042657,
    "31": 27.25972706526538
  },
  "bundle_prices_full": {
    "0": 0.0,
    "1": 19.307689064166418,
    "2": 30.30697253232604,
    "3": 30.30697253232604,
    "4": 5.869130359164135,
    "5": 15.689344517703155,
    "6": 13.854760304263507,
    "7": 23.39083007594043,
    "8": 25.87936507936508,
    "9": 13.61816116857276,
    "10": 10.99928346815962,
    "11": 30.30697253232604,
    "12": 9.006652128797779,
    "13": 19.09829094563116,
    "14": 16.237639149717875,
    "15": 26.282425311989506,
    "16": 23.267756246213295,
    "17": 11.363723945003334,
    "18": 9.695344450379066,
    "19": 19.486851215363046,
    "20": 24.60981685918552,
    "21": 16.788486310351562,
    "22": 15.242485425659893,
    "23": 24.990873108400706,
    "24": 25.591092822716618,
    "25": 14.354511818872846,
    "26": 12.240479978899817,
    "27": 22.24559920729143,
    "28": 10.183325767849663,
    "29": 20.223642178036982,
    "30": 17.51031869042657,
    "31": 27.25972706526538
  },
  "bundle_prices_selected": {
    "7": 23.39083007594043,
    "10": 10.99928346815962,
    "12": 9.006652128797779,
    "14": 16.237639149717875,
    "15": 26.282425311989506,
    "18": 9.695344450379066,
    "25": 14.354511818872846,
    "27": 22.24559920729143,
    "30": 17.51031869042657,
    "31": 27.25972706526538
  },
  "chosen_bundle_idx_by_customer": [
    10,
    31,
    15,
    27,
    15,
    14,
    31,
    31,
    30,
    15,
    31,
    14,
    15,
    7,
    31,
    31,
    15,
    31,
    0,
    30,
    31,
    31,
    31,
    14,
    14,
    7,
    30,
    7,
    18,
    15,
    15,
    31,
    15,
    0,
    0,
    14,
    31,
    30,
    10,
    25,
    12,
    15,
    31,
    10,
    15,
    15,
    15,
    31,
    14,
    15
  ],
  "chosen_product_matrix": [
    [
      0,
      1,
      0,
      1,
      0
    ],
    [
      1,
      1,
      1,
      1,
      1
    ],
    [
      0,
      1,
      1,
      1,
      1
    ],
    [
      1,
      1,
      0,
      1,
      1
    ],
    [
      0,
      1,
      1,
      1,
      1
    ],
    [
      0,
      1,
      1,
      1,
      0
    ],
    [
      1,
      1,
      1,
      1,
      1
    ],
    [
      1,
      1,
      1,
      1,
      1
    ],
    [
      1,
      1,
      1,
      1,
      0
    ],
    [
      0,
      1,
      1,
      1,
      1
    ],
    [
      1,
      1,
      1,
      1,
      1
    ],
    [
      0,
      1,
      1,
      1,
      0
    ],
    [
      0,
      1,
      1,
      1,
      1
    ],
    [
      0,
      0,
      1,
      1,
      1
    ],
    [
      1,
      1,
      1,
      1,
      1
    ],
    [
      1,
      1,
      1,
      1,
      1
    ],
    [
      0,
      1,
      1,
      1,
      1
    ],
    [
      1,
      1,
      1,
      1,
      1
    ],
    [
      0,
      0,
      0,
      0,
      0
    ],
    [
      1,
      1,
      1,
      1,
      0
    ],
    [
      1,
      1,
      1,
      1,
      1
    ],
    [
      1,
      1,
      1,
      1,
      1
    ],
    [
      1,
      1,
      1,
      1,
      1
    ],
    [
      0,
      1,
      1,
      1,
      0
    ],
    [
      0,
      1,
      1,
      1,
      0
    ],
    [
      0,
      0,
      1,
      1,
      1
    ],
    [
      1,
      1,
      1,
      1,
      0
    ],
    [
      0,
      0,
      1,
      1,
      1
    ],
    [
      1,
      0,
      0,
      1,
      0
    ],
    [
      0,
      1,
      1,
      1,
      1
    ],
    [
      0,
      1,
      1,
      1,
      1
    ],
    [
      1,
      1,
      1,
      1,
      1
    ],
    [
      0,
      1,
      1,
      1,
      1
    ],
    [
      0,
      0,
      0,
      0,
      0
    ],
    [
      0,
      0,
      0,
      0,
      0
    ],
    [
      0,
      1,
      1,
      1,
      0
    ],
    [
      1,
      1,
      1,
      1,
      1
    ],
    [
      1,
      1,
      1,
      1,
      0
    ],
    [
      0,
      1,
      0,
      1,
      0
    ],
    [
      1,
      1,
      0,
      0,
      1
    ],
    [
      0,
      1,
      1,
      0,
      0
    ],
    [
      0,
      1,
      1,
      1,
      1
    ],
    [
      1,
      1,
      1,
      1,
      1
    ],
    [
      0,
      1,
      0,
      1,
      0
    ],
    [
      0,
      1,
      1,
      1,
      1
    ],
    [
      0,
      1,
      1,
      1,
      1
    ],
    [
      0,
      1,
      1,
      1,
      1
    ],
    [
      1,
      1,
      1,
      1,
      1
    ],
    [
      0,
      1,
      1,
      1,
      0
    ],
    [
      0,
      1,
      1,
      1,
      1
    ]
  ],
  "assortments": [
    [
      0,
      0,
      0,
      0,
      0
    ],
    [
      0,
      0,
      0,
      0,
      1
    ],
    [
      0,
      0,
      0,
      1,
      0
    ],
    [
      0,
      0,
      0,
      1,
      1
    ],
    [
      0,
      0,
      1,
      0,
      0
    ],
    [
      0,
      0,
      1,
      0,
      1
    ],
    [
      0,
      0,
      1,
      1,
      0
    ],
    [
      0,
      0,
      1,
      1,
      1
    ],
    [
      0,
      1,
      0,
      0,
      0
    ],
    [
      0,
      1,
      0,
      0,
      1
    ],
    [
      0,
      1,
      0,
      1,
      0
    ],
    [
      0,
      1,
      0,
      1,
      1
    ],
    [
      0,
      1,
      1,
      0,
      0
    ],
    [
      0,
      1,
      1,
      0,
      1
    ],
    [
      0,
      1,
      1,
      1,
      0
    ],
    [
      0,
      1,
      1,
      1,
      1
    ],
    [
      1,
      0,
      0,
      0,
      0
    ],
    [
      1,
      0,
      0,
      0,
      1
    ],
    [
      1,
      0,
      0,
      1,
      0
    ],
    [
      1,
      0,
      0,
      1,
      1
    ],
    [
      1,
      0,
      1,
      0,
      0
    ],
    [
      1,
      0,
      1,
      0,
      1
    ],
    [
      1,
      0,
      1,
      1,
      0
    ],
    [
      1,
      0,
      1,
      1,
      1
    ],
    [
      1,
      1,
      0,
      0,
      0
    ],
    [
      1,
      1,
      0,
      0,
      1
    ],
    [
      1,
      1,
      0,
      1,
      0
    ],
    [
      1,
      1,
      0,
      1,
      1
    ],
    [
      1,
      1,
      1,
      0,
      0
    ],
    [
      1,
      1,
      1,
      0,
      1
    ],
    [
      1,
      1,
      1,
      1,
      0
    ],
    [
      1,
      1,
      1,
      1,
      1
    ]
  ]
}