{
  "solver_status": 2,
  "feasible": true,
  "mb_formulation_version": 5,
  "runtime": 79.18678689002991,
  "wall_time": 79.18857192993164,
  "mip_gap": 0.00959842743456961,
  "objective": 1.6304351478067736,
  "bundle_space_size": 32,
  "policy_scope": "full_bundle_prices",
  "bundle_prices": {
    "0": 0.0,
    "9": 14.0802871774918,
    "10": 11.514272414194968,
    "11": 21.45331610181932,
    "15": 26.96026343198372,
    "16": 1.5547462862627288,
    "20": 7.004469057551039,
    "22": 14.823008728988237,
    "23": 24.89880527674927,
    "24": 4.698078355299258,
    "25": 14.902366682313598,
    "26": 13.069018700457697,
    "27": 22.560194195832295,
    "29": 20.08687136480868,
    "30": 18.285423925245126,
    "31": 27.780963657524353
  },
  "bundle_prices_full": {
    "0": 0.0,
    "1": 29.100067164274943,
    "2": 29.100067164274943,
    "3": 23.428665915466862,
    "4": 21.8707210061039,
    "5": 29.100067164274947,
    "6": 29.100067164274943,
    "7": 23.952684506048822,
    "8": 19.682057213862596,
    "9": 14.0802871774918,
    "10": 11.514272414194968,
    "11": 21.45331610181932,
    "12": 25.19418663296767,
    "13": 25.19418663296768,
    "14": 17.3332149291871,
    "15": 26.96026343198372,
    "16": 1.5547462862627288,
    "17": 13.049544831079315,
    "18": 10.929069442589498,
    "19": 20.07062566602545,
    "20": 7.004469057551039,
    "21": 17.542417577367548,
    "22": 14.823008728988237,
    "23": 24.89880527674927,
    "24": 4.698078355299258,
    "25": 14.902366682313598,
    "26": 13.069018700457697,
    "27": 22.560194195832295,
    "28": 10.596280756730419,
    "29": 20.08687136480868,
    "30": 18.285423925245126,
    "31": 27.780963657524353
  },
  "bundle_prices_selected": {
    "0": 0.0,
    "9": 14.0802871774918,
    "10": 11.514272414194968,
    "11": 21.45331610181932,
    "15": 26.96026343198372,
    "16": 1.5547462862627288,
    "20": 7.004469057551039,
    "22": 14.823008728988237,
    "23": 24.89880527674927,
    "24": 4.698078355299258,
    "25": 14.902366682313598,
    "26": 13.069018700457697,
    "27": 22.560194195832295,
    "29": 20.08687136480868,
    "30": 18.285423925245126,
    "31": 27.780963657524353
  },
  "chosen_bundle_idx_by_customer": [
    27,
    0,
    31,
    0,
    15,
    15,
    15,
    0,
    29,
    31,
    31,
    26,
    11,
    23,
    20,
    31,
    29,
    23,
    23,
    0,
    29,
    23,
    10,
    23,
    11,
    15,
    15,
    30,
    0,
    16,
    22,
    0,
    11,
    0,
    29,
    15,
    0,
    11,
    23,
    9,
    0,
    27,
    9,
    31,
    25,
    24,
    15,
    29,
    30,
    29
  ],
  "chosen_product_matrix": [
    [
      1,
      1,
      0,
      1,
      1
    ],
    [
      0,
      0,
      0,
      0,
      0
    ],
    [
      1,
      1,
      1,
      1,
      1
    ],
    [
      0,
      0,
      0,
      0,
      0
    ],
    [
      0,
      1,
      1,
      1,
      1
    ],
    [
      0,
      1,
      1,
      1,
      1
    ],
    [
      0,
      1,
      1,
      1,
      1
    ],
    [
      0,
      0,
      0,
      0,
      0
    ],
    [
      1,
      1,
      1,
      0,
      1
    ],
    [
      1,
      1,
      1,
      1,
      1
    ],
    [
      1,
      1,
      1,
      1,
      1
    ],
    [
      1,
      1,
      0,
      1,
      0
    ],
    [
      0,
      1,
      0,
      1,
      1
    ],
    [
      1,
      0,
      1,
      1,
      1
    ],
    [
      1,
      0,
      1,
      0,
      0
    ],
    [
      1,
      1,
      1,
      1,
      1
    ],
    [
      1,
      1,
      1,
      0,
      1
    ],
    [
      1,
      0,
      1,
      1,
      1
    ],
    [
      1,
      0,
      1,
      1,
      1
    ],
    [
      0,
      0,
      0,
      0,
      0
    ],
    [
      1,
      1,
      1,
      0,
      1
    ],
    [
      1,
      0,
      1,
      1,
      1
    ],
    [
      0,
      1,
      0,
      1,
      0
    ],
    [
      1,
      0,
      1,
      1,
      1
    ],
    [
      0,
      1,
      0,
      1,
      1
    ],
    [
      0,
      1,
      1,
      1,
      1
    ],
    [
      0,
      1,
      1,
      1,
      1
    ],
    [
      1,
      1,
      1,
      1,
      0
    ],
    [
      0,
      0,
      0,
      0,
      0
    ],
    [
      1,
      0,
      0,
      0,
      0
    ],
    [
      1,
      0,
      1,
      1,
      0
    ],
    [
      0,
      0,
      0,
      0,
      0
    ],
    [
      0,
      1,
      0,
      1,
      1
    ],
    [
      0,
      0,
      0,
      0,
      0
    ],
    [
      1,
      1,
      1,
      0,
      1
    ],
    [
      0,
      1,
      1,
      1,
      1
    ],
    [
      0,
      0,
      0,
      0,
      0
    ],
    [
      0,
      1,
      0,
      1,
      1
    ],
    [
      1,
      0,
      1,
      1,
      1
    ],
    [
      0,
      1,
      0,
      0,
      1
    ],
    [
      0,
      0,
      0,
      0,
      0
    ],
    [
      1,
      1,
      0,
      1,
      1
    ],
    [
      0,
      1,
      0,
      0,
      1
    ],
    [
      1,
      1,
      1,
      1,
      1
    ],
    [
      1,
      1,
      0,
      0,
      1
    ],
    [
      1,
      1,
      0,
      0,
      0
    ],
    [
      0,
      1,
      1,
      1,
      1
    ],
    [
      1,
      1,
      1,
      0,
      1
    ],
    [
      1,
      1,
      1,
      1,
      0
    ],
    [
      1,
      1,
      1,
      0,
      1
    ]
  ],
  "assortments": [
    [
      0,
      0,
      0,
      0,
      0
    ],
    [
      0,
      0,
      0,
      0,
      1
    ],
    [
      0,
      0,
      0,
      1,
      0
    ],
    [
      0,
      0,
      0,
      1,
      1
    ],
    [
      0,
      0,
      1,
      0,
      0
    ],
    [
      0,
      0,
      1,
      0,
      1
    ],
    [
      0,
      0,
      1,
      1,
      0
    ],
    [
      0,
      0,
      1,
      1,
      1
    ],
    [
      0,
      1,
      0,
      0,
      0
    ],
    [
      0,
      1,
      0,
      0,
      1
    ],
    [
      0,
      1,
      0,
      1,
      0
    ],
    [
      0,
      1,
      0,
      1,
      1
    ],
    [
      0,
      1,
      1,
      0,
      0
    ],
    [
      0,
      1,
      1,
      0,
      1
    ],
    [
      0,
      1,
      1,
      1,
      0
    ],
    [
      0,
      1,
      1,
      1,
      1
    ],
    [
      1,
      0,
      0,
      0,
      0
    ],
    [
      1,
      0,
      0,
      0,
      1
    ],
    [
      1,
      0,
      0,
      1,
      0
    ],
    [
      1,
      0,
      0,
      1,
      1
    ],
    [
      1,
      0,
      1,
      0,
      0
    ],
    [
      1,
      0,
      1,
      0,
      1
    ],
    [
      1,
      0,
      1,
      1,
      0
    ],
    [
      1,
      0,
      1,
      1,
      1
    ],
    [
      1,
      1,
      0,
      0,
      0
    ],
    [
      1,
      1,
      0,
      0,
      1
    ],
    [
      1,
      1,
      0,
      1,
      0
    ],
    [
      1,
      1,
      0,
      1,
      1
    ],
    [
      1,
      1,
      1,
      0,
      0
    ],
    [
      1,
      1,
      1,
      0,
      1
    ],
    [
      1,
      1,
      1,
      1,
      0
    ],
    [
      1,
      1,
      1,
      1,
      1
    ]
  ]
}