{
  "solver_status": 2,
  "feasible": true,
  "mb_formulation_version": 5,
  "runtime": 120.36944508552551,
  "wall_time": 120.37122201919556,
  "mip_gap": 0.009938483177891344,
  "objective": 1.701023312300145,
  "bundle_space_size": 32,
  "policy_scope": "full_bundle_prices",
  "bundle_prices": {
    "0": 0.0,
    "4": 6.031823026872424,
    "5": 16.39372920569859,
    "6": 13.96902374436393,
    "7": 23.93342280509254,
    "10": 11.58838094257149,
    "11": 22.033096593155978,
    "12": 9.301591826130883,
    "14": 17.178192581333988,
    "15": 27.07647208473057,
    "19": 20.1330510037391,
    "21": 17.103711417932786,
    "23": 25.00407455555084,
    "27": 22.951419807636146,
    "29": 20.556367699129247,
    "30": 18.485001950053547,
    "31": 28.125077323484874
  },
  "bundle_prices_full": {
    "0": 0.0,
    "1": 29.497919992975753,
    "2": 29.497919992975763,
    "3": 29.497919992975753,
    "4": 6.031823026872424,
    "5": 16.39372920569859,
    "6": 13.96902374436393,
    "7": 23.93342280509254,
    "8": 28.681061398363106,
    "9": 28.681061398363095,
    "10": 11.58838094257149,
    "11": 22.033096593155978,
    "12": 9.301591826130883,
    "13": 19.534208322825037,
    "14": 17.178192581333988,
    "15": 27.07647208473057,
    "16": 22.483520332624924,
    "17": 28.681061398363095,
    "18": 28.681061398363106,
    "19": 20.1330510037391,
    "20": 26.143559599131773,
    "21": 17.103711417932786,
    "22": 24.14710684618353,
    "23": 25.00407455555084,
    "24": 15.692746452339605,
    "25": 25.326701004519105,
    "26": 14.710516028538004,
    "27": 22.951419807636146,
    "28": 20.79274645233954,
    "29": 20.556367699129247,
    "30": 18.485001950053547,
    "31": 28.125077323484874
  },
  "bundle_prices_selected": {
    "0": 0.0,
    "4": 6.031823026872424,
    "5": 16.39372920569859,
    "6": 13.96902374436393,
    "7": 23.93342280509254,
    "10": 11.58838094257149,
    "11": 22.033096593155978,
    "12": 9.301591826130883,
    "14": 17.178192581333988,
    "15": 27.07647208473057,
    "19": 20.1330510037391,
    "21": 17.103711417932786,
    "23": 25.00407455555084,
    "27": 22.951419807636146,
    "29": 20.556367699129247,
    "30": 18.485001950053547,
    "31": 28.125077323484874
  },
  "chosen_bundle_idx_by_customer": [
    29,
    21,
    31,
    30,
    7,
    19,
    23,
    10,
    0,
    21,
    31,
    29,
    0,
    7,
    0,
    27,
    31,
    4,
    12,
    23,
    15,
    4,
    7,
    27,
    7,
    31,
    21,
    0,
    0,
    29,
    31,
    14,
    15,
    15,
    0,
    6,
    31,
    11,
    14,
    4,
    12,
    15,
    0,
    0,
    7,
    23,
    0,
    31,
    5,
    0
  ],
  "chosen_product_matrix": [
    [
      1,
      1,
      1,
      0,
      1
    ],
    [
      1,
      0,
      1,
      0,
      1
    ],
    [
      1,
      1,
      1,
      1,
      1
    ],
    [
      1,
      1,
      1,
      1,
      0
    ],
    [
      0,
      0,
      1,
      1,
      1
    ],
    [
      1,
      0,
      0,
      1,
      1
    ],
    [
      1,
      0,
      1,
      1,
      1
    ],
    [
      0,
      1,
      0,
      1,
      0
    ],
    [
      0,
      0,
      0,
      0,
      0
    ],
    [
      1,
      0,
      1,
      0,
      1
    ],
    [
      1,
      1,
      1,
      1,
      1
    ],
    [
      1,
      1,
      1,
      0,
      1
    ],
    [
      0,
      0,
      0,
      0,
      0
    ],
    [
      0,
      0,
      1,
      1,
      1
    ],
    [
      0,
      0,
      0,
      0,
      0
    ],
    [
      1,
      1,
      0,
      1,
      1
    ],
    [
      1,
      1,
      1,
      1,
      1
    ],
    [
      0,
      0,
      1,
      0,
      0
    ],
    [
      0,
      1,
      1,
      0,
      0
    ],
    [
      1,
      0,
      1,
      1,
      1
    ],
    [
      0,
      1,
      1,
      1,
      1
    ],
    [
      0,
      0,
      1,
      0,
      0
    ],
    [
      0,
      0,
      1,
      1,
      1
    ],
    [
      1,
      1,
      0,
      1,
      1
    ],
    [
      0,
      0,
      1,
      1,
      1
    ],
    [
      1,
      1,
      1,
      1,
      1
    ],
    [
      1,
      0,
      1,
      0,
      1
    ],
    [
      0,
      0,
      0,
      0,
      0
    ],
    [
      0,
      0,
      0,
      0,
      0
    ],
    [
      1,
      1,
      1,
      0,
      1
    ],
    [
      1,
      1,
      1,
      1,
      1
    ],
    [
      0,
      1,
      1,
      1,
      0
    ],
    [
      0,
      1,
      1,
      1,
      1
    ],
    [
      0,
      1,
      1,
      1,
      1
    ],
    [
      0,
      0,
      0,
      0,
      0
    ],
    [
      0,
      0,
      1,
      1,
      0
    ],
    [
      1,
      1,
      1,
      1,
      1
    ],
    [
      0,
      1,
      0,
      1,
      1
    ],
    [
      0,
      1,
      1,
      1,
      0
    ],
    [
      0,
      0,
      1,
      0,
      0
    ],
    [
      0,
      1,
      1,
      0,
      0
    ],
    [
      0,
      1,
      1,
      1,
      1
    ],
    [
      0,
      0,
      0,
      0,
      0
    ],
    [
      0,
      0,
      0,
      0,
      0
    ],
    [
      0,
      0,
      1,
      1,
      1
    ],
    [
      1,
      0,
      1,
      1,
      1
    ],
    [
      0,
      0,
      0,
      0,
      0
    ],
    [
      1,
      1,
      1,
      1,
      1
    ],
    [
      0,
      0,
      1,
      0,
      1
    ],
    [
      0,
      0,
      0,
      0,
      0
    ]
  ],
  "assortments": [
    [
      0,
      0,
      0,
      0,
      0
    ],
    [
      0,
      0,
      0,
      0,
      1
    ],
    [
      0,
      0,
      0,
      1,
      0
    ],
    [
      0,
      0,
      0,
      1,
      1
    ],
    [
      0,
      0,
      1,
      0,
      0
    ],
    [
      0,
      0,
      1,
      0,
      1
    ],
    [
      0,
      0,
      1,
      1,
      0
    ],
    [
      0,
      0,
      1,
      1,
      1
    ],
    [
      0,
      1,
      0,
      0,
      0
    ],
    [
      0,
      1,
      0,
      0,
      1
    ],
    [
      0,
      1,
      0,
      1,
      0
    ],
    [
      0,
      1,
      0,
      1,
      1
    ],
    [
      0,
      1,
      1,
      0,
      0
    ],
    [
      0,
      1,
      1,
      0,
      1
    ],
    [
      0,
      1,
      1,
      1,
      0
    ],
    [
      0,
      1,
      1,
      1,
      1
    ],
    [
      1,
      0,
      0,
      0,
      0
    ],
    [
      1,
      0,
      0,
      0,
      1
    ],
    [
      1,
      0,
      0,
      1,
      0
    ],
    [
      1,
      0,
      0,
      1,
      1
    ],
    [
      1,
      0,
      1,
      0,
      0
    ],
    [
      1,
      0,
      1,
      0,
      1
    ],
    [
      1,
      0,
      1,
      1,
      0
    ],
    [
      1,
      0,
      1,
      1,
      1
    ],
    [
      1,
      1,
      0,
      0,
      0
    ],
    [
      1,
      1,
      0,
      0,
      1
    ],
    [
      1,
      1,
      0,
      1,
      0
    ],
    [
      1,
      1,
      0,
      1,
      1
    ],
    [
      1,
      1,
      1,
      0,
      0
    ],
    [
      1,
      1,
      1,
      0,
      1
    ],
    [
      1,
      1,
      1,
      1,
      0
    ],
    [
      1,
      1,
      1,
      1,
      1
    ]
  ]
}