{
  "solver_status": 2,
  "feasible": true,
  "mb_formulation_version": 5,
  "runtime": 92.48344492912292,
  "wall_time": 92.48524284362793,
  "mip_gap": 0.00955209387583918,
  "objective": 1.6893652465883273,
  "bundle_space_size": 32,
  "policy_scope": "full_bundle_prices",
  "bundle_prices": {
    "0": 0.0,
    "3": 18.247490572546774,
    "4": 5.818867957335846,
    "5": 16.100004727379822,
    "7": 23.90317472698651,
    "11": 21.76866206640878,
    "12": 9.484891427170975,
    "13": 19.554778303499507,
    "15": 27.160086826496517,
    "18": 9.346557919865703,
    "19": 19.333995380784696,
    "23": 25.122466660072046,
    "25": 15.407169030759308,
    "27": 23.294460863421648,
    "28": 10.715531488935628,
    "29": 21.03008916847844,
    "30": 18.47598469664933,
    "31": 28.014787862103724
  },
  "bundle_prices_full": {
    "0": 0.0,
    "1": 10.696291600964301,
    "2": 13.890680745869936,
    "3": 18.247490572546774,
    "4": 5.818867957335846,
    "5": 16.100004727379822,
    "6": 13.716502815768623,
    "7": 23.90317472698651,
    "8": 4.377970178532193,
    "9": 14.354774054474635,
    "10": 12.188544351089954,
    "11": 21.76866206640878,
    "12": 9.484891427170975,
    "13": 19.554778303499507,
    "14": 17.241667282037508,
    "15": 27.160086826496517,
    "16": 2.4040334249818525,
    "17": 12.264790104659756,
    "18": 9.346557919865703,
    "19": 19.333995380784696,
    "20": 7.389405581492335,
    "21": 17.986553447388385,
    "22": 15.121298666123133,
    "23": 25.122466660072046,
    "24": 5.302125200373336,
    "25": 15.407169030759308,
    "26": 13.724528098397895,
    "27": 23.294460863421648,
    "28": 10.715531488935628,
    "29": 21.03008916847844,
    "30": 18.47598469664933,
    "31": 28.014787862103724
  },
  "bundle_prices_selected": {
    "0": 0.0,
    "3": 18.247490572546774,
    "4": 5.818867957335846,
    "5": 16.100004727379822,
    "7": 23.90317472698651,
    "11": 21.76866206640878,
    "12": 9.484891427170975,
    "13": 19.554778303499507,
    "15": 27.160086826496517,
    "18": 9.346557919865703,
    "19": 19.333995380784696,
    "23": 25.122466660072046,
    "25": 15.407169030759308,
    "27": 23.294460863421648,
    "28": 10.715531488935628,
    "29": 21.03008916847844,
    "30": 18.47598469664933,
    "31": 28.014787862103724
  },
  "chosen_bundle_idx_by_customer": [
    13,
    31,
    19,
    0,
    3,
    3,
    15,
    5,
    4,
    31,
    7,
    0,
    13,
    28,
    0,
    19,
    11,
    31,
    31,
    0,
    0,
    0,
    11,
    18,
    29,
    0,
    12,
    15,
    27,
    31,
    15,
    23,
    15,
    4,
    18,
    5,
    30,
    28,
    30,
    31,
    0,
    0,
    11,
    15,
    31,
    25,
    31,
    15,
    13,
    0
  ],
  "chosen_product_matrix": [
    [
      0,
      1,
      1,
      0,
      1
    ],
    [
      1,
      1,
      1,
      1,
      1
    ],
    [
      1,
      0,
      0,
      1,
      1
    ],
    [
      0,
      0,
      0,
      0,
      0
    ],
    [
      0,
      0,
      0,
      1,
      1
    ],
    [
      0,
      0,
      0,
      1,
      1
    ],
    [
      0,
      1,
      1,
      1,
      1
    ],
    [
      0,
      0,
      1,
      0,
      1
    ],
    [
      0,
      0,
      1,
      0,
      0
    ],
    [
      1,
      1,
      1,
      1,
      1
    ],
    [
      0,
      0,
      1,
      1,
      1
    ],
    [
      0,
      0,
      0,
      0,
      0
    ],
    [
      0,
      1,
      1,
      0,
      1
    ],
    [
      1,
      1,
      1,
      0,
      0
    ],
    [
      0,
      0,
      0,
      0,
      0
    ],
    [
      1,
      0,
      0,
      1,
      1
    ],
    [
      0,
      1,
      0,
      1,
      1
    ],
    [
      1,
      1,
      1,
      1,
      1
    ],
    [
      1,
      1,
      1,
      1,
      1
    ],
    [
      0,
      0,
      0,
      0,
      0
    ],
    [
      0,
      0,
      0,
      0,
      0
    ],
    [
      0,
      0,
      0,
      0,
      0
    ],
    [
      0,
      1,
      0,
      1,
      1
    ],
    [
      1,
      0,
      0,
      1,
      0
    ],
    [
      1,
      1,
      1,
      0,
      1
    ],
    [
      0,
      0,
      0,
      0,
      0
    ],
    [
      0,
      1,
      1,
      0,
      0
    ],
    [
      0,
      1,
      1,
      1,
      1
    ],
    [
      1,
      1,
      0,
      1,
      1
    ],
    [
      1,
      1,
      1,
      1,
      1
    ],
    [
      0,
      1,
      1,
      1,
      1
    ],
    [
      1,
      0,
      1,
      1,
      1
    ],
    [
      0,
      1,
      1,
      1,
      1
    ],
    [
      0,
      0,
      1,
      0,
      0
    ],
    [
      1,
      0,
      0,
      1,
      0
    ],
    [
      0,
      0,
      1,
      0,
      1
    ],
    [
      1,
      1,
      1,
      1,
      0
    ],
    [
      1,
      1,
      1,
      0,
      0
    ],
    [
      1,
      1,
      1,
      1,
      0
    ],
    [
      1,
      1,
      1,
      1,
      1
    ],
    [
      0,
      0,
      0,
      0,
      0
    ],
    [
      0,
      0,
      0,
      0,
      0
    ],
    [
      0,
      1,
      0,
      1,
      1
    ],
    [
      0,
      1,
      1,
      1,
      1
    ],
    [
      1,
      1,
      1,
      1,
      1
    ],
    [
      1,
      1,
      0,
      0,
      1
    ],
    [
      1,
      1,
      1,
      1,
      1
    ],
    [
      0,
      1,
      1,
      1,
      1
    ],
    [
      0,
      1,
      1,
      0,
      1
    ],
    [
      0,
      0,
      0,
      0,
      0
    ]
  ],
  "assortments": [
    [
      0,
      0,
      0,
      0,
      0
    ],
    [
      0,
      0,
      0,
      0,
      1
    ],
    [
      0,
      0,
      0,
      1,
      0
    ],
    [
      0,
      0,
      0,
      1,
      1
    ],
    [
      0,
      0,
      1,
      0,
      0
    ],
    [
      0,
      0,
      1,
      0,
      1
    ],
    [
      0,
      0,
      1,
      1,
      0
    ],
    [
      0,
      0,
      1,
      1,
      1
    ],
    [
      0,
      1,
      0,
      0,
      0
    ],
    [
      0,
      1,
      0,
      0,
      1
    ],
    [
      0,
      1,
      0,
      1,
      0
    ],
    [
      0,
      1,
      0,
      1,
      1
    ],
    [
      0,
      1,
      1,
      0,
      0
    ],
    [
      0,
      1,
      1,
      0,
      1
    ],
    [
      0,
      1,
      1,
      1,
      0
    ],
    [
      0,
      1,
      1,
      1,
      1
    ],
    [
      1,
      0,
      0,
      0,
      0
    ],
    [
      1,
      0,
      0,
      0,
      1
    ],
    [
      1,
      0,
      0,
      1,
      0
    ],
    [
      1,
      0,
      0,
      1,
      1
    ],
    [
      1,
      0,
      1,
      0,
      0
    ],
    [
      1,
      0,
      1,
      0,
      1
    ],
    [
      1,
      0,
      1,
      1,
      0
    ],
    [
      1,
      0,
      1,
      1,
      1
    ],
    [
      1,
      1,
      0,
      0,
      0
    ],
    [
      1,
      1,
      0,
      0,
      1
    ],
    [
      1,
      1,
      0,
      1,
      0
    ],
    [
      1,
      1,
      0,
      1,
      1
    ],
    [
      1,
      1,
      1,
      0,
      0
    ],
    [
      1,
      1,
      1,
      0,
      1
    ],
    [
      1,
      1,
      1,
      1,
      0
    ],
    [
      1,
      1,
      1,
      1,
      1
    ]
  ]
}