{
  "solver_status": 2,
  "feasible": true,
  "mb_formulation_version": 5,
  "runtime": 58.16436505317688,
  "wall_time": 58.16615009307861,
  "mip_gap": 0.009297383916017617,
  "objective": 1.8279381900118228,
  "bundle_space_size": 32,
  "policy_scope": "full_bundle_prices",
  "bundle_prices": {
    "0": 0.0,
    "2": 8.39097490280772,
    "3": 19.10326432506171,
    "5": 16.192191516287814,
    "7": 24.28493389948614,
    "11": 21.922488048609804,
    "14": 17.35690107374576,
    "15": 27.20375765788395,
    "20": 7.41562915531364,
    "21": 17.182369718992895,
    "23": 25.266048992912324,
    "25": 15.42759337215222,
    "27": 22.491886452185305,
    "29": 20.48434370279149,
    "30": 18.551917234982376,
    "31": 28.03920379488715
  },
  "bundle_prices_full": {
    "0": 0.0,
    "1": 29.794285756033766,
    "2": 8.39097490280772,
    "3": 19.10326432506171,
    "4": 23.033477823218995,
    "5": 16.192191516287814,
    "6": 29.79428575603376,
    "7": 24.28493389948614,
    "8": 27.27728573882963,
    "9": 27.277285738829626,
    "10": 18.987366641603664,
    "11": 21.922488048609804,
    "12": 24.663483167619997,
    "13": 24.663483167619994,
    "14": 17.35690107374576,
    "15": 27.20375765788395,
    "16": 1.4073128546000202,
    "17": 22.842518046951472,
    "18": 9.79828775740774,
    "19": 20.51057717966173,
    "20": 7.41562915531364,
    "21": 17.182369718992895,
    "22": 15.759109374826053,
    "23": 25.266048992912324,
    "24": 11.998339757016826,
    "25": 15.42759337215222,
    "26": 12.903089415284276,
    "27": 22.491886452185305,
    "28": 17.107994336436754,
    "29": 20.48434370279149,
    "30": 18.551917234982376,
    "31": 28.03920379488715
  },
  "bundle_prices_selected": {
    "0": 0.0,
    "2": 8.39097490280772,
    "3": 19.10326432506171,
    "5": 16.192191516287814,
    "7": 24.28493389948614,
    "11": 21.922488048609804,
    "14": 17.35690107374576,
    "15": 27.20375765788395,
    "20": 7.41562915531364,
    "21": 17.182369718992895,
    "23": 25.266048992912324,
    "25": 15.42759337215222,
    "27": 22.491886452185305,
    "29": 20.48434370279149,
    "30": 18.551917234982376,
    "31": 28.03920379488715
  },
  "chosen_bundle_idx_by_customer": [
    21,
    27,
    0,
    0,
    31,
    31,
    5,
    0,
    3,
    11,
    15,
    29,
    0,
    31,
    14,
    11,
    0,
    31,
    31,
    2,
    0,
    5,
    29,
    15,
    29,
    30,
    27,
    23,
    27,
    11,
    20,
    27,
    27,
    30,
    31,
    27,
    0,
    15,
    27,
    31,
    27,
    21,
    27,
    0,
    31,
    29,
    25,
    0,
    27,
    7
  ],
  "chosen_product_matrix": [
    [
      1,
      0,
      1,
      0,
      1
    ],
    [
      1,
      1,
      0,
      1,
      1
    ],
    [
      0,
      0,
      0,
      0,
      0
    ],
    [
      0,
      0,
      0,
      0,
      0
    ],
    [
      1,
      1,
      1,
      1,
      1
    ],
    [
      1,
      1,
      1,
      1,
      1
    ],
    [
      0,
      0,
      1,
      0,
      1
    ],
    [
      0,
      0,
      0,
      0,
      0
    ],
    [
      0,
      0,
      0,
      1,
      1
    ],
    [
      0,
      1,
      0,
      1,
      1
    ],
    [
      0,
      1,
      1,
      1,
      1
    ],
    [
      1,
      1,
      1,
      0,
      1
    ],
    [
      0,
      0,
      0,
      0,
      0
    ],
    [
      1,
      1,
      1,
      1,
      1
    ],
    [
      0,
      1,
      1,
      1,
      0
    ],
    [
      0,
      1,
      0,
      1,
      1
    ],
    [
      0,
      0,
      0,
      0,
      0
    ],
    [
      1,
      1,
      1,
      1,
      1
    ],
    [
      1,
      1,
      1,
      1,
      1
    ],
    [
      0,
      0,
      0,
      1,
      0
    ],
    [
      0,
      0,
      0,
      0,
      0
    ],
    [
      0,
      0,
      1,
      0,
      1
    ],
    [
      1,
      1,
      1,
      0,
      1
    ],
    [
      0,
      1,
      1,
      1,
      1
    ],
    [
      1,
      1,
      1,
      0,
      1
    ],
    [
      1,
      1,
      1,
      1,
      0
    ],
    [
      1,
      1,
      0,
      1,
      1
    ],
    [
      1,
      0,
      1,
      1,
      1
    ],
    [
      1,
      1,
      0,
      1,
      1
    ],
    [
      0,
      1,
      0,
      1,
      1
    ],
    [
      1,
      0,
      1,
      0,
      0
    ],
    [
      1,
      1,
      0,
      1,
      1
    ],
    [
      1,
      1,
      0,
      1,
      1
    ],
    [
      1,
      1,
      1,
      1,
      0
    ],
    [
      1,
      1,
      1,
      1,
      1
    ],
    [
      1,
      1,
      0,
      1,
      1
    ],
    [
      0,
      0,
      0,
      0,
      0
    ],
    [
      0,
      1,
      1,
      1,
      1
    ],
    [
      1,
      1,
      0,
      1,
      1
    ],
    [
      1,
      1,
      1,
      1,
      1
    ],
    [
      1,
      1,
      0,
      1,
      1
    ],
    [
      1,
      0,
      1,
      0,
      1
    ],
    [
      1,
      1,
      0,
      1,
      1
    ],
    [
      0,
      0,
      0,
      0,
      0
    ],
    [
      1,
      1,
      1,
      1,
      1
    ],
    [
      1,
      1,
      1,
      0,
      1
    ],
    [
      1,
      1,
      0,
      0,
      1
    ],
    [
      0,
      0,
      0,
      0,
      0
    ],
    [
      1,
      1,
      0,
      1,
      1
    ],
    [
      0,
      0,
      1,
      1,
      1
    ]
  ],
  "assortments": [
    [
      0,
      0,
      0,
      0,
      0
    ],
    [
      0,
      0,
      0,
      0,
      1
    ],
    [
      0,
      0,
      0,
      1,
      0
    ],
    [
      0,
      0,
      0,
      1,
      1
    ],
    [
      0,
      0,
      1,
      0,
      0
    ],
    [
      0,
      0,
      1,
      0,
      1
    ],
    [
      0,
      0,
      1,
      1,
      0
    ],
    [
      0,
      0,
      1,
      1,
      1
    ],
    [
      0,
      1,
      0,
      0,
      0
    ],
    [
      0,
      1,
      0,
      0,
      1
    ],
    [
      0,
      1,
      0,
      1,
      0
    ],
    [
      0,
      1,
      0,
      1,
      1
    ],
    [
      0,
      1,
      1,
      0,
      0
    ],
    [
      0,
      1,
      1,
      0,
      1
    ],
    [
      0,
      1,
      1,
      1,
      0
    ],
    [
      0,
      1,
      1,
      1,
      1
    ],
    [
      1,
      0,
      0,
      0,
      0
    ],
    [
      1,
      0,
      0,
      0,
      1
    ],
    [
      1,
      0,
      0,
      1,
      0
    ],
    [
      1,
      0,
      0,
      1,
      1
    ],
    [
      1,
      0,
      1,
      0,
      0
    ],
    [
      1,
      0,
      1,
      0,
      1
    ],
    [
      1,
      0,
      1,
      1,
      0
    ],
    [
      1,
      0,
      1,
      1,
      1
    ],
    [
      1,
      1,
      0,
      0,
      0
    ],
    [
      1,
      1,
      0,
      0,
      1
    ],
    [
      1,
      1,
      0,
      1,
      0
    ],
    [
      1,
      1,
      0,
      1,
      1
    ],
    [
      1,
      1,
      1,
      0,
      0
    ],
    [
      1,
      1,
      1,
      0,
      1
    ],
    [
      1,
      1,
      1,
      1,
      0
    ],
    [
      1,
      1,
      1,
      1,
      1
    ]
  ]
}