{
  "solver_status": 2,
  "feasible": true,
  "mb_formulation_version": 5,
  "runtime": 85.49729681015015,
  "wall_time": 85.49907684326172,
  "mip_gap": 0.00992853123126568,
  "objective": 1.4541076483703197,
  "bundle_space_size": 32,
  "policy_scope": "full_bundle_prices",
  "bundle_prices": {
    "0": 0.0,
    "3": 18.21182458010572,
    "4": 6.046339376109103,
    "5": 16.01986099806642,
    "6": 13.696131641859093,
    "7": 23.638948068245178,
    "9": 13.97514479981046,
    "11": 21.79229839418914,
    "12": 9.516253355209495,
    "14": 17.607233679281183,
    "15": 26.87427818526364,
    "18": 9.224430953014851,
    "19": 19.50897822037766,
    "21": 16.9047095980056,
    "23": 24.583756810998313,
    "25": 15.297612673436113,
    "27": 23.119007308295476,
    "29": 20.441228765780952,
    "30": 18.682179453962068,
    "31": 27.96694590529921
  },
  "bundle_prices_full": {
    "0": 0.0,
    "1": 23.64187039887367,
    "2": 29.91101686248594,
    "3": 18.21182458010572,
    "4": 6.046339376109103,
    "5": 16.01986099806642,
    "6": 13.696131641859093,
    "7": 23.638948068245178,
    "8": 20.466706885015906,
    "9": 13.97514479981046,
    "10": 12.714569069449627,
    "11": 21.79229839418914,
    "12": 9.516253355209495,
    "13": 19.540642750698865,
    "14": 17.607233679281183,
    "15": 26.87427818526364,
    "16": 25.547154738439758,
    "17": 11.894409135226708,
    "18": 9.224430953014851,
    "19": 19.50897822037766,
    "20": 22.61595997479877,
    "21": 16.9047095980056,
    "22": 15.270770329123954,
    "23": 24.583756810998313,
    "24": 5.597977037581081,
    "25": 15.297612673436113,
    "26": 13.419371672440441,
    "27": 23.119007308295476,
    "28": 10.664745614486742,
    "29": 20.441228765780952,
    "30": 18.682179453962068,
    "31": 27.96694590529921
  },
  "bundle_prices_selected": {
    "0": 0.0,
    "3": 18.21182458010572,
    "4": 6.046339376109103,
    "5": 16.01986099806642,
    "6": 13.696131641859093,
    "7": 23.638948068245178,
    "9": 13.97514479981046,
    "11": 21.79229839418914,
    "12": 9.516253355209495,
    "14": 17.607233679281183,
    "15": 26.87427818526364,
    "18": 9.224430953014851,
    "19": 19.50897822037766,
    "21": 16.9047095980056,
    "23": 24.583756810998313,
    "25": 15.297612673436113,
    "27": 23.119007308295476,
    "29": 20.441228765780952,
    "30": 18.682179453962068,
    "31": 27.96694590529921
  },
  "chosen_bundle_idx_by_customer": [
    18,
    14,
    0,
    23,
    0,
    31,
    4,
    9,
    21,
    21,
    23,
    12,
    23,
    0,
    18,
    0,
    11,
    0,
    30,
    29,
    12,
    31,
    11,
    0,
    0,
    9,
    6,
    31,
    21,
    0,
    7,
    19,
    6,
    0,
    15,
    29,
    7,
    30,
    5,
    21,
    0,
    0,
    0,
    23,
    15,
    25,
    27,
    23,
    3,
    15
  ],
  "chosen_product_matrix": [
    [
      1,
      0,
      0,
      1,
      0
    ],
    [
      0,
      1,
      1,
      1,
      0
    ],
    [
      0,
      0,
      0,
      0,
      0
    ],
    [
      1,
      0,
      1,
      1,
      1
    ],
    [
      0,
      0,
      0,
      0,
      0
    ],
    [
      1,
      1,
      1,
      1,
      1
    ],
    [
      0,
      0,
      1,
      0,
      0
    ],
    [
      0,
      1,
      0,
      0,
      1
    ],
    [
      1,
      0,
      1,
      0,
      1
    ],
    [
      1,
      0,
      1,
      0,
      1
    ],
    [
      1,
      0,
      1,
      1,
      1
    ],
    [
      0,
      1,
      1,
      0,
      0
    ],
    [
      1,
      0,
      1,
      1,
      1
    ],
    [
      0,
      0,
      0,
      0,
      0
    ],
    [
      1,
      0,
      0,
      1,
      0
    ],
    [
      0,
      0,
      0,
      0,
      0
    ],
    [
      0,
      1,
      0,
      1,
      1
    ],
    [
      0,
      0,
      0,
      0,
      0
    ],
    [
      1,
      1,
      1,
      1,
      0
    ],
    [
      1,
      1,
      1,
      0,
      1
    ],
    [
      0,
      1,
      1,
      0,
      0
    ],
    [
      1,
      1,
      1,
      1,
      1
    ],
    [
      0,
      1,
      0,
      1,
      1
    ],
    [
      0,
      0,
      0,
      0,
      0
    ],
    [
      0,
      0,
      0,
      0,
      0
    ],
    [
      0,
      1,
      0,
      0,
      1
    ],
    [
      0,
      0,
      1,
      1,
      0
    ],
    [
      1,
      1,
      1,
      1,
      1
    ],
    [
      1,
      0,
      1,
      0,
      1
    ],
    [
      0,
      0,
      0,
      0,
      0
    ],
    [
      0,
      0,
      1,
      1,
      1
    ],
    [
      1,
      0,
      0,
      1,
      1
    ],
    [
      0,
      0,
      1,
      1,
      0
    ],
    [
      0,
      0,
      0,
      0,
      0
    ],
    [
      0,
      1,
      1,
      1,
      1
    ],
    [
      1,
      1,
      1,
      0,
      1
    ],
    [
      0,
      0,
      1,
      1,
      1
    ],
    [
      1,
      1,
      1,
      1,
      0
    ],
    [
      0,
      0,
      1,
      0,
      1
    ],
    [
      1,
      0,
      1,
      0,
      1
    ],
    [
      0,
      0,
      0,
      0,
      0
    ],
    [
      0,
      0,
      0,
      0,
      0
    ],
    [
      0,
      0,
      0,
      0,
      0
    ],
    [
      1,
      0,
      1,
      1,
      1
    ],
    [
      0,
      1,
      1,
      1,
      1
    ],
    [
      1,
      1,
      0,
      0,
      1
    ],
    [
      1,
      1,
      0,
      1,
      1
    ],
    [
      1,
      0,
      1,
      1,
      1
    ],
    [
      0,
      0,
      0,
      1,
      1
    ],
    [
      0,
      1,
      1,
      1,
      1
    ]
  ],
  "assortments": [
    [
      0,
      0,
      0,
      0,
      0
    ],
    [
      0,
      0,
      0,
      0,
      1
    ],
    [
      0,
      0,
      0,
      1,
      0
    ],
    [
      0,
      0,
      0,
      1,
      1
    ],
    [
      0,
      0,
      1,
      0,
      0
    ],
    [
      0,
      0,
      1,
      0,
      1
    ],
    [
      0,
      0,
      1,
      1,
      0
    ],
    [
      0,
      0,
      1,
      1,
      1
    ],
    [
      0,
      1,
      0,
      0,
      0
    ],
    [
      0,
      1,
      0,
      0,
      1
    ],
    [
      0,
      1,
      0,
      1,
      0
    ],
    [
      0,
      1,
      0,
      1,
      1
    ],
    [
      0,
      1,
      1,
      0,
      0
    ],
    [
      0,
      1,
      1,
      0,
      1
    ],
    [
      0,
      1,
      1,
      1,
      0
    ],
    [
      0,
      1,
      1,
      1,
      1
    ],
    [
      1,
      0,
      0,
      0,
      0
    ],
    [
      1,
      0,
      0,
      0,
      1
    ],
    [
      1,
      0,
      0,
      1,
      0
    ],
    [
      1,
      0,
      0,
      1,
      1
    ],
    [
      1,
      0,
      1,
      0,
      0
    ],
    [
      1,
      0,
      1,
      0,
      1
    ],
    [
      1,
      0,
      1,
      1,
      0
    ],
    [
      1,
      0,
      1,
      1,
      1
    ],
    [
      1,
      1,
      0,
      0,
      0
    ],
    [
      1,
      1,
      0,
      0,
      1
    ],
    [
      1,
      1,
      0,
      1,
      0
    ],
    [
      1,
      1,
      0,
      1,
      1
    ],
    [
      1,
      1,
      1,
      0,
      0
    ],
    [
      1,
      1,
      1,
      0,
      1
    ],
    [
      1,
      1,
      1,
      1,
      0
    ],
    [
      1,
      1,
      1,
      1,
      1
    ]
  ]
}